date,StockCode,description,units,revenue,avg_price,n_invoices,n_customers
2009-12-13,15036,ASSORTED COLOURS SILK FAN,103.0,79.3,1.1916666666666667,8.0,3.0
2009-12-20,15036,ASSORTED COLOURS SILK FAN,63.0,58.5,1.2257142857142858,9.0,2.0
2009-12-27,15036,ASSORTED COLOURS SILK FAN,103.0,71.5,1.2767857142857142,5.0,1.0
2010-01-03,15036,ASSORTED COLOURS SILK FAN,0.0,0.0,1.3,0.0,0.0
2010-01-10,15036,ASSORTED COLOURS SILK FAN,192.0,124.80000000000001,0.65,4.0,4.0
2010-01-17,15036,ASSORTED COLOURS SILK FAN,30.0,30.860000000000003,1.1909523809523812,9.0,1.0
2010-01-24,15036,ASSORTED COLOURS SILK FAN,118.0,83.0,0.965,10.0,5.0
2010-01-31,15036,ASSORTED COLOURS SILK FAN,59.0,45.28,0.875,7.0,4.0
2010-02-07,15036,ASSORTED COLOURS SILK FAN,36.0,20.520000000000003,0.5985714285714286,2.0,2.0
2010-02-14,15036,ASSORTED COLOURS SILK FAN,98.0,64.96000000000001,0.89,4.0,2.0
2010-02-21,15036,ASSORTED COLOURS SILK FAN,214.0,145.4,0.6799999999999999,6.0,5.0
2010-02-28,15036,ASSORTED COLOURS SILK FAN,103.0,67.47,0.7740476190476191,7.0,5.0
2010-03-07,15036,ASSORTED COLOURS SILK FAN,194.0,178.36,1.0402380952380954,7.0,3.0
2010-03-14,15036,ASSORTED COLOURS SILK FAN,104.0,88.6,1.1664285714285716,6.0,3.0
2010-03-21,15036,ASSORTED COLOURS SILK FAN,747.0,425.04,0.7076190476190476,9.0,7.0
2010-03-28,15036,ASSORTED COLOURS SILK FAN,117.0,87.61,0.7516666666666667,7.0,6.0
2010-04-04,15036,ASSORTED COLOURS SILK FAN,785.0,509.08,0.7669047619047619,9.0,7.0
2010-04-11,15036,ASSORTED COLOURS SILK FAN,232.0,161.72000000000003,0.8089285714285713,9.0,7.0
2010-04-18,15036,ASSORTED COLOURS SILK FAN,96.0,72.0,0.7357142857142858,4.0,4.0
2010-04-25,15036,ASSORTED COLOURS SILK FAN,195.0,154.2,0.8433809523809525,15.0,11.0
2010-05-02,15036,ASSORTED COLOURS SILK FAN,832.0,572.48,0.8840476190476192,11.0,9.0
2010-05-09,15036,ASSORTED COLOURS SILK FAN,468.0,348.96000000000004,0.8290476190476191,13.0,8.0
2010-05-16,15036,ASSORTED COLOURS SILK FAN,1179.0,732.0,0.688952380952381,13.0,11.0
2010-05-23,15036,ASSORTED COLOURS SILK FAN,74.0,56.56,0.9771428571428571,6.0,4.0
2010-05-30,15036,ASSORTED COLOURS SILK FAN,894.0,620.04,0.8032142857142858,14.0,12.0
2010-06-06,15036,ASSORTED COLOURS SILK FAN,404.0,290.13,0.9118095238095238,13.0,9.0
2010-06-13,15036,ASSORTED COLOURS SILK FAN,1094.0,761.56,0.792108843537415,20.0,16.0
2010-06-20,15036,ASSORTED COLOURS SILK FAN,232.0,176.12,0.8130952380952381,16.0,13.0
2010-06-27,15036,ASSORTED COLOURS SILK FAN,1571.0,1011.52,0.8434761904761905,25.0,21.0
2010-07-04,15036,ASSORTED COLOURS SILK FAN,1333.0,960.95,0.8503537414965986,22.0,15.0
2010-07-11,15036,ASSORTED COLOURS SILK FAN,943.0,663.6800000000001,0.8959761904761905,16.0,11.0
2010-07-18,15036,ASSORTED COLOURS SILK FAN,577.0,480.91999999999996,0.8536190476190476,25.0,19.0
2010-07-25,15036,ASSORTED COLOURS SILK FAN,1784.0,1247.68,0.9660884353741498,21.0,16.0
2010-08-01,15036,ASSORTED COLOURS SILK FAN,112.0,105.2,0.8257142857142857,3.0,2.0
2010-08-08,15036,ASSORTED COLOURS SILK FAN,168.0,195.96,1.2042857142857142,6.0,1.0
2010-08-15,15036,ASSORTED COLOURS SILK FAN,77.0,92.2,1.2042857142857142,5.0,1.0
2010-08-22,15036,ASSORTED COLOURS SILK FAN,0.0,0.0,0.75,0.0,0.0
2010-08-29,15036,ASSORTED COLOURS SILK FAN,18.0,16.68,1.0150000000000001,3.0,0.0
2010-09-05,15036,ASSORTED COLOURS SILK FAN,26.0,20.560000000000002,1.2421428571428572,3.0,1.0
2010-09-12,15036,ASSORTED COLOURS SILK FAN,2.0,2.56,1.28,1.0,0.0
2010-09-19,15036,ASSORTED COLOURS SILK FAN,3.0,3.8400000000000003,1.28,2.0,0.0
2010-09-26,15036,ASSORTED COLOURS SILK FAN,21.0,16.28,0.7878571428571429,4.0,1.0
2010-10-03,15036,ASSORTED COLOURS SILK FAN,23.0,25.2,1.052857142857143,2.0,0.0
2010-10-10,15036,ASSORTED COLOURS SILK FAN,0.0,0.0,1.28,0.0,0.0
2010-10-17,15036,ASSORTED COLOURS SILK FAN,831.0,564.84,0.8619047619047618,8.0,6.0
2010-10-24,15036,ASSORTED COLOURS SILK FAN,172.0,131.12,0.8383333333333335,10.0,7.0
2010-10-31,15036,ASSORTED COLOURS SILK FAN,2010.0,1394.28,1.0535714285714286,9.0,5.0
2010-11-07,15036,ASSORTED COLOURS SILK FAN,205.0,167.0,0.9771428571428571,7.0,3.0
2010-11-14,15036,ASSORTED COLOURS SILK FAN,130.0,115.52,1.0755714285714286,12.0,5.0
2010-11-21,15036,ASSORTED COLOURS SILK FAN,355.0,261.14,0.950857142857143,16.0,10.0
2010-11-28,15036,ASSORTED COLOURS SILK FAN,927.0,652.74,0.8564285714285714,17.0,12.0
2010-12-05,15036,ASSORTED COLOURS SILK FAN,205.0,167.0,0.8761904761904763,11.0,8.0
2010-12-12,15036,ASSORTED COLOURS SILK FAN,39.0,37.2,1.2421428571428572,7.0,1.0
2010-12-19,15036,ASSORTED COLOURS SILK FAN,35.0,32.08,1.052857142857143,6.0,2.0
2010-12-26,15036,ASSORTED COLOURS SILK FAN,30.0,25.68,0.8257142857142857,4.0,2.0
2011-01-02,15036,ASSORTED COLOURS SILK FAN,0.0,0.0,0.75,0.0,0.0
2011-01-09,15036,ASSORTED COLOURS SILK FAN,18.0,16.68,1.0150000000000001,4.0,1.0
2011-01-16,15036,ASSORTED COLOURS SILK FAN,159.0,133.44,1.1395238095238096,9.0,3.0
2011-01-23,15036,ASSORTED COLOURS SILK FAN,39.0,36.75,0.8928571428571429,3.0,2.0
2011-01-30,15036,ASSORTED COLOURS SILK FAN,112.0,86.0,1.0357142857142858,6.0,3.0
2011-02-06,15036,ASSORTED COLOURS SILK FAN,1913.0,1197.25,0.8937142857142858,12.0,8.0
2011-02-13,15036,ASSORTED COLOURS SILK FAN,68.0,79.16,1.3714285714285714,3.0,1.0
2011-02-20,15036,ASSORTED COLOURS SILK FAN,762.0,537.9,1.0385714285714285,10.0,7.0
2011-02-27,15036,ASSORTED COLOURS SILK FAN,128.0,103.03999999999999,0.8128571428571428,7.0,6.0
2011-03-06,15036,ASSORTED COLOURS SILK FAN,91.0,106.09,1.4204761904761904,7.0,3.0
2011-03-13,15036,ASSORTED COLOURS SILK FAN,369.0,282.03,0.9385714285714286,9.0,6.0
2011-03-20,15036,ASSORTED COLOURS SILK FAN,1342.0,916.4200000000001,0.8334285714285714,12.0,8.0
2011-03-27,15036,ASSORTED COLOURS SILK FAN,99.0,119.13,1.3785714285714283,7.0,3.0
2011-04-03,15036,ASSORTED COLOURS SILK FAN,1253.0,868.07,1.0333333333333334,7.0,4.0
2011-04-10,15036,ASSORTED COLOURS SILK FAN,147.0,134.49,1.2917142857142856,7.0,4.0
2011-04-17,15036,ASSORTED COLOURS SILK FAN,864.0,651.12,0.8260714285714286,11.0,11.0
2011-04-24,15036,ASSORTED COLOURS SILK FAN,174.0,158.01999999999998,0.9519047619047619,16.0,10.0
2011-05-01,15036,ASSORTED COLOURS SILK FAN,793.0,593.59,0.8130952380952381,7.0,5.0
2011-05-08,15036,ASSORTED COLOURS SILK FAN,972.0,749.56,1.0451190476190475,12.0,7.0
2011-05-15,15036,ASSORTED COLOURS SILK FAN,1618.0,1234.94,0.8267857142857142,27.0,18.0
2011-05-22,15036,ASSORTED COLOURS SILK FAN,1643.0,1238.8899999999999,0.9095238095238095,22.0,18.0
2011-05-29,15036,ASSORTED COLOURS SILK FAN,397.0,416.71,1.0204761904761903,10.0,7.0
2011-06-05,15036,ASSORTED COLOURS SILK FAN,193.0,183.19,1.1354285714285715,12.0,7.0
2011-06-12,15036,ASSORTED COLOURS SILK FAN,1610.0,1240.6999999999998,1.1975714285714285,18.0,12.0
2011-06-19,15036,ASSORTED COLOURS SILK FAN,1285.0,1063.75,0.970612244897959,19.0,16.0
2011-06-26,15036,ASSORTED COLOURS SILK FAN,169.0,160.26999999999998,1.1004761904761904,17.0,11.0
2011-07-03,15036,ASSORTED COLOURS SILK FAN,167.0,147.41,1.0014285714285713,8.0,6.0
2011-07-10,15036,ASSORTED COLOURS SILK FAN,1938.0,1433.74,1.3009523809523809,14.0,6.0
2011-07-17,15036,ASSORTED COLOURS SILK FAN,352.0,295.36,1.0814285714285714,14.0,12.0
2011-07-24,15036,ASSORTED COLOURS SILK FAN,510.0,447.29999999999995,0.9252380952380952,16.0,13.0
2011-07-31,15036,ASSORTED COLOURS SILK FAN,638.0,474.74,1.2714285714285716,7.0,3.0
2011-08-07,15036,ASSORTED COLOURS SILK FAN,943.0,785.8899999999999,0.9594047619047619,11.0,8.0
2011-08-14,15036,ASSORTED COLOURS SILK FAN,268.0,235.23999999999998,1.1157142857142854,13.0,9.0
2011-08-21,15036,ASSORTED COLOURS SILK FAN,60.0,49.8,0.8585714285714285,4.0,4.0
2011-08-28,15036,ASSORTED COLOURS SILK FAN,60.0,49.8,0.83,3.0,3.0
2011-09-04,15036,ASSORTED COLOURS SILK FAN,181.0,232.14999999999998,1.2714285714285716,20.0,3.0
2011-09-11,15036,ASSORTED COLOURS SILK FAN,215.0,187.25,0.9442857142857142,7.0,5.0
2011-09-18,15036,ASSORTED COLOURS SILK FAN,64.0,56.32,0.868095238095238,5.0,4.0
2011-09-25,15036,ASSORTED COLOURS SILK FAN,93.0,84.39,0.9157142857142857,6.0,3.0
2011-10-02,15036,ASSORTED COLOURS SILK FAN,30.0,29.699999999999996,1.23,5.0,2.0
2011-10-09,15036,ASSORTED COLOURS SILK FAN,721.0,533.23,0.8792857142857142,8.0,7.0
2011-10-16,15036,ASSORTED COLOURS SILK FAN,224.0,192.32,1.1157142857142857,11.0,7.0
2011-10-23,15036,ASSORTED COLOURS SILK FAN,194.0,172.21999999999997,1.0395238095238095,10.0,7.0
2011-10-30,15036,ASSORTED COLOURS SILK FAN,101.0,87.82999999999998,1.0585714285714285,6.0,3.0
2011-11-06,15036,ASSORTED COLOURS SILK FAN,83.0,87.28999999999999,1.4776190476190476,8.0,3.0
2011-11-13,15036,ASSORTED COLOURS SILK FAN,107.0,97.60999999999999,1.1728571428571428,9.0,7.0
2011-11-20,15036,ASSORTED COLOURS SILK FAN,104.0,92.72,1.0395238095238095,9.0,5.0
2011-11-27,15036,ASSORTED COLOURS SILK FAN,237.0,203.91,1.1538095238095238,12.0,8.0
2011-12-04,15036,ASSORTED COLOURS SILK FAN,143.0,127.49,1.2871428571428571,9.0,5.0
2009-12-13,16014,SMALL CHINESE STYLE SCISSOR,1510.0,484.2,0.3485714285714286,2.0,2.0
2009-12-20,16014,SMALL CHINESE STYLE SCISSOR,3010.0,964.2,0.33428571428571424,2.0,2.0
2009-12-27,16014,SMALL CHINESE STYLE SCISSOR,0.0,0.0,0.42,0.0,0.0
2010-01-03,16014,SMALL CHINESE STYLE SCISSOR,0.0,0.0,0.42,0.0,0.0
2010-01-10,16014,SMALL CHINESE STYLE SCISSOR,0.0,0.0,0.42,0.0,0.0
2010-01-17,16014,SMALL CHINESE STYLE SCISSOR,10.0,4.2,0.42,1.0,1.0
2010-01-24,16014,SMALL CHINESE STYLE SCISSOR,10.0,4.2,0.42,1.0,1.0
2010-01-31,16014,SMALL CHINESE STYLE SCISSOR,0.0,0.0,0.42,0.0,0.0
2010-02-07,16014,SMALL CHINESE STYLE SCISSOR,20.0,8.4,0.42,1.0,1.0
2010-02-14,16014,SMALL CHINESE STYLE SCISSOR,10.0,4.2,0.42,1.0,1.0
2010-02-21,16014,SMALL CHINESE STYLE SCISSOR,1.0,0.42,0.42,1.0,1.0
2010-02-28,16014,SMALL CHINESE STYLE SCISSOR,3.0,1.26,0.42,1.0,1.0
2010-03-07,16014,SMALL CHINESE STYLE SCISSOR,0.0,0.0,0.42,0.0,0.0
2010-03-14,16014,SMALL CHINESE STYLE SCISSOR,0.0,0.0,0.42,0.0,0.0
2010-03-21,16014,SMALL CHINESE STYLE SCISSOR,1010.0,324.2,0.4057142857142857,2.0,2.0
2010-03-28,16014,SMALL CHINESE STYLE SCISSOR,0.0,0.0,0.32,0.0,0.0
2010-04-04,16014,SMALL CHINESE STYLE SCISSOR,60.0,25.2,0.37714285714285717,1.0,1.0
2010-04-11,16014,SMALL CHINESE STYLE SCISSOR,0.0,0.0,0.42,0.0,0.0
2010-04-18,16014,SMALL CHINESE STYLE SCISSOR,10.0,4.2,0.42,1.0,1.0
2010-04-25,16014,SMALL CHINESE STYLE SCISSOR,50.0,21.0,0.42,2.0,2.0
2010-05-02,16014,SMALL CHINESE STYLE SCISSOR,0.0,0.0,0.42,0.0,0.0
2010-05-09,16014,SMALL CHINESE STYLE SCISSOR,0.0,0.0,0.42,0.0,0.0
2010-05-16,16014,SMALL CHINESE STYLE SCISSOR,0.0,0.0,0.42,0.0,0.0
2010-05-23,16014,SMALL CHINESE STYLE SCISSOR,0.0,0.0,0.42,0.0,0.0
2010-05-30,16014,SMALL CHINESE STYLE SCISSOR,0.0,0.0,0.42,0.0,0.0
2010-06-06,16014,SMALL CHINESE STYLE SCISSOR,0.0,0.0,0.42,0.0,0.0
2010-06-13,16014,SMALL CHINESE STYLE SCISSOR,1000.0,320.0,0.37714285714285717,1.0,1.0
2010-06-20,16014,SMALL CHINESE STYLE SCISSOR,2005.0,642.1,0.3914285714285714,2.0,2.0
2010-06-27,16014,SMALL CHINESE STYLE SCISSOR,1000.0,320.0,0.3485714285714286,1.0,1.0
2010-07-04,16014,SMALL CHINESE STYLE SCISSOR,0.0,0.0,0.32,0.0,0.0
2010-07-11,16014,SMALL CHINESE STYLE SCISSOR,1.0,0.42,0.3914285714285714,1.0,1.0
2010-07-18,16014,SMALL CHINESE STYLE SCISSOR,0.0,0.0,0.42,0.0,0.0
2010-07-25,16014,SMALL CHINESE STYLE SCISSOR,500.0,160.0,0.4057142857142857,1.0,1.0
2010-08-01,16014,SMALL CHINESE STYLE SCISSOR,61.0,25.62,0.42,2.0,1.0
2010-08-08,16014,SMALL CHINESE STYLE SCISSOR,10.0,4.2,0.42,1.0,1.0
2010-08-15,16014,SMALL CHINESE STYLE SCISSOR,20.0,8.4,0.42,1.0,1.0
2010-08-22,16014,SMALL CHINESE STYLE SCISSOR,0.0,0.0,0.42,0.0,0.0
2010-08-29,16014,SMALL CHINESE STYLE SCISSOR,1010.0,324.2,0.4057142857142857,2.0,2.0
2010-09-05,16014,SMALL CHINESE STYLE SCISSOR,0.0,0.0,0.42,0.0,0.0
2010-09-12,16014,SMALL CHINESE STYLE SCISSOR,20.0,8.4,0.42,1.0,1.0
2010-09-19,16014,SMALL CHINESE STYLE SCISSOR,500.0,160.0,0.37714285714285717,1.0,1.0
2010-09-26,16014,SMALL CHINESE STYLE SCISSOR,0.0,0.0,0.32,0.0,0.0
2010-10-03,16014,SMALL CHINESE STYLE SCISSOR,0.0,0.0,0.32,0.0,0.0
2010-10-10,16014,SMALL CHINESE STYLE SCISSOR,0.0,0.0,0.32,0.0,0.0
2010-10-17,16014,SMALL CHINESE STYLE SCISSOR,20.0,6.4,0.32,1.0,1.0
2010-10-24,16014,SMALL CHINESE STYLE SCISSOR,40.0,16.8,0.37714285714285717,1.0,1.0
2010-10-31,16014,SMALL CHINESE STYLE SCISSOR,4100.0,1322.0,0.37714285714285717,3.0,3.0
2010-11-07,16014,SMALL CHINESE STYLE SCISSOR,10.0,4.2,0.33428571428571424,1.0,1.0
2010-11-14,16014,SMALL CHINESE STYLE SCISSOR,6.0,2.52,0.42,2.0,2.0
2010-11-21,16014,SMALL CHINESE STYLE SCISSOR,0.0,0.0,0.42,0.0,0.0
2010-11-28,16014,SMALL CHINESE STYLE SCISSOR,0.0,0.0,0.42,0.0,0.0
2010-12-05,16014,SMALL CHINESE STYLE SCISSOR,28.0,11.76,0.42,2.0,2.0
2010-12-12,16014,SMALL CHINESE STYLE SCISSOR,2002.0,640.84,0.4057142857142857,2.0,2.0
2010-12-19,16014,SMALL CHINESE STYLE SCISSOR,14.0,5.88,0.42,2.0,2.0
2010-12-26,16014,SMALL CHINESE STYLE SCISSOR,0.0,0.0,0.42,0.0,0.0
2011-01-02,16014,SMALL CHINESE STYLE SCISSOR,0.0,0.0,0.42,0.0,0.0
2011-01-09,16014,SMALL CHINESE STYLE SCISSOR,0.0,0.0,0.42,0.0,0.0
2011-01-16,16014,SMALL CHINESE STYLE SCISSOR,0.0,0.0,0.42,0.0,0.0
2011-01-23,16014,SMALL CHINESE STYLE SCISSOR,0.0,0.0,0.42,0.0,0.0
2011-01-30,16014,SMALL CHINESE STYLE SCISSOR,10.0,4.2,0.42,1.0,1.0
2011-02-06,16014,SMALL CHINESE STYLE SCISSOR,0.0,0.0,0.42,0.0,0.0
2011-02-13,16014,SMALL CHINESE STYLE SCISSOR,0.0,0.0,0.42,0.0,0.0
2011-02-20,16014,SMALL CHINESE STYLE SCISSOR,1500.0,480.0,0.33428571428571424,1.0,1.0
2011-02-27,16014,SMALL CHINESE STYLE SCISSOR,1.0,0.42,0.4057142857142857,1.0,1.0
2011-03-06,16014,SMALL CHINESE STYLE SCISSOR,0.0,0.0,0.42,0.0,0.0
2011-03-13,16014,SMALL CHINESE STYLE SCISSOR,0.0,0.0,0.42,0.0,0.0
2011-03-20,16014,SMALL CHINESE STYLE SCISSOR,60.0,25.2,0.42,1.0,1.0
2011-03-27,16014,SMALL CHINESE STYLE SCISSOR,1000.0,320.0,0.3485714285714286,1.0,1.0
2011-04-03,16014,SMALL CHINESE STYLE SCISSOR,0.0,0.0,0.32,0.0,0.0
2011-04-10,16014,SMALL CHINESE STYLE SCISSOR,0.0,0.0,0.32,0.0,0.0
2011-04-17,16014,SMALL CHINESE STYLE SCISSOR,10.0,4.2,0.3628571428571429,1.0,1.0
2011-04-24,16014,SMALL CHINESE STYLE SCISSOR,3.0,1.26,0.42,1.0,1.0
2011-05-01,16014,SMALL CHINESE STYLE SCISSOR,10.0,4.2,0.42,1.0,1.0
2011-05-08,16014,SMALL CHINESE STYLE SCISSOR,2621.0,840.8199999999999,0.3914285714285714,4.0,4.0
2011-05-15,16014,SMALL CHINESE STYLE SCISSOR,130.0,54.6,0.4057142857142857,3.0,3.0
2011-05-22,16014,SMALL CHINESE STYLE SCISSOR,0.0,0.0,0.42,0.0,0.0
2011-05-29,16014,SMALL CHINESE STYLE SCISSOR,20.0,8.4,0.42,1.0,1.0
2011-06-05,16014,SMALL CHINESE STYLE SCISSOR,0.0,0.0,0.42,0.0,0.0
2011-06-12,16014,SMALL CHINESE STYLE SCISSOR,20.0,6.4,0.3485714285714286,1.0,1.0
2011-06-19,16014,SMALL CHINESE STYLE SCISSOR,12.0,5.04,0.33428571428571424,1.0,1.0
2011-06-26,16014,SMALL CHINESE STYLE SCISSOR,0.0,0.0,0.42,0.0,0.0
2011-07-03,16014,SMALL CHINESE STYLE SCISSOR,0.0,0.0,0.42,0.0,0.0
2011-07-10,16014,SMALL CHINESE STYLE SCISSOR,20.0,8.4,0.42,1.0,1.0
2011-07-17,16014,SMALL CHINESE STYLE SCISSOR,40.0,16.8,0.42,2.0,2.0
2011-07-24,16014,SMALL CHINESE STYLE SCISSOR,0.0,0.0,0.42,0.0,0.0
2011-07-31,16014,SMALL CHINESE STYLE SCISSOR,0.0,0.0,0.42,0.0,0.0
2011-08-07,16014,SMALL CHINESE STYLE SCISSOR,0.0,0.0,0.42,0.0,0.0
2011-08-14,16014,SMALL CHINESE STYLE SCISSOR,10.0,4.2,0.42,1.0,1.0
2011-08-21,16014,SMALL CHINESE STYLE SCISSOR,1.0,0.42,0.42,1.0,1.0
2011-08-28,16014,SMALL CHINESE STYLE SCISSOR,2054.0,662.68,0.4128571428571428,5.0,5.0
2011-09-04,16014,SMALL CHINESE STYLE SCISSOR,0.0,0.0,0.42,0.0,0.0
2011-09-11,16014,SMALL CHINESE STYLE SCISSOR,1020.0,328.4,0.4057142857142857,2.0,2.0
2011-09-18,16014,SMALL CHINESE STYLE SCISSOR,0.0,0.0,0.42,0.0,0.0
2011-09-25,16014,SMALL CHINESE STYLE SCISSOR,40.0,16.8,0.42,2.0,2.0
2011-10-02,16014,SMALL CHINESE STYLE SCISSOR,1.0,0.42,0.42,1.0,1.0
2011-10-09,16014,SMALL CHINESE STYLE SCISSOR,0.0,0.0,0.42,0.0,0.0
2011-10-16,16014,SMALL CHINESE STYLE SCISSOR,20.0,8.4,0.42,2.0,2.0
2011-10-23,16014,SMALL CHINESE STYLE SCISSOR,20.0,8.4,0.42,1.0,1.0
2011-10-30,16014,SMALL CHINESE STYLE SCISSOR,0.0,0.0,0.42,0.0,0.0
2011-11-06,16014,SMALL CHINESE STYLE SCISSOR,3021.0,968.8199999999999,0.3914285714285714,3.0,3.0
2011-11-13,16014,SMALL CHINESE STYLE SCISSOR,10.0,4.2,0.42,1.0,1.0
2011-11-20,16014,SMALL CHINESE STYLE SCISSOR,0.0,0.0,0.42,0.0,0.0
2011-11-27,16014,SMALL CHINESE STYLE SCISSOR,514.0,165.88,0.3914285714285714,4.0,4.0
2011-12-04,16014,SMALL CHINESE STYLE SCISSOR,71.0,29.82,0.42,3.0,3.0
2009-12-13,17003,BROCADE RING PURSE,192.0,40.76,0.2414285714285714,8.0,7.0
2009-12-20,17003,BROCADE RING PURSE,425.0,90.57,0.2414285714285714,8.0,7.0
2009-12-27,17003,BROCADE RING PURSE,1.0,0.43,0.3985714285714286,1.0,0.0
2010-01-03,17003,BROCADE RING PURSE,0.0,0.0,0.43,0.0,0.0
2010-01-10,17003,BROCADE RING PURSE,2.0,0.42,0.2414285714285714,1.0,1.0
2010-01-17,17003,BROCADE RING PURSE,758.0,159.17999999999998,0.21,3.0,3.0
2010-01-24,17003,BROCADE RING PURSE,51.0,10.71,0.21,2.0,2.0
2010-01-31,17003,BROCADE RING PURSE,150.0,31.5,0.21,4.0,4.0
2010-02-07,17003,BROCADE RING PURSE,806.0,133.26,0.2064285714285714,3.0,3.0
2010-02-14,17003,BROCADE RING PURSE,151.0,31.71,0.2064285714285714,2.0,2.0
2010-02-21,17003,BROCADE RING PURSE,829.0,138.09,0.2064285714285714,4.0,4.0
2010-02-28,17003,BROCADE RING PURSE,109.0,23.11,0.2623809523809524,4.0,3.0
2010-03-07,17003,BROCADE RING PURSE,184.0,39.519999999999996,0.3619047619047619,4.0,2.0
2010-03-14,17003,BROCADE RING PURSE,21.0,4.85,0.27285714285714285,3.0,2.0
2010-03-21,17003,BROCADE RING PURSE,792.0,128.52,0.18142857142857144,3.0,3.0
2010-03-28,17003,BROCADE RING PURSE,0.0,0.0,0.16,0.0,0.0
2010-04-04,17003,BROCADE RING PURSE,0.0,0.0,0.16,0.0,0.0
2010-04-11,17003,BROCADE RING PURSE,61.0,12.809999999999999,0.16714285714285712,1.0,1.0
2010-04-18,17003,BROCADE RING PURSE,0.0,0.0,0.21,0.0,0.0
2010-04-25,17003,BROCADE RING PURSE,119.0,25.61,0.2657142857142857,5.0,3.0
2010-05-02,17003,BROCADE RING PURSE,721.0,115.63000000000001,0.2757142857142857,2.0,1.0
2010-05-09,17003,BROCADE RING PURSE,828.0,137.88,0.17785714285714288,2.0,2.0
2010-05-16,17003,BROCADE RING PURSE,2342.0,383.82,0.185,5.0,5.0
2010-05-23,17003,BROCADE RING PURSE,62.0,13.9,0.27285714285714285,5.0,3.0
2010-05-30,17003,BROCADE RING PURSE,738.0,118.98,0.20285714285714285,2.0,2.0
2010-06-06,17003,BROCADE RING PURSE,43.0,10.57,0.30428571428571427,3.0,1.0
2010-06-13,17003,BROCADE RING PURSE,1289.0,234.69,0.20857142857142857,12.0,12.0
2010-06-20,17003,BROCADE RING PURSE,309.0,66.21,0.2571428571428572,8.0,6.0
2010-06-27,17003,BROCADE RING PURSE,987.0,171.27,0.20047619047619047,5.0,4.0
2010-07-04,17003,BROCADE RING PURSE,758.0,109.22000000000001,0.22142857142857145,3.0,2.0
2010-07-11,17003,BROCADE RING PURSE,194.0,40.739999999999995,0.21,3.0,3.0
2010-07-18,17003,BROCADE RING PURSE,6.0,2.58,0.3985714285714286,1.0,0.0
2010-07-25,17003,BROCADE RING PURSE,775.0,130.49,0.38107142857142856,6.0,3.0
2010-08-01,17003,BROCADE RING PURSE,180.0,37.8,0.21,2.0,2.0
2010-08-08,17003,BROCADE RING PURSE,216.0,45.36,0.21,2.0,2.0
2010-08-15,17003,BROCADE RING PURSE,36.0,7.56,0.21,1.0,1.0
2010-08-22,17003,BROCADE RING PURSE,828.0,137.88,0.18142857142857144,4.0,4.0
2010-08-29,17003,BROCADE RING PURSE,864.0,145.44,0.20285714285714285,4.0,4.0
2010-09-05,17003,BROCADE RING PURSE,11210.0,2135.4199999999996,0.22,5.0,3.0
2010-09-12,17003,BROCADE RING PURSE,1590.0,261.9,0.20285714285714285,5.0,4.0
2010-09-19,17003,BROCADE RING PURSE,74.0,15.54,0.21,3.0,3.0
2010-09-26,17003,BROCADE RING PURSE,922.0,196.92,0.27285714285714285,6.0,4.0
2010-10-03,17003,BROCADE RING PURSE,149.0,33.27,0.22047619047619046,6.0,5.0
2010-10-10,17003,BROCADE RING PURSE,5632.0,1052.56,0.1985714285714286,7.0,6.0
2010-10-17,17003,BROCADE RING PURSE,925.0,158.91000000000003,0.22214285714285714,11.0,10.0
2010-10-24,17003,BROCADE RING PURSE,158.0,34.5,0.27285714285714285,6.0,4.0
2010-10-31,17003,BROCADE RING PURSE,36.0,7.56,0.21,1.0,1.0
2010-11-07,17003,BROCADE RING PURSE,6816.0,1305.3,0.2407142857142857,8.0,7.0
2010-11-14,17003,BROCADE RING PURSE,548.0,115.08,0.21,10.0,10.0
2010-11-21,17003,BROCADE RING PURSE,1522.0,265.62,0.2064285714285714,13.0,13.0
2010-11-28,17003,BROCADE RING PURSE,1757.0,338.16999999999996,0.22285714285714286,6.0,4.0
2010-12-05,17003,BROCADE RING PURSE,1596.0,264.48,0.22214285714285714,5.0,4.0
2010-12-12,17003,BROCADE RING PURSE,490.0,107.74000000000001,0.3074285714285714,9.0,4.0
2010-12-19,17003,BROCADE RING PURSE,90.0,22.86,0.3671428571428571,4.0,2.0
2010-12-26,17003,BROCADE RING PURSE,0.0,0.0,0.43,0.0,0.0
2011-01-02,17003,BROCADE RING PURSE,0.0,0.0,0.43,0.0,0.0
2011-01-09,17003,BROCADE RING PURSE,864.0,145.44,0.25857142857142856,3.0,3.0
2011-01-16,17003,BROCADE RING PURSE,8.0,2.12,0.27285714285714285,2.0,1.0
2011-01-23,17003,BROCADE RING PURSE,831.0,139.14000000000001,0.23285714285714285,4.0,3.0
2011-01-30,17003,BROCADE RING PURSE,1440.0,230.4,0.1742857142857143,2.0,1.0
2011-02-06,17003,BROCADE RING PURSE,146.0,31.08,0.225,5.0,4.0
2011-02-13,17003,BROCADE RING PURSE,0.0,0.0,0.21,0.0,0.0
2011-02-20,17003,BROCADE RING PURSE,290.0,84.44,0.3061904761904762,7.0,6.0
2011-02-27,17003,BROCADE RING PURSE,0.0,0.0,0.29,0.0,0.0
2011-03-06,17003,BROCADE RING PURSE,144.0,41.76,0.29,2.0,2.0
2011-03-13,17003,BROCADE RING PURSE,252.0,73.08,0.29,4.0,4.0
2011-03-20,17003,BROCADE RING PURSE,2196.0,550.44,0.26142857142857145,4.0,4.0
2011-03-27,17003,BROCADE RING PURSE,48.0,13.92,0.29,3.0,3.0
2011-04-03,17003,BROCADE RING PURSE,769.0,194.21,0.27571428571428575,3.0,3.0
2011-04-10,17003,BROCADE RING PURSE,146.0,43.019999999999996,0.3142857142857142,3.0,2.0
2011-04-17,17003,BROCADE RING PURSE,73.0,21.169999999999998,0.29,3.0,3.0
2011-04-24,17003,BROCADE RING PURSE,11.0,6.93,0.5814285714285715,2.0,0.0
2011-05-01,17003,BROCADE RING PURSE,267.0,72.00999999999999,0.33999999999999997,4.0,3.0
2011-05-08,17003,BROCADE RING PURSE,78.0,22.619999999999997,0.28428571428571425,3.0,3.0
2011-05-15,17003,BROCADE RING PURSE,510.0,147.89999999999998,0.29,4.0,4.0
2011-05-22,17003,BROCADE RING PURSE,792.0,200.88,0.27571428571428575,3.0,3.0
2011-05-29,17003,BROCADE RING PURSE,793.0,201.17,0.28428571428571425,3.0,3.0
2011-06-05,17003,BROCADE RING PURSE,360.0,104.39999999999999,0.29,4.0,4.0
2011-06-12,17003,BROCADE RING PURSE,913.0,235.97,0.2871428571428571,7.0,7.0
2011-06-19,17003,BROCADE RING PURSE,837.0,185.13,0.24428571428571427,4.0,4.0
2011-06-26,17003,BROCADE RING PURSE,864.0,221.76,0.26142857142857145,2.0,2.0
2011-07-03,17003,BROCADE RING PURSE,88.0,26.199999999999996,0.3385714285714285,4.0,3.0
2011-07-10,17003,BROCADE RING PURSE,318.0,92.22,0.29,5.0,5.0
2011-07-17,17003,BROCADE RING PURSE,1012.0,264.67999999999995,0.2871428571428571,5.0,5.0
2011-07-24,17003,BROCADE RING PURSE,289.0,83.81,0.2871428571428571,5.0,5.0
2011-07-31,17003,BROCADE RING PURSE,149.0,44.91,0.43571428571428567,2.0,1.0
2011-08-07,17003,BROCADE RING PURSE,146.0,43.019999999999996,0.43571428571428567,5.0,3.0
2011-08-14,17003,BROCADE RING PURSE,144.0,41.76,0.29,3.0,3.0
2011-08-21,17003,BROCADE RING PURSE,78.0,22.619999999999997,0.29,3.0,3.0
2011-08-28,17003,BROCADE RING PURSE,940.0,243.79999999999998,0.2885714285714286,6.0,6.0
2011-09-04,17003,BROCADE RING PURSE,291.0,81.28999999999999,0.5642857142857143,4.0,2.0
2011-09-11,17003,BROCADE RING PURSE,180.0,70.2,0.5157142857142857,2.0,2.0
2011-09-18,17003,BROCADE RING PURSE,109.0,42.95,0.45285714285714285,4.0,3.0
2011-09-25,17003,BROCADE RING PURSE,857.0,283.83,0.36,5.0,5.0
2011-10-02,17003,BROCADE RING PURSE,931.0,199.25,0.39999999999999997,7.0,6.0
2011-10-09,17003,BROCADE RING PURSE,376.0,146.64000000000001,0.39,7.0,7.0
2011-10-16,17003,BROCADE RING PURSE,72.0,28.080000000000002,0.39,2.0,2.0
2011-10-23,17003,BROCADE RING PURSE,204.0,74.52,0.38,5.0,5.0
2011-10-30,17003,BROCADE RING PURSE,1684.0,505.56,0.36,8.0,8.0
2011-11-06,17003,BROCADE RING PURSE,100.0,39.440000000000005,0.5157142857142857,4.0,3.0
2011-11-13,17003,BROCADE RING PURSE,109.0,42.510000000000005,0.39,5.0,5.0
2011-11-20,17003,BROCADE RING PURSE,315.0,126.85000000000001,0.42238095238095236,11.0,10.0
2011-11-27,17003,BROCADE RING PURSE,474.0,188.02,0.44,20.0,18.0
2011-12-04,17003,BROCADE RING PURSE,130.0,52.46000000000001,0.5785714285714285,7.0,4.0
2009-12-13,20724,RED RETROSPOT CHARLOTTE BAG,254.0,227.55,1.1781904761904762,16.0,10.0
2009-12-20,20724,RED RETROSPOT CHARLOTTE BAG,246.0,228.4,1.1711904761904763,20.0,11.0
2009-12-27,20724,RED RETROSPOT CHARLOTTE BAG,29.0,32.3,0.9714285714285714,6.0,1.0
2010-01-03,20724,RED RETROSPOT CHARLOTTE BAG,0.0,0.0,0.85,0.0,0.0
2010-01-10,20724,RED RETROSPOT CHARLOTTE BAG,58.0,49.300000000000004,0.85,5.0,5.0
2010-01-17,20724,RED RETROSPOT CHARLOTTE BAG,109.0,108.24000000000001,1.2584285714285712,17.0,5.0
2010-01-24,20724,RED RETROSPOT CHARLOTTE BAG,242.0,206.47,1.022,17.0,12.0
2010-01-31,20724,RED RETROSPOT CHARLOTTE BAG,475.0,372.84999999999997,0.9603469387755101,20.0,16.0
2010-02-07,20724,RED RETROSPOT CHARLOTTE BAG,198.0,159.18,1.0682380952380952,15.0,10.0
2010-02-14,20724,RED RETROSPOT CHARLOTTE BAG,144.0,125.64,0.9888571428571428,14.0,12.0
2010-02-21,20724,RED RETROSPOT CHARLOTTE BAG,296.0,230.46,1.0644047619047619,15.0,12.0
2010-02-28,20724,RED RETROSPOT CHARLOTTE BAG,174.0,146.92,0.9595238095238094,18.0,16.0
2010-03-07,20724,RED RETROSPOT CHARLOTTE BAG,153.0,133.29,0.9753571428571428,16.0,12.0
2010-03-14,20724,RED RETROSPOT CHARLOTTE BAG,291.0,229.45000000000002,1.0019047619047619,14.0,10.0
2010-03-21,20724,RED RETROSPOT CHARLOTTE BAG,376.0,291.64,0.9795238095238095,17.0,14.0
2010-03-28,20724,RED RETROSPOT CHARLOTTE BAG,129.0,113.7,1.1682142857142856,12.0,7.0
2010-04-04,20724,RED RETROSPOT CHARLOTTE BAG,436.0,332.39,0.934095238095238,17.0,12.0
2010-04-11,20724,RED RETROSPOT CHARLOTTE BAG,207.0,168.62,0.9289795918367346,12.0,9.0
2010-04-18,20724,RED RETROSPOT CHARLOTTE BAG,88.0,74.8,0.85,8.0,8.0
2010-04-25,20724,RED RETROSPOT CHARLOTTE BAG,191.0,173.2,1.1042857142857143,25.0,14.0
2010-05-02,20724,RED RETROSPOT CHARLOTTE BAG,465.0,377.35,0.943204081632653,33.0,27.0
2010-05-09,20724,RED RETROSPOT CHARLOTTE BAG,486.0,374.57,0.9237619047619049,21.0,17.0
2010-05-16,20724,RED RETROSPOT CHARLOTTE BAG,124.0,109.45,1.264642857142857,12.0,8.0
2010-05-23,20724,RED RETROSPOT CHARLOTTE BAG,235.0,203.31,0.9660714285714286,21.0,18.0
2010-05-30,20724,RED RETROSPOT CHARLOTTE BAG,272.0,240.43,1.005436507936508,31.0,25.0
2010-06-06,20724,RED RETROSPOT CHARLOTTE BAG,338.0,274.26,1.1376428571428572,20.0,12.0
2010-06-13,20724,RED RETROSPOT CHARLOTTE BAG,355.0,301.2,1.0281632653061226,20.0,15.0
2010-06-20,20724,RED RETROSPOT CHARLOTTE BAG,254.0,225.94,0.9603061224489796,24.0,21.0
2010-06-27,20724,RED RETROSPOT CHARLOTTE BAG,191.0,187.89999999999998,1.2183333333333333,28.0,13.0
2010-07-04,20724,RED RETROSPOT CHARLOTTE BAG,672.0,524.38,0.8681746031746032,29.0,26.0
2010-07-11,20724,RED RETROSPOT CHARLOTTE BAG,242.0,212.18,1.0351428571428571,19.0,14.0
2010-07-18,20724,RED RETROSPOT CHARLOTTE BAG,350.0,269.05,1.1253571428571427,16.0,12.0
2010-07-25,20724,RED RETROSPOT CHARLOTTE BAG,333.0,277.34,0.9768928571428572,26.0,20.0
2010-08-01,20724,RED RETROSPOT CHARLOTTE BAG,177.0,153.69,0.8731428571428571,17.0,15.0
2010-08-08,20724,RED RETROSPOT CHARLOTTE BAG,278.0,230.42,0.8873214285714285,16.0,13.0
2010-08-15,20724,RED RETROSPOT CHARLOTTE BAG,470.0,798.79,1.2560714285714287,22.0,14.0
2010-08-22,20724,RED RETROSPOT CHARLOTTE BAG,256.0,209.45999999999998,1.0339285714285713,15.0,12.0
2010-08-29,20724,RED RETROSPOT CHARLOTTE BAG,87.0,77.19,1.1392857142857142,12.0,8.0
2010-09-05,20724,RED RETROSPOT CHARLOTTE BAG,542.0,607.9,1.0015238095238095,20.0,15.0
2010-09-12,20724,RED RETROSPOT CHARLOTTE BAG,202.0,177.37,0.9174999999999999,21.0,18.0
2010-09-19,20724,RED RETROSPOT CHARLOTTE BAG,481.0,373.09,0.9631190476190475,23.0,20.0
2010-09-26,20724,RED RETROSPOT CHARLOTTE BAG,240.0,268.16999999999996,0.9533333333333333,15.0,13.0
2010-10-03,20724,RED RETROSPOT CHARLOTTE BAG,506.0,513.34,0.9766666666666666,22.0,18.0
2010-10-10,20724,RED RETROSPOT CHARLOTTE BAG,237.0,287.69,1.1913095238095237,21.0,16.0
2010-10-17,20724,RED RETROSPOT CHARLOTTE BAG,501.0,466.9,1.0032448979591837,29.0,24.0
2010-10-24,20724,RED RETROSPOT CHARLOTTE BAG,141.0,165.48,1.2028571428571428,12.0,10.0
2010-10-31,20724,RED RETROSPOT CHARLOTTE BAG,177.0,218.26,1.0941190476190477,19.0,13.0
2010-11-07,20724,RED RETROSPOT CHARLOTTE BAG,247.0,216.43,0.9785714285714285,25.0,20.0
2010-11-14,20724,RED RETROSPOT CHARLOTTE BAG,310.0,430.03,1.1579523809523808,28.0,21.0
2010-11-21,20724,RED RETROSPOT CHARLOTTE BAG,485.0,456.62,1.0941326530612245,37.0,29.0
2010-11-28,20724,RED RETROSPOT CHARLOTTE BAG,362.0,437.87,1.1333673469387755,30.0,20.0
2010-12-05,20724,RED RETROSPOT CHARLOTTE BAG,286.0,348.08,1.2917142857142856,23.0,14.0
2010-12-12,20724,RED RETROSPOT CHARLOTTE BAG,439.0,755.85,1.413238095238095,22.0,12.0
2010-12-19,20724,RED RETROSPOT CHARLOTTE BAG,210.0,339.24,1.2376190476190474,18.0,11.0
2010-12-26,20724,RED RETROSPOT CHARLOTTE BAG,171.0,375.11,2.084285714285714,5.0,2.0
2011-01-02,20724,RED RETROSPOT CHARLOTTE BAG,0.0,0.0,2.5100000000000002,0.0,0.0
2011-01-09,20724,RED RETROSPOT CHARLOTTE BAG,278.0,283.02,1.3365714285714285,15.0,11.0
2011-01-16,20724,RED RETROSPOT CHARLOTTE BAG,385.0,450.95,1.301190476190476,19.0,10.0
2011-01-23,20724,RED RETROSPOT CHARLOTTE BAG,126.0,233.11,1.620952380952381,13.0,4.0
2011-01-30,20724,RED RETROSPOT CHARLOTTE BAG,142.0,213.2,1.3064285714285713,10.0,7.0
2011-02-06,20724,RED RETROSPOT CHARLOTTE BAG,311.0,331.79999999999995,1.4116666666666666,12.0,8.0
2011-02-13,20724,RED RETROSPOT CHARLOTTE BAG,217.0,269.36,1.3748571428571428,11.0,5.0
2011-02-20,20724,RED RETROSPOT CHARLOTTE BAG,197.0,180.89,1.1390476190476189,16.0,11.0
2011-02-27,20724,RED RETROSPOT CHARLOTTE BAG,426.0,396.96000000000004,1.117142857142857,14.0,10.0
2011-03-06,20724,RED RETROSPOT CHARLOTTE BAG,223.0,178.89000000000001,0.9242857142857143,16.0,14.0
2011-03-13,20724,RED RETROSPOT CHARLOTTE BAG,326.0,456.21999999999997,1.270357142857143,20.0,13.0
2011-03-20,20724,RED RETROSPOT CHARLOTTE BAG,182.0,268.9,1.344047619047619,14.0,10.0
2011-03-27,20724,RED RETROSPOT CHARLOTTE BAG,364.0,349.21000000000004,0.9306666666666666,15.0,11.0
2011-04-03,20724,RED RETROSPOT CHARLOTTE BAG,502.0,797.48,1.0153571428571428,17.0,12.0
2011-04-10,20724,RED RETROSPOT CHARLOTTE BAG,178.0,254.24,1.1821428571428572,15.0,12.0
2011-04-17,20724,RED RETROSPOT CHARLOTTE BAG,271.0,355.81,1.0187857142857142,15.0,13.0
2011-04-24,20724,RED RETROSPOT CHARLOTTE BAG,194.0,228.12,1.0130238095238095,20.0,13.0
2011-05-01,20724,RED RETROSPOT CHARLOTTE BAG,225.0,199.28,0.9136904761904762,14.0,12.0
2011-05-08,20724,RED RETROSPOT CHARLOTTE BAG,171.0,226.48,1.0844999999999998,17.0,12.0
2011-05-15,20724,RED RETROSPOT CHARLOTTE BAG,610.0,625.01,1.269,18.0,12.0
2011-05-22,20724,RED RETROSPOT CHARLOTTE BAG,202.0,216.57999999999998,1.0560714285714285,21.0,16.0
2011-05-29,20724,RED RETROSPOT CHARLOTTE BAG,186.0,276.31,1.1073333333333333,20.0,15.0
2011-06-05,20724,RED RETROSPOT CHARLOTTE BAG,244.0,232.89,1.0839285714285716,17.0,13.0
2011-06-12,20724,RED RETROSPOT CHARLOTTE BAG,554.0,588.65,1.1149285714285715,20.0,15.0
2011-06-19,20724,RED RETROSPOT CHARLOTTE BAG,159.0,217.98999999999998,1.0427857142857142,16.0,12.0
2011-06-26,20724,RED RETROSPOT CHARLOTTE BAG,358.0,305.52,1.0136190476190476,21.0,16.0
2011-07-03,20724,RED RETROSPOT CHARLOTTE BAG,598.0,563.2099999999999,0.9994285714285713,21.0,17.0
2011-07-10,20724,RED RETROSPOT CHARLOTTE BAG,245.0,355.19,1.1704761904761904,20.0,13.0
2011-07-17,20724,RED RETROSPOT CHARLOTTE BAG,136.0,162.92,1.26,20.0,13.0
2011-07-24,20724,RED RETROSPOT CHARLOTTE BAG,339.0,319.13,1.176642857142857,20.0,13.0
2011-07-31,20724,RED RETROSPOT CHARLOTTE BAG,286.0,271.60999999999996,1.0071632653061224,22.0,15.0
2011-08-07,20724,RED RETROSPOT CHARLOTTE BAG,505.0,515.85,1.0208163265306123,25.0,21.0
2011-08-14,20724,RED RETROSPOT CHARLOTTE BAG,425.0,465.4,0.9043571428571429,13.0,11.0
2011-08-21,20724,RED RETROSPOT CHARLOTTE BAG,331.0,353.68,0.962936507936508,16.0,15.0
2011-08-28,20724,RED RETROSPOT CHARLOTTE BAG,562.0,657.6600000000001,1.0473333333333332,17.0,15.0
2011-09-04,20724,RED RETROSPOT CHARLOTTE BAG,120.0,168.76999999999998,1.2643469387755102,23.0,7.0
2011-09-11,20724,RED RETROSPOT CHARLOTTE BAG,580.0,630.9,1.1597278911564626,30.0,22.0
2011-09-18,20724,RED RETROSPOT CHARLOTTE BAG,355.0,407.01,1.1273214285714286,24.0,19.0
2011-09-25,20724,RED RETROSPOT CHARLOTTE BAG,614.0,614.62,1.0790102040816325,30.0,23.0
2011-10-02,20724,RED RETROSPOT CHARLOTTE BAG,236.0,264.95,1.1704183673469386,23.0,19.0
2011-10-09,20724,RED RETROSPOT CHARLOTTE BAG,332.0,464.76,1.1045306122448981,28.0,21.0
2011-10-16,20724,RED RETROSPOT CHARLOTTE BAG,313.0,417.04,1.120595238095238,27.0,21.0
2011-10-23,20724,RED RETROSPOT CHARLOTTE BAG,447.0,520.89,1.2033367346938775,25.0,20.0
2011-10-30,20724,RED RETROSPOT CHARLOTTE BAG,416.0,463.41999999999996,1.129986394557823,24.0,16.0
2011-11-06,20724,RED RETROSPOT CHARLOTTE BAG,260.0,431.31,1.313047619047619,19.0,12.0
2011-11-13,20724,RED RETROSPOT CHARLOTTE BAG,552.0,623.12,1.268190476190476,35.0,26.0
2011-11-20,20724,RED RETROSPOT CHARLOTTE BAG,455.0,714.4399999999999,1.1199795918367346,32.0,25.0
2011-11-27,20724,RED RETROSPOT CHARLOTTE BAG,735.0,998.59,1.2102278911564626,26.0,19.0
2011-12-04,20724,RED RETROSPOT CHARLOTTE BAG,550.0,1044.99,1.2887278911564626,28.0,19.0
2009-12-13,20725,LUNCH BAG RED RETROSPOT,324.0,525.2,1.8588095238095235,25.0,22.0
2009-12-20,20725,LUNCH BAG RED RETROSPOT,236.0,429.15,2.493673469387755,27.0,18.0
2009-12-27,20725,LUNCH BAG RED RETROSPOT,111.0,165.8,3.907142857142857,3.0,2.0
2010-01-03,20725,LUNCH BAG RED RETROSPOT,0.0,0.0,4.3,0.0,0.0
2010-01-10,20725,LUNCH BAG RED RETROSPOT,324.0,494.6,1.633333333333333,15.0,15.0
2010-01-17,20725,LUNCH BAG RED RETROSPOT,190.0,321.93,2.5526666666666666,19.0,9.0
2010-01-24,20725,LUNCH BAG RED RETROSPOT,481.0,746.69,2.019904761904762,22.0,19.0
2010-01-31,20725,LUNCH BAG RED RETROSPOT,504.0,784.4,1.7898095238095237,27.0,23.0
2010-02-07,20725,LUNCH BAG RED RETROSPOT,326.0,521.5799999999999,2.0785714285714283,19.0,14.0
2010-02-14,20725,LUNCH BAG RED RETROSPOT,213.0,371.93,1.9678231292517003,21.0,16.0
2010-02-21,20725,LUNCH BAG RED RETROSPOT,442.0,691.86,1.7870000000000001,25.0,24.0
2010-02-28,20725,LUNCH BAG RED RETROSPOT,373.0,578.01,1.819251700680272,23.0,22.0
2010-03-07,20725,LUNCH BAG RED RETROSPOT,409.0,639.9699999999999,1.6934013605442177,26.0,25.0
2010-03-14,20725,LUNCH BAG RED RETROSPOT,337.0,546.29,1.8741632653061224,25.0,21.0
2010-03-21,20725,LUNCH BAG RED RETROSPOT,397.0,619.45,2.021972789115646,28.0,23.0
2010-03-28,20725,LUNCH BAG RED RETROSPOT,177.0,302.29,2.0157142857142856,19.0,17.0
2010-04-04,20725,LUNCH BAG RED RETROSPOT,425.0,818.3299999999999,2.1716190476190476,22.0,17.0
2010-04-11,20725,LUNCH BAG RED RETROSPOT,298.0,474.26,1.7834285714285714,18.0,17.0
2010-04-18,20725,LUNCH BAG RED RETROSPOT,477.0,722.25,1.6071428571428572,25.0,22.0
2010-04-25,20725,LUNCH BAG RED RETROSPOT,297.0,493.89,2.0907891156462584,43.0,23.0
2010-05-02,20725,LUNCH BAG RED RETROSPOT,314.0,536.02,2.1315238095238094,30.0,25.0
2010-05-09,20725,LUNCH BAG RED RETROSPOT,711.0,1094.27,1.7579591836734692,30.0,27.0
2010-05-16,20725,LUNCH BAG RED RETROSPOT,517.0,800.73,1.9902040816326532,27.0,24.0
2010-05-23,20725,LUNCH BAG RED RETROSPOT,265.0,445.49,2.140285714285714,29.0,25.0
2010-05-30,20725,LUNCH BAG RED RETROSPOT,674.0,1059.78,1.9457922077922076,38.0,35.0
2010-06-06,20725,LUNCH BAG RED RETROSPOT,300.0,503.15999999999997,2.1964761904761905,30.0,25.0
2010-06-13,20725,LUNCH BAG RED RETROSPOT,408.0,666.0,1.963816326530612,35.0,31.0
2010-06-20,20725,LUNCH BAG RED RETROSPOT,459.0,735.27,2.0089523809523806,33.0,28.0
2010-06-27,20725,LUNCH BAG RED RETROSPOT,511.0,873.96,2.430223443223443,42.0,29.0
2010-07-04,20725,LUNCH BAG RED RETROSPOT,536.0,876.99,1.763,44.0,40.0
2010-07-11,20725,LUNCH BAG RED RETROSPOT,211.0,356.39000000000004,1.8576190476190475,25.0,22.0
2010-07-18,20725,LUNCH BAG RED RETROSPOT,575.0,897.55,1.9352380952380952,30.0,27.0
2010-07-25,20725,LUNCH BAG RED RETROSPOT,487.0,773.79,1.8021904761904761,34.0,31.0
2010-08-01,20725,LUNCH BAG RED RETROSPOT,454.0,739.34,1.7136190476190474,38.0,36.0
2010-08-08,20725,LUNCH BAG RED RETROSPOT,694.0,1090.22,1.7556145124716553,31.0,28.0
2010-08-15,20725,LUNCH BAG RED RETROSPOT,608.0,1478.1299999999999,2.29576035868893,41.0,33.0
2010-08-22,20725,LUNCH BAG RED RETROSPOT,940.0,1464.04,1.9354648526077098,46.0,41.0
2010-08-29,20725,LUNCH BAG RED RETROSPOT,450.0,725.62,2.0982539682539683,29.0,27.0
2010-09-05,20725,LUNCH BAG RED RETROSPOT,375.0,1055.26,2.0205354141656664,36.0,28.0
2010-09-12,20725,LUNCH BAG RED RETROSPOT,483.0,762.07,1.7947619047619046,32.0,29.0
2010-09-19,20725,LUNCH BAG RED RETROSPOT,304.0,489.43999999999994,1.9957142857142858,24.0,21.0
2010-09-26,20725,LUNCH BAG RED RETROSPOT,615.0,1061.87,1.6905102040816327,31.0,30.0
2010-10-03,20725,LUNCH BAG RED RETROSPOT,359.0,711.3199999999999,2.0220714285714285,32.0,25.0
2010-10-10,20725,LUNCH BAG RED RETROSPOT,250.0,498.54,1.8865306122448977,26.0,23.0
2010-10-17,20725,LUNCH BAG RED RETROSPOT,524.0,918.38,1.9027551020408162,38.0,35.0
2010-10-24,20725,LUNCH BAG RED RETROSPOT,141.0,296.59000000000003,2.1828571428571424,20.0,18.0
2010-10-31,20725,LUNCH BAG RED RETROSPOT,276.0,534.69,1.954625850340136,26.0,22.0
2010-11-07,20725,LUNCH BAG RED RETROSPOT,530.0,845.22,1.9909523809523808,40.0,35.0
2010-11-14,20725,LUNCH BAG RED RETROSPOT,264.0,580.4699999999999,2.161047619047619,27.0,22.0
2010-11-21,20725,LUNCH BAG RED RETROSPOT,669.0,1045.4,1.9976410256410255,35.0,31.0
2010-11-28,20725,LUNCH BAG RED RETROSPOT,327.0,534.91,1.9891746031746032,32.0,28.0
2010-12-05,20725,LUNCH BAG RED RETROSPOT,511.0,956.4499999999999,2.508469387755102,35.0,24.0
2010-12-12,20725,LUNCH BAG RED RETROSPOT,501.0,1114.03,2.724488095238095,37.0,21.0
2010-12-19,20725,LUNCH BAG RED RETROSPOT,187.0,342.67,2.4422619047619043,21.0,16.0
2010-12-26,20725,LUNCH BAG RED RETROSPOT,44.0,82.84,3.5395238095238097,7.0,3.0
2011-01-02,20725,LUNCH BAG RED RETROSPOT,0.0,0.0,4.21,0.0,0.0
2011-01-09,20725,LUNCH BAG RED RETROSPOT,462.0,707.42,2.200857142857143,19.0,17.0
2011-01-16,20725,LUNCH BAG RED RETROSPOT,642.0,994.26,1.9701360544217685,23.0,19.0
2011-01-23,20725,LUNCH BAG RED RETROSPOT,128.0,198.64000000000001,2.230952380952381,11.0,8.0
2011-01-30,20725,LUNCH BAG RED RETROSPOT,171.0,334.27,2.2457142857142856,24.0,15.0
2011-02-06,20725,LUNCH BAG RED RETROSPOT,417.0,735.76,2.6776190476190473,32.0,22.0
2011-02-13,20725,LUNCH BAG RED RETROSPOT,255.0,433.84,2.3425396825396825,25.0,18.0
2011-02-20,20725,LUNCH BAG RED RETROSPOT,291.0,506.48,2.2688571428571427,29.0,20.0
2011-02-27,20725,LUNCH BAG RED RETROSPOT,369.0,630.07,2.404857142857143,27.0,18.0
2011-03-06,20725,LUNCH BAG RED RETROSPOT,175.0,279.5,2.1523809523809523,15.0,11.0
2011-03-13,20725,LUNCH BAG RED RETROSPOT,148.0,249.64000000000001,1.8814285714285712,17.0,14.0
2011-03-20,20725,LUNCH BAG RED RETROSPOT,278.0,507.17,2.5619183673469386,30.0,21.0
2011-03-27,20725,LUNCH BAG RED RETROSPOT,379.0,678.1600000000001,2.1019047619047617,29.0,24.0
2011-04-03,20725,LUNCH BAG RED RETROSPOT,587.0,1132.73,1.849446505875077,36.0,31.0
2011-04-10,20725,LUNCH BAG RED RETROSPOT,247.0,495.26,1.8061224489795917,25.0,23.0
2011-04-17,20725,LUNCH BAG RED RETROSPOT,305.0,708.47,1.8667261904761905,32.0,30.0
2011-04-24,20725,LUNCH BAG RED RETROSPOT,368.0,763.1800000000001,2.229455782312925,31.0,22.0
2011-05-01,20725,LUNCH BAG RED RETROSPOT,164.0,372.38,1.8731428571428572,18.0,16.0
2011-05-08,20725,LUNCH BAG RED RETROSPOT,289.0,584.42,1.8423626373626372,30.0,26.0
2011-05-15,20725,LUNCH BAG RED RETROSPOT,885.0,1512.49,2.154909297052154,47.0,40.0
2011-05-22,20725,LUNCH BAG RED RETROSPOT,445.0,755.55,1.9867857142857142,38.0,34.0
2011-05-29,20725,LUNCH BAG RED RETROSPOT,684.0,1205.82,1.970578231292517,30.0,27.0
2011-06-05,20725,LUNCH BAG RED RETROSPOT,184.0,339.18,1.856785714285714,26.0,23.0
2011-06-12,20725,LUNCH BAG RED RETROSPOT,585.0,1147.84,2.063401360544218,39.0,34.0
2011-06-19,20725,LUNCH BAG RED RETROSPOT,448.0,826.63,2.1721904761904764,33.0,29.0
2011-06-26,20725,LUNCH BAG RED RETROSPOT,238.0,480.41,1.8744999999999998,26.0,23.0
2011-07-03,20725,LUNCH BAG RED RETROSPOT,303.0,541.1800000000001,1.9553650793650792,27.0,23.0
2011-07-10,20725,LUNCH BAG RED RETROSPOT,440.0,703.36,1.8995604395604393,34.0,27.0
2011-07-17,20725,LUNCH BAG RED RETROSPOT,231.0,386.11,1.9747619047619047,28.0,26.0
2011-07-24,20725,LUNCH BAG RED RETROSPOT,596.0,999.25,1.918404452690167,34.0,31.0
2011-07-31,20725,LUNCH BAG RED RETROSPOT,385.0,710.41,1.8106666666666664,30.0,28.0
2011-08-07,20725,LUNCH BAG RED RETROSPOT,603.0,1077.53,1.9789523809523808,33.0,28.0
2011-08-14,20725,LUNCH BAG RED RETROSPOT,725.0,1353.04,2.022079365079365,43.0,37.0
2011-08-21,20725,LUNCH BAG RED RETROSPOT,433.0,807.13,1.7025396825396826,36.0,35.0
2011-08-28,20725,LUNCH BAG RED RETROSPOT,341.0,661.95,1.8076190476190475,33.0,32.0
2011-09-04,20725,LUNCH BAG RED RETROSPOT,202.0,372.98,2.4117142857142855,34.0,21.0
2011-09-11,20725,LUNCH BAG RED RETROSPOT,524.0,831.88,2.0211111111111113,35.0,29.0
2011-09-18,20725,LUNCH BAG RED RETROSPOT,329.0,544.35,1.8052857142857142,32.0,28.0
2011-09-25,20725,LUNCH BAG RED RETROSPOT,492.0,821.5699999999999,2.1880595238095237,37.0,32.0
2011-10-02,20725,LUNCH BAG RED RETROSPOT,318.0,621.5,2.386222222222222,31.0,27.0
2011-10-09,20725,LUNCH BAG RED RETROSPOT,322.0,805.1899999999999,2.1288367346938775,29.0,24.0
2011-10-16,20725,LUNCH BAG RED RETROSPOT,443.0,849.91,1.959707482993197,38.0,33.0
2011-10-23,20725,LUNCH BAG RED RETROSPOT,276.0,562.82,2.0848095238095237,20.0,17.0
2011-10-30,20725,LUNCH BAG RED RETROSPOT,314.0,570.22,2.122687074829932,30.0,27.0
2011-11-06,20725,LUNCH BAG RED RETROSPOT,323.0,537.62,2.4348571428571426,19.0,15.0
2011-11-13,20725,LUNCH BAG RED RETROSPOT,556.0,1037.92,2.1773098330241187,42.0,35.0
2011-11-20,20725,LUNCH BAG RED RETROSPOT,650.0,1227.1399999999999,2.0760598330241185,46.0,39.0
2011-11-27,20725,LUNCH BAG RED RETROSPOT,276.0,731.75,2.3871666666666664,33.0,25.0
2011-12-04,20725,LUNCH BAG RED RETROSPOT,331.0,794.61,2.4663537414965986,32.0,23.0
2009-12-13,20727,LUNCH BAG  BLACK SKULL.,143.0,243.9,1.905986394557823,26.0,23.0
2009-12-20,20727,LUNCH BAG  BLACK SKULL.,267.0,454.4,2.212517006802721,25.0,19.0
2009-12-27,20727,LUNCH BAG  BLACK SKULL.,21.0,37.3,3.9214285714285713,2.0,1.0
2010-01-03,20727,LUNCH BAG  BLACK SKULL.,0.0,0.0,4.3,0.0,0.0
2010-01-10,20727,LUNCH BAG  BLACK SKULL.,165.0,252.25,1.6404761904761904,8.0,8.0
2010-01-17,20727,LUNCH BAG  BLACK SKULL.,156.0,242.52,1.8185714285714283,13.0,10.0
2010-01-24,20727,LUNCH BAG  BLACK SKULL.,170.0,270.73999999999995,2.557142857142857,14.0,10.0
2010-01-31,20727,LUNCH BAG  BLACK SKULL.,214.0,338.22,1.8957142857142857,16.0,14.0
2010-02-07,20727,LUNCH BAG  BLACK SKULL.,102.0,171.98000000000002,2.1699999999999995,13.0,11.0
2010-02-14,20727,LUNCH BAG  BLACK SKULL.,179.0,297.91,2.0157142857142856,17.0,15.0
2010-02-21,20727,LUNCH BAG  BLACK SKULL.,243.0,383.51,1.7342857142857142,17.0,16.0
2010-02-28,20727,LUNCH BAG  BLACK SKULL.,300.0,457.56,1.8090476190476192,18.0,16.0
2010-03-07,20727,LUNCH BAG  BLACK SKULL.,77.0,129.60999999999999,1.7719047619047619,14.0,13.0
2010-03-14,20727,LUNCH BAG  BLACK SKULL.,177.0,292.05,1.65,17.0,17.0
2010-03-21,20727,LUNCH BAG  BLACK SKULL.,304.0,461.6,1.6316326530612244,15.0,14.0
2010-03-28,20727,LUNCH BAG  BLACK SKULL.,135.0,225.31,1.7414285714285713,20.0,18.0
2010-04-04,20727,LUNCH BAG  BLACK SKULL.,169.0,276.85,1.6428571428571428,14.0,14.0
2010-04-11,20727,LUNCH BAG  BLACK SKULL.,344.0,537.84,1.9677142857142855,18.0,15.0
2010-04-18,20727,LUNCH BAG  BLACK SKULL.,774.0,1152.3,1.6266233766233764,23.0,16.0
2010-04-25,20727,LUNCH BAG  BLACK SKULL.,210.0,337.7,1.782095238095238,34.0,16.0
2010-05-02,20727,LUNCH BAG  BLACK SKULL.,347.0,562.79,2.0014285714285713,29.0,26.0
2010-05-09,20727,LUNCH BAG  BLACK SKULL.,501.0,762.65,1.6128571428571428,17.0,17.0
2010-05-16,20727,LUNCH BAG  BLACK SKULL.,348.0,539.32,1.8526190476190476,22.0,20.0
2010-05-23,20727,LUNCH BAG  BLACK SKULL.,277.0,469.85,2.180285714285714,26.0,22.0
2010-05-30,20727,LUNCH BAG  BLACK SKULL.,173.0,285.45,1.65,17.0,17.0
2010-06-06,20727,LUNCH BAG  BLACK SKULL.,86.0,144.45999999999998,2.0157142857142856,9.0,8.0
2010-06-13,20727,LUNCH BAG  BLACK SKULL.,2763.0,4044.23,2.292095238095238,26.0,20.0
2010-06-20,20727,LUNCH BAG  BLACK SKULL.,151.0,254.26999999999998,1.7719047619047619,22.0,20.0
2010-06-27,20727,LUNCH BAG  BLACK SKULL.,123.0,208.07,2.1071428571428568,17.0,14.0
2010-07-04,20727,LUNCH BAG  BLACK SKULL.,255.0,410.99,1.8204897959183672,29.0,22.0
2010-07-11,20727,LUNCH BAG  BLACK SKULL.,68.0,125.0,2.472857142857143,16.0,11.0
2010-07-18,20727,LUNCH BAG  BLACK SKULL.,152.0,255.92000000000002,1.7719047619047619,22.0,20.0
2010-07-25,20727,LUNCH BAG  BLACK SKULL.,379.0,587.9100000000001,1.6776190476190476,25.0,24.0
2010-08-01,20727,LUNCH BAG  BLACK SKULL.,306.0,487.46,1.6614285714285713,30.0,29.0
2010-08-08,20727,LUNCH BAG  BLACK SKULL.,324.0,524.8399999999999,1.7159999999999997,22.0,21.0
2010-08-15,20727,LUNCH BAG  BLACK SKULL.,461.0,680.21,2.0399591836734694,26.0,21.0
2010-08-22,20727,LUNCH BAG  BLACK SKULL.,279.0,462.90999999999997,1.8328571428571425,25.0,24.0
2010-08-29,20727,LUNCH BAG  BLACK SKULL.,258.0,416.5,2.094285714285714,18.0,16.0
2010-09-05,20727,LUNCH BAG  BLACK SKULL.,246.0,552.54,2.2150324675324673,26.0,20.0
2010-09-12,20727,LUNCH BAG  BLACK SKULL.,162.0,272.42,1.7753877551020405,21.0,18.0
2010-09-19,20727,LUNCH BAG  BLACK SKULL.,179.0,295.51,1.7149795918367345,22.0,20.0
2010-09-26,20727,LUNCH BAG  BLACK SKULL.,244.0,391.98,1.886547619047619,20.0,18.0
2010-10-03,20727,LUNCH BAG  BLACK SKULL.,161.0,289.52,2.137142857142857,20.0,18.0
2010-10-10,20727,LUNCH BAG  BLACK SKULL.,232.0,416.85,2.2236394557823127,24.0,18.0
2010-10-17,20727,LUNCH BAG  BLACK SKULL.,261.0,433.67,1.961047619047619,26.0,24.0
2010-10-24,20727,LUNCH BAG  BLACK SKULL.,143.0,276.02,2.807142857142857,21.0,19.0
2010-10-31,20727,LUNCH BAG  BLACK SKULL.,130.0,240.92999999999998,1.9849999999999999,23.0,20.0
2010-11-07,20727,LUNCH BAG  BLACK SKULL.,237.0,381.28999999999996,2.683959183673469,27.0,23.0
2010-11-14,20727,LUNCH BAG  BLACK SKULL.,305.0,538.67,2.2050238095238095,30.0,25.0
2010-11-21,20727,LUNCH BAG  BLACK SKULL.,141.0,280.4,2.4543214285714288,28.0,22.0
2010-11-28,20727,LUNCH BAG  BLACK SKULL.,279.0,499.57,2.297936507936508,32.0,27.0
2010-12-05,20727,LUNCH BAG  BLACK SKULL.,698.0,1187.75,2.2116190476190476,30.0,23.0
2010-12-12,20727,LUNCH BAG  BLACK SKULL.,261.0,555.99,2.3967959183673466,29.0,20.0
2010-12-19,20727,LUNCH BAG  BLACK SKULL.,88.0,187.84,3.072142857142857,15.0,10.0
2010-12-26,20727,LUNCH BAG  BLACK SKULL.,25.0,90.7,4.087142857142857,3.0,1.0
2011-01-02,20727,LUNCH BAG  BLACK SKULL.,0.0,0.0,4.21,0.0,0.0
2011-01-09,20727,LUNCH BAG  BLACK SKULL.,168.0,296.81,2.259464285714286,15.0,13.0
2011-01-16,20727,LUNCH BAG  BLACK SKULL.,191.0,349.09,2.694523809523809,15.0,10.0
2011-01-23,20727,LUNCH BAG  BLACK SKULL.,187.0,346.45,3.118190476190476,17.0,10.0
2011-01-30,20727,LUNCH BAG  BLACK SKULL.,178.0,350.78999999999996,2.410142857142857,18.0,13.0
2011-02-06,20727,LUNCH BAG  BLACK SKULL.,103.0,188.14999999999998,2.565952380952381,14.0,11.0
2011-02-13,20727,LUNCH BAG  BLACK SKULL.,77.0,164.28,2.7529761904761902,11.0,7.0
2011-02-20,20727,LUNCH BAG  BLACK SKULL.,116.0,220.36,1.9453571428571428,14.0,12.0
2011-02-27,20727,LUNCH BAG  BLACK SKULL.,180.0,285.27,1.9507142857142856,14.0,11.0
2011-03-06,20727,LUNCH BAG  BLACK SKULL.,168.0,262.15999999999997,1.7314285714285713,14.0,13.0
2011-03-13,20727,LUNCH BAG  BLACK SKULL.,185.0,292.69,1.7109523809523808,19.0,17.0
2011-03-20,20727,LUNCH BAG  BLACK SKULL.,114.0,203.82,2.684285714285714,19.0,16.0
2011-03-27,20727,LUNCH BAG  BLACK SKULL.,176.0,310.25,2.0307936507936506,28.0,22.0
2011-04-03,20727,LUNCH BAG  BLACK SKULL.,447.0,722.51,1.8874603174603173,32.0,27.0
2011-04-10,20727,LUNCH BAG  BLACK SKULL.,82.0,135.3,1.65,16.0,15.0
2011-04-17,20727,LUNCH BAG  BLACK SKULL.,147.0,275.65,2.460612244897959,23.0,17.0
2011-04-24,20727,LUNCH BAG  BLACK SKULL.,87.0,185.74,2.2602380952380954,14.0,9.0
2011-05-01,20727,LUNCH BAG  BLACK SKULL.,144.0,247.53,1.7682142857142853,12.0,11.0
2011-05-08,20727,LUNCH BAG  BLACK SKULL.,282.0,493.29,1.8178373015873015,29.0,24.0
2011-05-15,20727,LUNCH BAG  BLACK SKULL.,369.0,668.28,1.9637312925170067,31.0,26.0
2011-05-22,20727,LUNCH BAG  BLACK SKULL.,243.0,425.77,1.7996666666666665,25.0,23.0
2011-05-29,20727,LUNCH BAG  BLACK SKULL.,127.0,264.99,2.684285714285714,17.0,15.0
2011-06-05,20727,LUNCH BAG  BLACK SKULL.,208.0,348.84999999999997,1.9310714285714283,18.0,15.0
2011-06-12,20727,LUNCH BAG  BLACK SKULL.,180.0,363.19,2.482444444444444,28.0,23.0
2011-06-19,20727,LUNCH BAG  BLACK SKULL.,241.0,423.99,1.993904761904762,22.0,20.0
2011-06-26,20727,LUNCH BAG  BLACK SKULL.,405.0,648.93,1.8976666666666664,29.0,26.0
2011-07-03,20727,LUNCH BAG  BLACK SKULL.,171.0,336.76,2.2407142857142857,21.0,19.0
2011-07-10,20727,LUNCH BAG  BLACK SKULL.,448.0,781.1,2.1722108843537415,37.0,28.0
2011-07-17,20727,LUNCH BAG  BLACK SKULL.,235.0,402.29,2.0459047619047617,34.0,29.0
2011-07-24,20727,LUNCH BAG  BLACK SKULL.,306.0,519.79,2.0720748299319727,29.0,25.0
2011-07-31,20727,LUNCH BAG  BLACK SKULL.,316.0,527.0500000000001,1.8097142857142856,25.0,23.0
2011-08-07,20727,LUNCH BAG  BLACK SKULL.,369.0,626.77,2.1177380952380953,18.0,15.0
2011-08-14,20727,LUNCH BAG  BLACK SKULL.,416.0,759.0699999999999,2.1395454545454546,34.0,29.0
2011-08-21,20727,LUNCH BAG  BLACK SKULL.,275.0,496.64,1.7192857142857143,18.0,17.0
2011-08-28,20727,LUNCH BAG  BLACK SKULL.,417.0,820.3100000000001,2.2117142857142857,38.0,36.0
2011-09-04,20727,LUNCH BAG  BLACK SKULL.,187.0,523.68,2.938207792207792,31.0,14.0
2011-09-11,20727,LUNCH BAG  BLACK SKULL.,277.0,644.87,2.208357142857143,32.0,26.0
2011-09-18,20727,LUNCH BAG  BLACK SKULL.,302.0,581.05,1.797111111111111,35.0,33.0
2011-09-25,20727,LUNCH BAG  BLACK SKULL.,422.0,682.57,1.95756462585034,32.0,29.0
2011-10-02,20727,LUNCH BAG  BLACK SKULL.,235.0,410.09,1.833142857142857,26.0,24.0
2011-10-09,20727,LUNCH BAG  BLACK SKULL.,332.0,636.26,2.406513605442177,26.0,22.0
2011-10-16,20727,LUNCH BAG  BLACK SKULL.,347.0,586.19,2.031394557823129,27.0,22.0
2011-10-23,20727,LUNCH BAG  BLACK SKULL.,150.0,285.56,1.8035918367346937,27.0,21.0
2011-10-30,20727,LUNCH BAG  BLACK SKULL.,134.0,226.06,1.700612244897959,24.0,23.0
2011-11-06,20727,LUNCH BAG  BLACK SKULL.,108.0,214.57999999999998,2.063571428571428,18.0,15.0
2011-11-13,20727,LUNCH BAG  BLACK SKULL.,266.0,517.5,2.1160317460317457,38.0,31.0
2011-11-20,20727,LUNCH BAG  BLACK SKULL.,389.0,697.28,2.0126224489795916,44.0,38.0
2011-11-27,20727,LUNCH BAG  BLACK SKULL.,351.0,642.7099999999999,2.3303275771847196,41.0,33.0
2011-12-04,20727,LUNCH BAG  BLACK SKULL.,285.0,594.69,2.3779666048237473,34.0,26.0
2009-12-13,21080,SET/20 RED RETROSPOT PAPER NAPKINS,231.0,206.54999999999998,0.9381802721088436,19.0,16.0
2009-12-20,21080,SET/20 RED RETROSPOT PAPER NAPKINS,243.0,192.34,0.9221428571428572,21.0,15.0
2009-12-27,21080,SET/20 RED RETROSPOT PAPER NAPKINS,6.0,5.95,1.2142857142857142,3.0,1.0
2010-01-03,21080,SET/20 RED RETROSPOT PAPER NAPKINS,0.0,0.0,1.275,0.0,0.0
2010-01-10,21080,SET/20 RED RETROSPOT PAPER NAPKINS,420.0,296.52,0.8150000000000001,12.0,12.0
2010-01-17,21080,SET/20 RED RETROSPOT PAPER NAPKINS,629.0,441.38,1.026451247165533,24.0,17.0
2010-01-24,21080,SET/20 RED RETROSPOT PAPER NAPKINS,135.0,121.22999999999999,0.994642857142857,20.0,14.0
2010-01-31,21080,SET/20 RED RETROSPOT PAPER NAPKINS,153.0,131.67,0.9657142857142856,18.0,15.0
2010-02-07,21080,SET/20 RED RETROSPOT PAPER NAPKINS,70.0,63.55,1.062142857142857,14.0,10.0
2010-02-14,21080,SET/20 RED RETROSPOT PAPER NAPKINS,174.0,153.57,0.8789285714285714,16.0,15.0
2010-02-21,21080,SET/20 RED RETROSPOT PAPER NAPKINS,259.0,202.42,1.1317857142857142,18.0,15.0
2010-02-28,21080,SET/20 RED RETROSPOT PAPER NAPKINS,219.0,174.09,1.1587857142857143,18.0,14.0
2010-03-07,21080,SET/20 RED RETROSPOT PAPER NAPKINS,415.0,293.08,0.8629285714285714,17.0,16.0
2010-03-14,21080,SET/20 RED RETROSPOT PAPER NAPKINS,829.0,591.79,0.9580612244897958,26.0,22.0
2010-03-21,21080,SET/20 RED RETROSPOT PAPER NAPKINS,567.0,429.56999999999994,0.9448571428571428,26.0,21.0
2010-03-28,21080,SET/20 RED RETROSPOT PAPER NAPKINS,425.0,324.16999999999996,0.9771428571428571,24.0,22.0
2010-04-04,21080,SET/20 RED RETROSPOT PAPER NAPKINS,114.0,108.19999999999999,0.9607142857142856,14.0,11.0
2010-04-11,21080,SET/20 RED RETROSPOT PAPER NAPKINS,131.0,112.16,0.866530612244898,18.0,17.0
2010-04-18,21080,SET/20 RED RETROSPOT PAPER NAPKINS,153.0,130.04999999999998,0.85,20.0,20.0
2010-04-25,21080,SET/20 RED RETROSPOT PAPER NAPKINS,297.0,250.10999999999999,1.0623571428571428,26.0,15.0
2010-05-02,21080,SET/20 RED RETROSPOT PAPER NAPKINS,1361.0,923.03,0.9427922077922078,26.0,22.0
2010-05-09,21080,SET/20 RED RETROSPOT PAPER NAPKINS,666.0,502.92,0.9489642857142858,29.0,21.0
2010-05-16,21080,SET/20 RED RETROSPOT PAPER NAPKINS,243.0,189.63,0.9404285714285715,24.0,21.0
2010-05-23,21080,SET/20 RED RETROSPOT PAPER NAPKINS,291.0,230.42999999999998,1.1015714285714284,27.0,24.0
2010-05-30,21080,SET/20 RED RETROSPOT PAPER NAPKINS,797.0,573.5,0.9545204081632653,34.0,28.0
2010-06-06,21080,SET/20 RED RETROSPOT PAPER NAPKINS,313.0,256.42,1.0405612244897957,28.0,22.0
2010-06-13,21080,SET/20 RED RETROSPOT PAPER NAPKINS,470.0,385.01,0.940891156462585,46.0,41.0
2010-06-20,21080,SET/20 RED RETROSPOT PAPER NAPKINS,555.0,402.45,1.1722857142857142,30.0,23.0
2010-06-27,21080,SET/20 RED RETROSPOT PAPER NAPKINS,210.0,179.96999999999997,0.9045714285714286,24.0,21.0
2010-07-04,21080,SET/20 RED RETROSPOT PAPER NAPKINS,1167.0,831.81,0.8780782312925169,32.0,27.0
2010-07-11,21080,SET/20 RED RETROSPOT PAPER NAPKINS,356.0,305.21,1.0521428571428573,21.0,13.0
2010-07-18,21080,SET/20 RED RETROSPOT PAPER NAPKINS,512.0,377.15,0.9664999999999999,27.0,25.0
2010-07-25,21080,SET/20 RED RETROSPOT PAPER NAPKINS,354.0,262.2,0.9289285714285713,18.0,16.0
2010-08-01,21080,SET/20 RED RETROSPOT PAPER NAPKINS,129.0,115.32,0.9271428571428572,16.0,13.0
2010-08-08,21080,SET/20 RED RETROSPOT PAPER NAPKINS,102.0,89.93999999999998,0.9271428571428572,12.0,11.0
2010-08-15,21080,SET/20 RED RETROSPOT PAPER NAPKINS,338.0,344.96,1.082547619047619,27.0,20.0
2010-08-22,21080,SET/20 RED RETROSPOT PAPER NAPKINS,281.0,228.41,0.9788571428571429,28.0,24.0
2010-08-29,21080,SET/20 RED RETROSPOT PAPER NAPKINS,282.0,224.4,0.998142857142857,19.0,16.0
2010-09-05,21080,SET/20 RED RETROSPOT PAPER NAPKINS,269.0,278.33,1.07015873015873,23.0,15.0
2010-09-12,21080,SET/20 RED RETROSPOT PAPER NAPKINS,188.0,169.51999999999998,0.9271428571428572,19.0,14.0
2010-09-19,21080,SET/20 RED RETROSPOT PAPER NAPKINS,225.0,173.51999999999998,0.9314285714285714,16.0,13.0
2010-09-26,21080,SET/20 RED RETROSPOT PAPER NAPKINS,300.0,256.98999999999995,1.0025,15.0,12.0
2010-10-03,21080,SET/20 RED RETROSPOT PAPER NAPKINS,401.0,323.15999999999997,0.8989591836734693,26.0,22.0
2010-10-10,21080,SET/20 RED RETROSPOT PAPER NAPKINS,207.0,189.15,1.049,22.0,17.0
2010-10-17,21080,SET/20 RED RETROSPOT PAPER NAPKINS,385.0,320.37,0.9017857142857143,27.0,25.0
2010-10-24,21080,SET/20 RED RETROSPOT PAPER NAPKINS,166.0,154.38,1.087142857142857,17.0,14.0
2010-10-31,21080,SET/20 RED RETROSPOT PAPER NAPKINS,147.0,152.2,1.1701190476190475,17.0,12.0
2010-11-07,21080,SET/20 RED RETROSPOT PAPER NAPKINS,484.0,353.34999999999997,0.9329285714285714,25.0,22.0
2010-11-14,21080,SET/20 RED RETROSPOT PAPER NAPKINS,108.0,129.94,1.1883809523809525,19.0,14.0
2010-11-21,21080,SET/20 RED RETROSPOT PAPER NAPKINS,399.0,322.76,1.0644285714285713,26.0,20.0
2010-11-28,21080,SET/20 RED RETROSPOT PAPER NAPKINS,226.0,221.73999999999998,1.082142857142857,20.0,18.0
2010-12-05,21080,SET/20 RED RETROSPOT PAPER NAPKINS,990.0,799.5699999999999,1.0829761904761903,25.0,21.0
2010-12-12,21080,SET/20 RED RETROSPOT PAPER NAPKINS,644.0,573.3199999999999,1.203673469387755,28.0,23.0
2010-12-19,21080,SET/20 RED RETROSPOT PAPER NAPKINS,52.0,56.63,1.1026190476190476,10.0,4.0
2010-12-26,21080,SET/20 RED RETROSPOT PAPER NAPKINS,55.0,69.91,1.2578571428571428,7.0,3.0
2011-01-02,21080,SET/20 RED RETROSPOT PAPER NAPKINS,0.0,0.0,1.2550000000000001,0.0,0.0
2011-01-09,21080,SET/20 RED RETROSPOT PAPER NAPKINS,276.0,231.04000000000002,0.963392857142857,20.0,18.0
2011-01-16,21080,SET/20 RED RETROSPOT PAPER NAPKINS,218.0,188.49,1.1388095238095237,17.0,12.0
2011-01-23,21080,SET/20 RED RETROSPOT PAPER NAPKINS,265.0,208.26,1.0571428571428572,21.0,18.0
2011-01-30,21080,SET/20 RED RETROSPOT PAPER NAPKINS,151.0,136.35,0.9921428571428572,18.0,14.0
2011-02-06,21080,SET/20 RED RETROSPOT PAPER NAPKINS,318.0,242.85999999999999,1.1635000000000002,16.0,13.0
2011-02-13,21080,SET/20 RED RETROSPOT PAPER NAPKINS,319.0,289.15,1.2696666666666665,16.0,10.0
2011-02-20,21080,SET/20 RED RETROSPOT PAPER NAPKINS,386.0,316.59999999999997,1.0254285714285714,25.0,18.0
2011-02-27,21080,SET/20 RED RETROSPOT PAPER NAPKINS,266.0,212.21,1.388452380952381,14.0,9.0
2011-03-06,21080,SET/20 RED RETROSPOT PAPER NAPKINS,408.0,321.84000000000003,0.9769047619047618,17.0,12.0
2011-03-13,21080,SET/20 RED RETROSPOT PAPER NAPKINS,136.0,120.42999999999999,1.0799999999999998,18.0,16.0
2011-03-20,21080,SET/20 RED RETROSPOT PAPER NAPKINS,644.0,498.61,0.9202579365079364,30.0,25.0
2011-03-27,21080,SET/20 RED RETROSPOT PAPER NAPKINS,233.0,201.26999999999998,1.011,20.0,18.0
2011-04-03,21080,SET/20 RED RETROSPOT PAPER NAPKINS,586.0,500.38,1.1685714285714286,30.0,21.0
2011-04-10,21080,SET/20 RED RETROSPOT PAPER NAPKINS,185.0,150.28,1.1042857142857143,14.0,11.0
2011-04-17,21080,SET/20 RED RETROSPOT PAPER NAPKINS,460.0,353.56,0.8376190476190476,20.0,20.0
2011-04-24,21080,SET/20 RED RETROSPOT PAPER NAPKINS,177.0,169.17,1.0930204081632653,20.0,12.0
2011-05-01,21080,SET/20 RED RETROSPOT PAPER NAPKINS,161.0,139.97,1.0719285714285713,10.0,6.0
2011-05-08,21080,SET/20 RED RETROSPOT PAPER NAPKINS,212.0,188.0,1.0102448979591836,25.0,19.0
2011-05-15,21080,SET/20 RED RETROSPOT PAPER NAPKINS,349.0,275.59000000000003,0.9327755102040817,25.0,19.0
2011-05-22,21080,SET/20 RED RETROSPOT PAPER NAPKINS,303.0,282.53,1.2730612244897959,24.0,13.0
2011-05-29,21080,SET/20 RED RETROSPOT PAPER NAPKINS,390.0,358.52,1.0094642857142857,20.0,12.0
2011-06-05,21080,SET/20 RED RETROSPOT PAPER NAPKINS,105.0,102.71,1.2191836734693877,16.0,7.0
2011-06-12,21080,SET/20 RED RETROSPOT PAPER NAPKINS,323.0,261.54,1.2135714285714287,20.0,16.0
2011-06-19,21080,SET/20 RED RETROSPOT PAPER NAPKINS,468.0,371.53,1.0360034013605441,26.0,20.0
2011-06-26,21080,SET/20 RED RETROSPOT PAPER NAPKINS,338.0,303.4,1.108,29.0,19.0
2011-07-03,21080,SET/20 RED RETROSPOT PAPER NAPKINS,100.0,105.92999999999999,1.2333333333333332,16.0,10.0
2011-07-10,21080,SET/20 RED RETROSPOT PAPER NAPKINS,270.0,263.31,1.3651899092970523,33.0,16.0
2011-07-17,21080,SET/20 RED RETROSPOT PAPER NAPKINS,92.0,90.97999999999999,1.0788095238095239,13.0,9.0
2011-07-24,21080,SET/20 RED RETROSPOT PAPER NAPKINS,98.0,90.52,1.0695238095238095,16.0,13.0
2011-07-31,21080,SET/20 RED RETROSPOT PAPER NAPKINS,169.0,139.75,1.1099999999999999,11.0,7.0
2011-08-07,21080,SET/20 RED RETROSPOT PAPER NAPKINS,360.0,291.96,0.9998095238095237,18.0,13.0
2011-08-14,21080,SET/20 RED RETROSPOT PAPER NAPKINS,113.0,165.57,1.2421428571428572,11.0,5.0
2011-08-21,21080,SET/20 RED RETROSPOT PAPER NAPKINS,162.0,157.01999999999998,0.896,14.0,13.0
2011-08-28,21080,SET/20 RED RETROSPOT PAPER NAPKINS,294.0,253.52,0.9497857142857142,17.0,14.0
2011-09-04,21080,SET/20 RED RETROSPOT PAPER NAPKINS,194.0,192.79999999999998,1.0820238095238095,24.0,11.0
2011-09-11,21080,SET/20 RED RETROSPOT PAPER NAPKINS,246.0,202.86,1.0032142857142856,19.0,15.0
2011-09-18,21080,SET/20 RED RETROSPOT PAPER NAPKINS,204.0,169.5,0.9366666666666666,13.0,11.0
2011-09-25,21080,SET/20 RED RETROSPOT PAPER NAPKINS,296.0,253.23,1.0494897959183673,19.0,14.0
2011-10-02,21080,SET/20 RED RETROSPOT PAPER NAPKINS,175.0,150.60999999999999,1.0922857142857143,15.0,11.0
2011-10-09,21080,SET/20 RED RETROSPOT PAPER NAPKINS,142.0,130.9,1.088265306122449,18.0,14.0
2011-10-16,21080,SET/20 RED RETROSPOT PAPER NAPKINS,79.0,77.49,1.0395238095238095,15.0,12.0
2011-10-23,21080,SET/20 RED RETROSPOT PAPER NAPKINS,288.0,229.37,0.9685238095238095,18.0,14.0
2011-10-30,21080,SET/20 RED RETROSPOT PAPER NAPKINS,232.0,185.56,0.8797959183673469,21.0,18.0
2011-11-06,21080,SET/20 RED RETROSPOT PAPER NAPKINS,134.0,138.82,0.9885714285714285,13.0,11.0
2011-11-13,21080,SET/20 RED RETROSPOT PAPER NAPKINS,256.0,212.07999999999998,1.0324897959183672,23.0,20.0
2011-11-20,21080,SET/20 RED RETROSPOT PAPER NAPKINS,204.0,166.34,0.9372619047619047,19.0,16.0
2011-11-27,21080,SET/20 RED RETROSPOT PAPER NAPKINS,294.0,225.68,0.8828571428571428,22.0,19.0
2011-12-04,21080,SET/20 RED RETROSPOT PAPER NAPKINS,118.0,108.89999999999999,1.0742857142857143,17.0,14.0
2009-12-13,21212,PACK OF 72 RETROSPOT CAKE CASES,1123.0,591.25,0.6502485609628467,40.0,33.0
2009-12-20,21212,PACK OF 72 RETROSPOT CAKE CASES,1591.0,813.25,0.7044372294372295,36.0,26.0
2009-12-27,21212,PACK OF 72 RETROSPOT CAKE CASES,764.0,339.34999999999997,1.1447619047619049,9.0,3.0
2010-01-03,21212,PACK OF 72 RETROSPOT CAKE CASES,0.0,0.0,1.3,0.0,0.0
2010-01-10,21212,PACK OF 72 RETROSPOT CAKE CASES,771.0,361.65,0.6534285714285714,12.0,12.0
2010-01-17,21212,PACK OF 72 RETROSPOT CAKE CASES,505.0,271.61,0.8270952380952382,30.0,12.0
2010-01-24,21212,PACK OF 72 RETROSPOT CAKE CASES,1203.0,618.54,0.7041113172541744,38.0,29.0
2010-01-31,21212,PACK OF 72 RETROSPOT CAKE CASES,1445.0,728.4300000000001,0.6801190476190476,40.0,32.0
2010-02-07,21212,PACK OF 72 RETROSPOT CAKE CASES,974.0,464.27000000000004,0.7142857142857143,28.0,23.0
2010-02-14,21212,PACK OF 72 RETROSPOT CAKE CASES,905.0,445.15000000000003,0.7140850340136055,29.0,23.0
2010-02-21,21212,PACK OF 72 RETROSPOT CAKE CASES,881.0,462.11,0.7148214285714286,35.0,31.0
2010-02-28,21212,PACK OF 72 RETROSPOT CAKE CASES,1507.0,692.63,0.8054880952380953,30.0,24.0
2010-03-07,21212,PACK OF 72 RETROSPOT CAKE CASES,1319.0,617.29,0.6191141001855288,36.0,31.0
2010-03-14,21212,PACK OF 72 RETROSPOT CAKE CASES,689.0,366.0,0.7851275510204082,26.0,17.0
2010-03-21,21212,PACK OF 72 RETROSPOT CAKE CASES,1302.0,626.77,0.6524744897959184,40.0,32.0
2010-03-28,21212,PACK OF 72 RETROSPOT CAKE CASES,880.0,442.31,0.625330859616574,34.0,30.0
2010-04-04,21212,PACK OF 72 RETROSPOT CAKE CASES,559.0,396.63,0.7055238095238096,25.0,19.0
2010-04-11,21212,PACK OF 72 RETROSPOT CAKE CASES,1724.0,764.9599999999999,0.5927891156462586,22.0,18.0
2010-04-18,21212,PACK OF 72 RETROSPOT CAKE CASES,1300.0,621.4,0.5221428571428571,17.0,17.0
2010-04-25,21212,PACK OF 72 RETROSPOT CAKE CASES,792.0,444.82000000000005,0.708047619047619,45.0,31.0
2010-05-02,21212,PACK OF 72 RETROSPOT CAKE CASES,1472.0,724.03,0.6485034013605443,44.0,37.0
2010-05-09,21212,PACK OF 72 RETROSPOT CAKE CASES,961.0,471.26000000000005,0.6133491032776748,38.0,33.0
2010-05-16,21212,PACK OF 72 RETROSPOT CAKE CASES,912.0,457.72,0.6940952380952382,32.0,27.0
2010-05-23,21212,PACK OF 72 RETROSPOT CAKE CASES,939.0,494.74,0.6981678004535148,35.0,31.0
2010-05-30,21212,PACK OF 72 RETROSPOT CAKE CASES,1495.0,710.75,0.6513690476190478,36.0,30.0
2010-06-06,21212,PACK OF 72 RETROSPOT CAKE CASES,837.0,408.17,0.6836904761904762,29.0,24.0
2010-06-13,21212,PACK OF 72 RETROSPOT CAKE CASES,1459.0,727.7,0.602857142857143,47.0,43.0
2010-06-20,21212,PACK OF 72 RETROSPOT CAKE CASES,717.0,355.58,0.6443492063492063,28.0,23.0
2010-06-27,21212,PACK OF 72 RETROSPOT CAKE CASES,484.0,324.79,0.8467703081232493,40.0,18.0
2010-07-04,21212,PACK OF 72 RETROSPOT CAKE CASES,1497.0,725.48,0.5670238095238096,42.0,39.0
2010-07-11,21212,PACK OF 72 RETROSPOT CAKE CASES,1137.0,536.86,0.6387619047619049,30.0,25.0
2010-07-18,21212,PACK OF 72 RETROSPOT CAKE CASES,850.0,442.87,0.633357142857143,34.0,28.0
2010-07-25,21212,PACK OF 72 RETROSPOT CAKE CASES,1481.0,770.6700000000001,0.6516496598639456,31.0,27.0
2010-08-01,21212,PACK OF 72 RETROSPOT CAKE CASES,795.0,426.76,0.599047619047619,35.0,30.0
2010-08-08,21212,PACK OF 72 RETROSPOT CAKE CASES,330.0,175.99,0.5947142857142858,19.0,18.0
2010-08-15,21212,PACK OF 72 RETROSPOT CAKE CASES,1900.0,1292.6799999999998,0.7713469387755102,37.0,27.0
2010-08-22,21212,PACK OF 72 RETROSPOT CAKE CASES,1859.0,871.56,0.5885374149659864,36.0,32.0
2010-08-29,21212,PACK OF 72 RETROSPOT CAKE CASES,397.0,224.19000000000003,0.7943265306122449,23.0,18.0
2010-09-05,21212,PACK OF 72 RETROSPOT CAKE CASES,1097.0,752.03,0.7953571428571429,31.0,22.0
2010-09-12,21212,PACK OF 72 RETROSPOT CAKE CASES,687.0,367.36,0.6207857142857144,26.0,23.0
2010-09-19,21212,PACK OF 72 RETROSPOT CAKE CASES,1006.0,506.03,0.6653809523809524,34.0,30.0
2010-09-26,21212,PACK OF 72 RETROSPOT CAKE CASES,1064.0,598.52,0.6350453514739229,38.0,34.0
2010-10-03,21212,PACK OF 72 RETROSPOT CAKE CASES,1299.0,713.11,0.628359101216244,53.0,45.0
2010-10-10,21212,PACK OF 72 RETROSPOT CAKE CASES,2731.0,1269.57,0.6076082251082251,41.0,35.0
2010-10-17,21212,PACK OF 72 RETROSPOT CAKE CASES,1561.0,855.1800000000001,0.7010793650793651,46.0,38.0
2010-10-24,21212,PACK OF 72 RETROSPOT CAKE CASES,1360.0,693.58,0.7428458049886622,46.0,41.0
2010-10-31,21212,PACK OF 72 RETROSPOT CAKE CASES,613.0,399.59000000000003,0.6968197278911565,33.0,25.0
2010-11-07,21212,PACK OF 72 RETROSPOT CAKE CASES,1097.0,552.63,0.6360083725798013,47.0,41.0
2010-11-14,21212,PACK OF 72 RETROSPOT CAKE CASES,896.0,685.33,0.7539623233908949,48.0,39.0
2010-11-21,21212,PACK OF 72 RETROSPOT CAKE CASES,1687.0,969.86,0.7090337043908473,44.0,35.0
2010-11-28,21212,PACK OF 72 RETROSPOT CAKE CASES,1307.0,706.98,0.7677772108843538,53.0,44.0
2010-12-05,21212,PACK OF 72 RETROSPOT CAKE CASES,2814.0,1720.62,0.7296103896103896,43.0,34.0
2010-12-12,21212,PACK OF 72 RETROSPOT CAKE CASES,1717.0,1463.52,0.7752619047619048,40.0,29.0
2010-12-19,21212,PACK OF 72 RETROSPOT CAKE CASES,664.0,535.0799999999999,0.8797142857142857,20.0,13.0
2010-12-26,21212,PACK OF 72 RETROSPOT CAKE CASES,1363.0,595.97,0.6799285714285714,12.0,7.0
2011-01-02,21212,PACK OF 72 RETROSPOT CAKE CASES,0.0,0.0,0.55,0.0,0.0
2011-01-09,21212,PACK OF 72 RETROSPOT CAKE CASES,324.0,162.6,0.5407142857142857,14.0,14.0
2011-01-16,21212,PACK OF 72 RETROSPOT CAKE CASES,619.0,300.96000000000004,0.7627857142857143,24.0,17.0
2011-01-23,21212,PACK OF 72 RETROSPOT CAKE CASES,1753.0,766.0699999999999,0.987,16.0,9.0
2011-01-30,21212,PACK OF 72 RETROSPOT CAKE CASES,557.0,347.24,0.9745,23.0,16.0
2011-02-06,21212,PACK OF 72 RETROSPOT CAKE CASES,558.0,332.66,0.7444642857142858,27.0,23.0
2011-02-13,21212,PACK OF 72 RETROSPOT CAKE CASES,347.0,213.24,0.8879761904761905,17.0,11.0
2011-02-20,21212,PACK OF 72 RETROSPOT CAKE CASES,526.0,283.59000000000003,0.6961428571428572,17.0,13.0
2011-02-27,21212,PACK OF 72 RETROSPOT CAKE CASES,718.0,385.56000000000006,0.7553809523809525,32.0,26.0
2011-03-06,21212,PACK OF 72 RETROSPOT CAKE CASES,689.0,351.95,0.5960714285714286,27.0,22.0
2011-03-13,21212,PACK OF 72 RETROSPOT CAKE CASES,814.0,484.09000000000003,0.8027380952380953,22.0,16.0
2011-03-20,21212,PACK OF 72 RETROSPOT CAKE CASES,1303.0,698.98,0.7917755102040817,26.0,21.0
2011-03-27,21212,PACK OF 72 RETROSPOT CAKE CASES,527.0,305.73,0.6821904761904763,32.0,27.0
2011-04-03,21212,PACK OF 72 RETROSPOT CAKE CASES,785.0,534.93,0.673582251082251,29.0,23.0
2011-04-10,21212,PACK OF 72 RETROSPOT CAKE CASES,669.0,455.04,0.696607142857143,35.0,29.0
2011-04-17,21212,PACK OF 72 RETROSPOT CAKE CASES,600.0,426.39,0.7928571428571428,31.0,29.0
2011-04-24,21212,PACK OF 72 RETROSPOT CAKE CASES,1421.0,674.59,0.6763061224489796,28.0,18.0
2011-05-01,21212,PACK OF 72 RETROSPOT CAKE CASES,315.0,211.24,0.6580519480519481,22.0,17.0
2011-05-08,21212,PACK OF 72 RETROSPOT CAKE CASES,788.0,432.09000000000003,0.6615584415584416,34.0,28.0
2011-05-15,21212,PACK OF 72 RETROSPOT CAKE CASES,1647.0,862.68,0.7571190476190477,33.0,25.0
2011-05-22,21212,PACK OF 72 RETROSPOT CAKE CASES,599.0,339.47,0.7645238095238095,28.0,22.0
2011-05-29,21212,PACK OF 72 RETROSPOT CAKE CASES,360.0,284.12000000000006,0.7040952380952381,21.0,18.0
2011-06-05,21212,PACK OF 72 RETROSPOT CAKE CASES,229.0,159.09,0.8796428571428571,16.0,12.0
2011-06-12,21212,PACK OF 72 RETROSPOT CAKE CASES,619.0,408.44,0.7482040816326531,29.0,22.0
2011-06-19,21212,PACK OF 72 RETROSPOT CAKE CASES,856.0,456.27,0.7111666666666666,27.0,22.0
2011-06-26,21212,PACK OF 72 RETROSPOT CAKE CASES,181.0,121.28000000000002,0.7645238095238095,21.0,15.0
2011-07-03,21212,PACK OF 72 RETROSPOT CAKE CASES,123.0,114.11999999999999,0.6926190476190477,8.0,6.0
2011-07-10,21212,PACK OF 72 RETROSPOT CAKE CASES,1112.0,595.58,0.8541156462585034,23.0,15.0
2011-07-17,21212,PACK OF 72 RETROSPOT CAKE CASES,253.0,169.49,0.6947619047619048,21.0,17.0
2011-07-24,21212,PACK OF 72 RETROSPOT CAKE CASES,335.0,256.6,0.800357142857143,23.0,17.0
2011-07-31,21212,PACK OF 72 RETROSPOT CAKE CASES,1083.0,567.08,0.6248571428571429,24.0,21.0
2011-08-07,21212,PACK OF 72 RETROSPOT CAKE CASES,445.0,238.73000000000002,0.6827142857142857,15.0,13.0
2011-08-14,21212,PACK OF 72 RETROSPOT CAKE CASES,335.0,224.74,0.8,15.0,9.0
2011-08-21,21212,PACK OF 72 RETROSPOT CAKE CASES,1650.0,771.73,0.8323809523809524,23.0,22.0
2011-08-28,21212,PACK OF 72 RETROSPOT CAKE CASES,508.0,308.17,0.6864285714285715,20.0,17.0
2011-09-04,21212,PACK OF 72 RETROSPOT CAKE CASES,459.0,268.90000000000003,0.7661428571428572,28.0,16.0
2011-09-11,21212,PACK OF 72 RETROSPOT CAKE CASES,712.0,381.39,0.7633333333333334,24.0,21.0
2011-09-18,21212,PACK OF 72 RETROSPOT CAKE CASES,955.0,478.10999999999996,0.8698412698412697,22.0,16.0
2011-09-25,21212,PACK OF 72 RETROSPOT CAKE CASES,1028.0,555.25,0.7690357142857144,39.0,30.0
2011-10-02,21212,PACK OF 72 RETROSPOT CAKE CASES,359.0,227.66000000000003,0.7421428571428572,26.0,22.0
2011-10-09,21212,PACK OF 72 RETROSPOT CAKE CASES,477.0,328.57000000000005,0.7756926406926407,29.0,23.0
2011-10-16,21212,PACK OF 72 RETROSPOT CAKE CASES,499.0,321.49,0.7965873015873016,27.0,21.0
2011-10-23,21212,PACK OF 72 RETROSPOT CAKE CASES,507.0,263.39,0.9095714285714286,18.0,15.0
2011-10-30,21212,PACK OF 72 RETROSPOT CAKE CASES,521.0,258.15,0.5626190476190477,27.0,27.0
2011-11-06,21212,PACK OF 72 RETROSPOT CAKE CASES,1042.0,514.65,0.6908928571428572,30.0,27.0
2011-11-13,21212,PACK OF 72 RETROSPOT CAKE CASES,362.0,267.61,0.878544217687075,30.0,21.0
2011-11-20,21212,PACK OF 72 RETROSPOT CAKE CASES,590.0,398.18,0.8178382807668523,39.0,30.0
2011-11-27,21212,PACK OF 72 RETROSPOT CAKE CASES,342.0,317.1,0.9236984126984128,26.0,19.0
2011-12-04,21212,PACK OF 72 RETROSPOT CAKE CASES,546.0,458.38,1.1455,29.0,19.0
2009-12-13,21213,PACK OF 72 SKULL CAKE CASES,195.0,111.75000000000001,0.7642857142857143,15.0,10.0
2009-12-20,21213,PACK OF 72 SKULL CAKE CASES,385.0,214.15,0.9492857142857144,15.0,8.0
2009-12-27,21213,PACK OF 72 SKULL CAKE CASES,485.0,205.85,1.1152380952380951,4.0,1.0
2010-01-03,21213,PACK OF 72 SKULL CAKE CASES,0.0,0.0,1.3,0.0,0.0
2010-01-10,21213,PACK OF 72 SKULL CAKE CASES,207.0,98.25,0.6385714285714287,5.0,5.0
2010-01-17,21213,PACK OF 72 SKULL CAKE CASES,428.0,210.08,0.7583333333333334,15.0,9.0
2010-01-24,21213,PACK OF 72 SKULL CAKE CASES,568.0,249.57999999999998,0.7446428571428572,13.0,9.0
2010-01-31,21213,PACK OF 72 SKULL CAKE CASES,463.0,230.01999999999998,0.6392142857142857,17.0,13.0
2010-02-07,21213,PACK OF 72 SKULL CAKE CASES,177.0,84.67,0.7350000000000001,9.0,6.0
2010-02-14,21213,PACK OF 72 SKULL CAKE CASES,487.0,234.77,0.7095238095238096,14.0,11.0
2010-02-21,21213,PACK OF 72 SKULL CAKE CASES,337.0,163.31,0.6450000000000001,14.0,11.0
2010-02-28,21213,PACK OF 72 SKULL CAKE CASES,165.0,94.4,0.915,10.0,7.0
2010-03-07,21213,PACK OF 72 SKULL CAKE CASES,893.0,393.47999999999996,0.5375,11.0,10.0
2010-03-14,21213,PACK OF 72 SKULL CAKE CASES,260.0,128.86,0.6480952380952382,12.0,10.0
2010-03-21,21213,PACK OF 72 SKULL CAKE CASES,782.0,343.96000000000004,0.6222619047619048,16.0,14.0
2010-03-28,21213,PACK OF 72 SKULL CAKE CASES,175.0,97.71000000000001,0.7064285714285715,11.0,9.0
2010-04-04,21213,PACK OF 72 SKULL CAKE CASES,263.0,129.78000000000003,0.5612142857142858,14.0,13.0
2010-04-11,21213,PACK OF 72 SKULL CAKE CASES,756.0,336.65,0.5960952380952381,11.0,8.0
2010-04-18,21213,PACK OF 72 SKULL CAKE CASES,579.0,302.85,0.5407142857142857,12.0,12.0
2010-04-25,21213,PACK OF 72 SKULL CAKE CASES,246.0,137.49,0.6195238095238096,16.0,14.0
2010-05-02,21213,PACK OF 72 SKULL CAKE CASES,354.0,195.43,0.5760714285714287,17.0,15.0
2010-05-09,21213,PACK OF 72 SKULL CAKE CASES,267.0,132.71,0.6137142857142858,14.0,12.0
2010-05-16,21213,PACK OF 72 SKULL CAKE CASES,317.0,160.21,0.684404761904762,12.0,10.0
2010-05-23,21213,PACK OF 72 SKULL CAKE CASES,577.0,272.01,0.6310714285714286,12.0,11.0
2010-05-30,21213,PACK OF 72 SKULL CAKE CASES,837.0,369.41,0.546,18.0,16.0
2010-06-06,21213,PACK OF 72 SKULL CAKE CASES,47.0,34.61,0.8976190476190476,12.0,5.0
2010-06-13,21213,PACK OF 72 SKULL CAKE CASES,405.0,198.12,0.8535714285714286,15.0,11.0
2010-06-20,21213,PACK OF 72 SKULL CAKE CASES,378.0,194.49,0.6322619047619048,17.0,15.0
2010-06-27,21213,PACK OF 72 SKULL CAKE CASES,232.0,143.78,0.7426190476190476,23.0,12.0
2010-07-04,21213,PACK OF 72 SKULL CAKE CASES,631.0,296.18,0.5495408163265306,24.0,23.0
2010-07-11,21213,PACK OF 72 SKULL CAKE CASES,307.0,145.68,0.8582142857142857,8.0,4.0
2010-07-18,21213,PACK OF 72 SKULL CAKE CASES,103.0,56.65,0.5453571428571429,5.0,4.0
2010-07-25,21213,PACK OF 72 SKULL CAKE CASES,439.0,241.45000000000002,0.55,12.0,12.0
2010-08-01,21213,PACK OF 72 SKULL CAKE CASES,570.0,285.95000000000005,0.5736054421768708,22.0,19.0
2010-08-08,21213,PACK OF 72 SKULL CAKE CASES,101.0,55.550000000000004,0.55,7.0,7.0
2010-08-15,21213,PACK OF 72 SKULL CAKE CASES,1254.0,735.1800000000001,0.9413265306122449,16.0,11.0
2010-08-22,21213,PACK OF 72 SKULL CAKE CASES,1179.0,532.41,0.5585714285714286,15.0,13.0
2010-08-29,21213,PACK OF 72 SKULL CAKE CASES,134.0,73.7,0.55,10.0,10.0
2010-09-05,21213,PACK OF 72 SKULL CAKE CASES,581.0,342.92,0.7789285714285715,18.0,13.0
2010-09-12,21213,PACK OF 72 SKULL CAKE CASES,147.0,82.31,0.6056190476190476,14.0,11.0
2010-09-19,21213,PACK OF 72 SKULL CAKE CASES,1118.0,506.43,0.560952380952381,23.0,22.0
2010-09-26,21213,PACK OF 72 SKULL CAKE CASES,650.0,363.37,0.597795918367347,24.0,22.0
2010-10-03,21213,PACK OF 72 SKULL CAKE CASES,284.0,205.06,0.7150000000000001,15.0,13.0
2010-10-10,21213,PACK OF 72 SKULL CAKE CASES,1823.0,864.42,0.6850476190476191,29.0,25.0
2010-10-17,21213,PACK OF 72 SKULL CAKE CASES,552.0,365.1,0.6325000000000001,29.0,26.0
2010-10-24,21213,PACK OF 72 SKULL CAKE CASES,660.0,393.26,1.089421768707483,28.0,22.0
2010-10-31,21213,PACK OF 72 SKULL CAKE CASES,654.0,391.01,1.0014285714285713,14.0,10.0
2010-11-07,21213,PACK OF 72 SKULL CAKE CASES,724.0,339.45,0.6142857142857142,26.0,21.0
2010-11-14,21213,PACK OF 72 SKULL CAKE CASES,210.0,203.74,0.8991904761904762,22.0,16.0
2010-11-21,21213,PACK OF 72 SKULL CAKE CASES,867.0,471.38,0.770734126984127,32.0,24.0
2010-11-28,21213,PACK OF 72 SKULL CAKE CASES,619.0,363.3,0.8905714285714286,27.0,20.0
2010-12-05,21213,PACK OF 72 SKULL CAKE CASES,318.0,316.62,1.2707142857142857,14.0,9.0
2010-12-12,21213,PACK OF 72 SKULL CAKE CASES,405.0,406.65,1.0797619047619047,13.0,8.0
2010-12-19,21213,PACK OF 72 SKULL CAKE CASES,275.0,200.31,0.7109523809523809,8.0,6.0
2010-12-26,21213,PACK OF 72 SKULL CAKE CASES,705.0,313.52,0.982142857142857,9.0,6.0
2011-01-02,21213,PACK OF 72 SKULL CAKE CASES,0.0,0.0,1.0766666666666664,0.0,0.0
2011-01-09,21213,PACK OF 72 SKULL CAKE CASES,127.0,69.85000000000001,0.6252380952380953,7.0,7.0
2011-01-16,21213,PACK OF 72 SKULL CAKE CASES,132.0,57.73,0.5928571428571429,6.0,5.0
2011-01-23,21213,PACK OF 72 SKULL CAKE CASES,223.0,109.28,0.7833333333333333,9.0,7.0
2011-01-30,21213,PACK OF 72 SKULL CAKE CASES,184.0,90.06,1.1092857142857142,9.0,5.0
2011-02-06,21213,PACK OF 72 SKULL CAKE CASES,243.0,153.59,0.9936394557823129,19.0,14.0
2011-02-13,21213,PACK OF 72 SKULL CAKE CASES,38.0,35.370000000000005,1.1964285714285714,6.0,3.0
2011-02-20,21213,PACK OF 72 SKULL CAKE CASES,179.0,121.14000000000001,0.697047619047619,13.0,9.0
2011-02-27,21213,PACK OF 72 SKULL CAKE CASES,184.0,97.84,1.0871428571428572,8.0,6.0
2011-03-06,21213,PACK OF 72 SKULL CAKE CASES,316.0,142.6,0.6283333333333333,8.0,8.0
2011-03-13,21213,PACK OF 72 SKULL CAKE CASES,128.0,99.47,1.0964285714285713,9.0,6.0
2011-03-20,21213,PACK OF 72 SKULL CAKE CASES,340.0,201.47,0.9778571428571429,10.0,7.0
2011-03-27,21213,PACK OF 72 SKULL CAKE CASES,208.0,124.98000000000002,0.6630952380952382,18.0,15.0
2011-04-03,21213,PACK OF 72 SKULL CAKE CASES,444.0,243.6,0.7028571428571428,11.0,9.0
2011-04-10,21213,PACK OF 72 SKULL CAKE CASES,184.0,114.71000000000001,0.7061904761904761,13.0,10.0
2011-04-17,21213,PACK OF 72 SKULL CAKE CASES,363.0,183.75,1.0325,11.0,8.0
2011-04-24,21213,PACK OF 72 SKULL CAKE CASES,1023.0,429.93,0.6560952380952382,10.0,7.0
2011-05-01,21213,PACK OF 72 SKULL CAKE CASES,152.0,77.18,0.6214285714285713,4.0,3.0
2011-05-08,21213,PACK OF 72 SKULL CAKE CASES,362.0,200.91,0.6343809523809524,14.0,12.0
2011-05-15,21213,PACK OF 72 SKULL CAKE CASES,176.0,133.39000000000001,0.7654761904761905,15.0,11.0
2011-05-22,21213,PACK OF 72 SKULL CAKE CASES,82.0,54.28,0.7685714285714286,6.0,4.0
2011-05-29,21213,PACK OF 72 SKULL CAKE CASES,146.0,116.89000000000001,0.8935714285714286,10.0,7.0
2011-06-05,21213,PACK OF 72 SKULL CAKE CASES,255.0,142.18,0.619047619047619,12.0,10.0
2011-06-12,21213,PACK OF 72 SKULL CAKE CASES,178.0,145.07000000000002,0.9732142857142857,19.0,13.0
2011-06-19,21213,PACK OF 72 SKULL CAKE CASES,503.0,270.63,0.8457142857142858,18.0,15.0
2011-06-26,21213,PACK OF 72 SKULL CAKE CASES,236.0,118.4,0.8942857142857142,15.0,10.0
2011-07-03,21213,PACK OF 72 SKULL CAKE CASES,101.0,56.25000000000001,0.5833333333333334,7.0,6.0
2011-07-10,21213,PACK OF 72 SKULL CAKE CASES,537.0,226.14999999999998,0.6595238095238096,9.0,6.0
2011-07-17,21213,PACK OF 72 SKULL CAKE CASES,206.0,99.1,0.6771428571428572,13.0,11.0
2011-07-24,21213,PACK OF 72 SKULL CAKE CASES,160.0,90.10000000000001,0.6666666666666667,13.0,10.0
2011-07-31,21213,PACK OF 72 SKULL CAKE CASES,231.0,127.75,0.6500000000000001,13.0,12.0
2011-08-07,21213,PACK OF 72 SKULL CAKE CASES,241.0,117.65,0.7407142857142858,5.0,4.0
2011-08-14,21213,PACK OF 72 SKULL CAKE CASES,88.0,49.1,0.5750000000000001,8.0,6.0
2011-08-21,21213,PACK OF 72 SKULL CAKE CASES,852.0,369.78000000000003,0.7578571428571428,10.0,9.0
2011-08-28,21213,PACK OF 72 SKULL CAKE CASES,231.0,156.12,1.06,13.0,10.0
2011-09-04,21213,PACK OF 72 SKULL CAKE CASES,219.0,126.45,0.9095238095238096,15.0,7.0
2011-09-11,21213,PACK OF 72 SKULL CAKE CASES,800.0,394.31,0.8413095238095237,25.0,19.0
2011-09-18,21213,PACK OF 72 SKULL CAKE CASES,865.0,395.09,0.849047619047619,16.0,12.0
2011-09-25,21213,PACK OF 72 SKULL CAKE CASES,420.0,222.36,0.8705714285714287,21.0,15.0
2011-10-02,21213,PACK OF 72 SKULL CAKE CASES,242.0,138.26000000000002,0.7021428571428572,19.0,15.0
2011-10-09,21213,PACK OF 72 SKULL CAKE CASES,274.0,186.66000000000003,0.9794642857142858,19.0,16.0
2011-10-16,21213,PACK OF 72 SKULL CAKE CASES,176.0,107.38000000000001,0.8019047619047619,16.0,13.0
2011-10-23,21213,PACK OF 72 SKULL CAKE CASES,384.0,218.86,0.829795918367347,18.0,13.0
2011-10-30,21213,PACK OF 72 SKULL CAKE CASES,505.0,304.26,0.8265476190476191,18.0,14.0
2011-11-06,21213,PACK OF 72 SKULL CAKE CASES,227.0,165.33,0.8550000000000001,13.0,10.0
2011-11-13,21213,PACK OF 72 SKULL CAKE CASES,117.0,88.44000000000001,0.8457142857142858,16.0,9.0
2011-11-20,21213,PACK OF 72 SKULL CAKE CASES,163.0,146.44,0.8821428571428571,20.0,14.0
2011-11-27,21213,PACK OF 72 SKULL CAKE CASES,64.0,38.13,0.6197619047619048,12.0,9.0
2011-12-04,21213,PACK OF 72 SKULL CAKE CASES,210.0,103.4,0.6740476190476191,14.0,11.0
2009-12-13,21232,STRAWBERRY CERAMIC TRINKET POT,1036.0,1346.72,1.356973704866562,53.0,47.0
2009-12-20,21232,STRAWBERRY CERAMIC TRINKET POT,1324.0,1709.88,1.4616925931211644,53.0,42.0
2009-12-27,21232,STRAWBERRY CERAMIC TRINKET POT,23.0,59.11,2.3814285714285712,5.0,0.0
2010-01-03,21232,STRAWBERRY CERAMIC TRINKET POT,0.0,0.0,2.57,0.0,0.0
2010-01-10,21232,STRAWBERRY CERAMIC TRINKET POT,737.0,808.77,1.1534920634920636,19.0,19.0
2010-01-17,21232,STRAWBERRY CERAMIC TRINKET POT,462.0,622.5600000000001,1.631190476190476,28.0,15.0
2010-01-24,21232,STRAWBERRY CERAMIC TRINKET POT,477.0,589.23,1.7368367346938776,27.0,21.0
2010-01-31,21232,STRAWBERRY CERAMIC TRINKET POT,448.0,519.14,1.5989285714285713,24.0,18.0
2010-02-07,21232,STRAWBERRY CERAMIC TRINKET POT,382.0,505.58,1.522857142857143,27.0,22.0
2010-02-14,21232,STRAWBERRY CERAMIC TRINKET POT,350.0,436.42,1.406984126984127,31.0,26.0
2010-02-21,21232,STRAWBERRY CERAMIC TRINKET POT,171.0,237.69,1.5791428571428572,22.0,15.0
2010-02-28,21232,STRAWBERRY CERAMIC TRINKET POT,567.0,683.01,1.5559761904761904,28.0,22.0
2010-03-07,21232,STRAWBERRY CERAMIC TRINKET POT,796.0,938.1800000000001,1.369795918367347,36.0,32.0
2010-03-14,21232,STRAWBERRY CERAMIC TRINKET POT,397.0,500.81,1.6057738095238094,25.0,16.0
2010-03-21,21232,STRAWBERRY CERAMIC TRINKET POT,597.0,692.97,1.4750436507936509,39.0,31.0
2010-03-28,21232,STRAWBERRY CERAMIC TRINKET POT,320.0,401.44,1.4652142857142856,25.0,21.0
2010-04-04,21232,STRAWBERRY CERAMIC TRINKET POT,295.0,370.42999999999995,1.346122448979592,23.0,19.0
2010-04-11,21232,STRAWBERRY CERAMIC TRINKET POT,215.0,295.39,1.3278571428571428,16.0,13.0
2010-04-18,21232,STRAWBERRY CERAMIC TRINKET POT,224.0,264.04,1.2183333333333335,17.0,17.0
2010-04-25,21232,STRAWBERRY CERAMIC TRINKET POT,491.0,595.87,1.4850068027210883,36.0,23.0
2010-05-02,21232,STRAWBERRY CERAMIC TRINKET POT,446.0,579.1,1.4777142857142855,34.0,28.0
2010-05-09,21232,STRAWBERRY CERAMIC TRINKET POT,658.0,765.62,1.5078571428571428,30.0,24.0
2010-05-16,21232,STRAWBERRY CERAMIC TRINKET POT,711.0,831.8700000000001,1.408174603174603,33.0,27.0
2010-05-23,21232,STRAWBERRY CERAMIC TRINKET POT,288.0,360.18,1.5145714285714287,24.0,20.0
2010-05-30,21232,STRAWBERRY CERAMIC TRINKET POT,575.0,717.25,1.5152857142857141,31.0,25.0
2010-06-06,21232,STRAWBERRY CERAMIC TRINKET POT,186.0,250.14,1.6159999999999999,20.0,15.0
2010-06-13,21232,STRAWBERRY CERAMIC TRINKET POT,541.0,673.9100000000001,1.442396103896104,37.0,31.0
2010-06-20,21232,STRAWBERRY CERAMIC TRINKET POT,620.0,711.82,1.4937619047619048,26.0,20.0
2010-06-27,21232,STRAWBERRY CERAMIC TRINKET POT,425.0,520.27,1.476765306122449,30.0,24.0
2010-07-04,21232,STRAWBERRY CERAMIC TRINKET POT,538.0,637.76,1.3581746031746031,31.0,26.0
2010-07-11,21232,STRAWBERRY CERAMIC TRINKET POT,456.0,553.98,1.4992295918367347,36.0,30.0
2010-07-18,21232,STRAWBERRY CERAMIC TRINKET POT,728.0,855.46,1.392297619047619,41.0,34.0
2010-07-25,21232,STRAWBERRY CERAMIC TRINKET POT,443.0,531.4300000000001,1.3173160173160172,29.0,25.0
2010-08-01,21232,STRAWBERRY CERAMIC TRINKET POT,448.0,526.52,1.3330714285714287,25.0,22.0
2010-08-08,21232,STRAWBERRY CERAMIC TRINKET POT,231.0,283.89,1.3054761904761905,16.0,15.0
2010-08-15,21232,STRAWBERRY CERAMIC TRINKET POT,476.0,707.77,1.7967532467532465,39.0,28.0
2010-08-22,21232,STRAWBERRY CERAMIC TRINKET POT,440.0,555.22,1.4311071428571427,34.0,30.0
2010-08-29,21232,STRAWBERRY CERAMIC TRINKET POT,355.0,436.37,1.4278367346938776,30.0,26.0
2010-09-05,21232,STRAWBERRY CERAMIC TRINKET POT,312.0,479.1700000000001,1.5245408163265306,21.0,16.0
2010-09-12,21232,STRAWBERRY CERAMIC TRINKET POT,398.0,497.68,1.3730357142857144,35.0,30.0
2010-09-19,21232,STRAWBERRY CERAMIC TRINKET POT,405.0,483.92999999999995,1.4635324675324675,26.0,24.0
2010-09-26,21232,STRAWBERRY CERAMIC TRINKET POT,468.0,693.37,1.4974935064935064,38.0,30.0
2010-10-03,21232,STRAWBERRY CERAMIC TRINKET POT,445.0,702.6,1.5506709956709959,36.0,30.0
2010-10-10,21232,STRAWBERRY CERAMIC TRINKET POT,1028.0,1330.07,1.9245367965367965,43.0,35.0
2010-10-17,21232,STRAWBERRY CERAMIC TRINKET POT,410.0,618.1800000000001,1.4815986394557823,33.0,26.0
2010-10-24,21232,STRAWBERRY CERAMIC TRINKET POT,452.0,646.62,1.6697380952380951,39.0,33.0
2010-10-31,21232,STRAWBERRY CERAMIC TRINKET POT,583.0,749.3199999999999,1.5863571428571428,38.0,32.0
2010-11-07,21232,STRAWBERRY CERAMIC TRINKET POT,616.0,734.9,1.4221031746031747,28.0,25.0
2010-11-14,21232,STRAWBERRY CERAMIC TRINKET POT,1010.0,1247.2800000000002,1.4761525974025973,41.0,33.0
2010-11-21,21232,STRAWBERRY CERAMIC TRINKET POT,431.0,555.31,1.4437499999999999,34.0,28.0
2010-11-28,21232,STRAWBERRY CERAMIC TRINKET POT,554.0,691.78,1.373560606060606,41.0,33.0
2010-12-05,21232,STRAWBERRY CERAMIC TRINKET POT,1680.0,2345.3799999999997,1.5593622448979592,32.0,23.0
2010-12-12,21232,STRAWBERRY CERAMIC TRINKET POT,603.0,1029.57,1.8307380952380952,28.0,18.0
2010-12-19,21232,STRAWBERRY CERAMIC TRINKET POT,366.0,510.63,1.642047619047619,29.0,21.0
2010-12-26,21232,STRAWBERRY CERAMIC TRINKET POT,47.0,62.53,2.375,5.0,3.0
2011-01-02,21232,STRAWBERRY CERAMIC TRINKET POT,0.0,0.0,2.5100000000000002,0.0,0.0
2011-01-09,21232,STRAWBERRY CERAMIC TRINKET POT,140.0,163.84,1.7232142857142858,13.0,11.0
2011-01-16,21232,STRAWBERRY CERAMIC TRINKET POT,40.0,60.08,1.55,6.0,3.0
2011-01-23,21232,STRAWBERRY CERAMIC TRINKET POT,160.0,191.16000000000003,1.596047619047619,11.0,8.0
2011-01-30,21232,STRAWBERRY CERAMIC TRINKET POT,158.0,192.26000000000002,1.7569523809523808,12.0,7.0
2011-02-06,21232,STRAWBERRY CERAMIC TRINKET POT,286.0,388.63,2.1286666666666667,24.0,15.0
2011-02-13,21232,STRAWBERRY CERAMIC TRINKET POT,113.0,231.32,1.8060714285714285,12.0,8.0
2011-02-20,21232,STRAWBERRY CERAMIC TRINKET POT,146.0,232.15,1.5733333333333335,14.0,10.0
2011-02-27,21232,STRAWBERRY CERAMIC TRINKET POT,439.0,547.35,1.5574999999999999,18.0,14.0
2011-03-06,21232,STRAWBERRY CERAMIC TRINKET POT,306.0,353.97,1.4162142857142859,17.0,12.0
2011-03-13,21232,STRAWBERRY CERAMIC TRINKET POT,316.0,483.5,1.6725340136054423,23.0,15.0
2011-03-20,21232,STRAWBERRY CERAMIC TRINKET POT,146.0,184.92,1.422857142857143,11.0,10.0
2011-03-27,21232,STRAWBERRY CERAMIC TRINKET POT,347.0,395.13000000000005,1.2889285714285716,17.0,15.0
2011-04-03,21232,STRAWBERRY CERAMIC TRINKET POT,272.0,331.51,1.4798095238095237,22.0,17.0
2011-04-10,21232,STRAWBERRY CERAMIC TRINKET POT,200.0,222.64000000000001,1.2174285714285715,8.0,8.0
2011-04-17,21232,STRAWBERRY CERAMIC TRINKET POT,178.0,240.86,1.5997142857142859,19.0,13.0
2011-04-24,21232,STRAWBERRY CERAMIC TRINKET POT,139.0,206.42,1.6187619047619048,13.0,9.0
2011-05-01,21232,STRAWBERRY CERAMIC TRINKET POT,214.0,271.12,1.5193214285714285,15.0,8.0
2011-05-08,21232,STRAWBERRY CERAMIC TRINKET POT,262.0,335.36,1.5350510204081633,19.0,15.0
2011-05-15,21232,STRAWBERRY CERAMIC TRINKET POT,136.0,246.62,1.8940714285714286,15.0,8.0
2011-05-22,21232,STRAWBERRY CERAMIC TRINKET POT,329.0,412.96000000000004,1.5554081632653063,23.0,19.0
2011-05-29,21232,STRAWBERRY CERAMIC TRINKET POT,126.0,216.21,1.6105714285714288,14.0,11.0
2011-06-05,21232,STRAWBERRY CERAMIC TRINKET POT,114.0,139.4,1.5414285714285716,8.0,5.0
2011-06-12,21232,STRAWBERRY CERAMIC TRINKET POT,195.0,269.56,1.6152857142857144,16.0,13.0
2011-06-19,21232,STRAWBERRY CERAMIC TRINKET POT,86.0,207.18,2.2971428571428567,7.0,4.0
2011-06-26,21232,STRAWBERRY CERAMIC TRINKET POT,189.0,256.09,1.478452380952381,15.0,12.0
2011-07-03,21232,STRAWBERRY CERAMIC TRINKET POT,104.0,214.57,1.6854761904761906,11.0,8.0
2011-07-10,21232,STRAWBERRY CERAMIC TRINKET POT,89.0,129.54000000000002,1.6467619047619046,14.0,9.0
2011-07-17,21232,STRAWBERRY CERAMIC TRINKET POT,158.0,197.64000000000001,1.8482142857142858,17.0,15.0
2011-07-24,21232,STRAWBERRY CERAMIC TRINKET POT,177.0,214.69,1.7646938775510204,14.0,10.0
2011-07-31,21232,STRAWBERRY CERAMIC TRINKET POT,95.0,122.38,1.4574285714285715,10.0,8.0
2011-08-07,21232,STRAWBERRY CERAMIC TRINKET POT,141.0,163.92000000000002,1.3858333333333335,13.0,10.0
2011-08-14,21232,STRAWBERRY CERAMIC TRINKET POT,119.0,185.17000000000002,2.0616666666666665,9.0,4.0
2011-08-21,21232,STRAWBERRY CERAMIC TRINKET POT,112.0,148.16,1.5997142857142859,10.0,8.0
2011-08-28,21232,STRAWBERRY CERAMIC TRINKET POT,149.0,231.13,1.5997142857142859,11.0,9.0
2011-09-04,21232,STRAWBERRY CERAMIC TRINKET POT,74.0,135.17000000000002,2.1625,10.0,3.0
2011-09-11,21232,STRAWBERRY CERAMIC TRINKET POT,287.0,398.26,1.69,18.0,13.0
2011-09-18,21232,STRAWBERRY CERAMIC TRINKET POT,217.0,315.69,1.7823571428571428,19.0,12.0
2011-09-25,21232,STRAWBERRY CERAMIC TRINKET POT,207.0,305.27000000000004,1.6921768707482994,22.0,15.0
2011-10-02,21232,STRAWBERRY CERAMIC TRINKET POT,214.0,328.78000000000003,1.736748299319728,18.0,14.0
2011-10-09,21232,STRAWBERRY CERAMIC TRINKET POT,139.0,240.54999999999998,1.9744047619047618,14.0,8.0
2011-10-16,21232,STRAWBERRY CERAMIC TRINKET POT,490.0,559.9000000000001,1.500595238095238,19.0,14.0
2011-10-23,21232,STRAWBERRY CERAMIC TRINKET POT,259.0,316.58000000000004,1.4921904761904763,16.0,13.0
2011-10-30,21232,STRAWBERRY CERAMIC TRINKET POT,137.0,168.46,1.5389285714285716,12.0,8.0
2011-11-06,21232,STRAWBERRY CERAMIC TRINKET POT,237.0,316.45,1.6973809523809522,19.0,12.0
2011-11-13,21232,STRAWBERRY CERAMIC TRINKET POT,151.0,256.51,1.7051904761904761,19.0,13.0
2011-11-20,21232,STRAWBERRY CERAMIC TRINKET POT,769.0,901.4200000000001,1.570030612244898,22.0,16.0
2011-11-27,21232,STRAWBERRY CERAMIC TRINKET POT,225.0,365.95,1.8031428571428572,20.0,13.0
2011-12-04,21232,STRAWBERRY CERAMIC TRINKET POT,463.0,628.15,1.763843537414966,25.0,13.0
2009-12-13,21498,RED RETROSPOT WRAP,525.0,204.5,0.4177142857142857,12.0,12.0
2009-12-20,21498,RED RETROSPOT WRAP,200.0,84.0,0.42,7.0,7.0
2009-12-27,21498,RED RETROSPOT WRAP,100.0,42.0,0.42,4.0,3.0
2010-01-03,21498,RED RETROSPOT WRAP,0.0,0.0,0.42,0.0,0.0
2010-01-10,21498,RED RETROSPOT WRAP,325.0,136.5,0.42,11.0,11.0
2010-01-17,21498,RED RETROSPOT WRAP,225.0,94.5,0.42,8.0,8.0
2010-01-24,21498,RED RETROSPOT WRAP,175.0,73.5,0.42,6.0,6.0
2010-01-31,21498,RED RETROSPOT WRAP,400.0,152.0,0.41619047619047617,8.0,8.0
2010-02-07,21498,RED RETROSPOT WRAP,475.0,199.5,0.42,15.0,14.0
2010-02-14,21498,RED RETROSPOT WRAP,175.0,73.5,0.42,7.0,7.0
2010-02-21,21498,RED RETROSPOT WRAP,450.0,173.0,0.41428571428571426,11.0,11.0
2010-02-28,21498,RED RETROSPOT WRAP,250.0,105.0,0.42,9.0,9.0
2010-03-07,21498,RED RETROSPOT WRAP,250.0,105.0,0.42,10.0,10.0
2010-03-14,21498,RED RETROSPOT WRAP,250.0,105.0,0.42,10.0,10.0
2010-03-21,21498,RED RETROSPOT WRAP,175.0,73.5,0.42,7.0,7.0
2010-03-28,21498,RED RETROSPOT WRAP,250.0,105.0,0.42,9.0,9.0
2010-04-04,21498,RED RETROSPOT WRAP,125.0,52.5,0.42,3.0,3.0
2010-04-11,21498,RED RETROSPOT WRAP,450.0,165.0,0.41428571428571426,7.0,7.0
2010-04-18,21498,RED RETROSPOT WRAP,125.0,52.5,0.42,5.0,5.0
2010-04-25,21498,RED RETROSPOT WRAP,375.0,157.5,0.42,13.0,13.0
2010-05-02,21498,RED RETROSPOT WRAP,400.0,168.0,0.42,11.0,11.0
2010-05-09,21498,RED RETROSPOT WRAP,50.0,21.0,0.42,2.0,2.0
2010-05-16,21498,RED RETROSPOT WRAP,175.0,73.5,0.42,6.0,6.0
2010-05-23,21498,RED RETROSPOT WRAP,225.0,94.5,0.42,7.0,7.0
2010-05-30,21498,RED RETROSPOT WRAP,250.0,105.0,0.42,10.0,10.0
2010-06-06,21498,RED RETROSPOT WRAP,175.0,73.5,0.42,6.0,6.0
2010-06-13,21498,RED RETROSPOT WRAP,225.0,94.5,0.42,9.0,9.0
2010-06-20,21498,RED RETROSPOT WRAP,450.0,173.0,0.41714285714285715,9.0,9.0
2010-06-27,21498,RED RETROSPOT WRAP,150.0,63.0,0.42,6.0,6.0
2010-07-04,21498,RED RETROSPOT WRAP,300.0,122.0,0.4154285714285714,12.0,11.0
2010-07-11,21498,RED RETROSPOT WRAP,775.0,277.5,0.40857142857142853,8.0,7.0
2010-07-18,21498,RED RETROSPOT WRAP,425.0,174.5,0.41428571428571426,13.0,13.0
2010-07-25,21498,RED RETROSPOT WRAP,600.0,236.0,0.41428571428571426,15.0,15.0
2010-08-01,21498,RED RETROSPOT WRAP,150.0,63.0,0.42,5.0,5.0
2010-08-08,21498,RED RETROSPOT WRAP,400.0,152.0,0.38571428571428573,8.0,8.0
2010-08-15,21498,RED RETROSPOT WRAP,225.0,94.5,0.40857142857142853,8.0,8.0
2010-08-22,21498,RED RETROSPOT WRAP,225.0,94.5,0.42,8.0,8.0
2010-08-29,21498,RED RETROSPOT WRAP,25.0,10.5,0.42,1.0,1.0
2010-09-05,21498,RED RETROSPOT WRAP,125.0,52.5,0.42,5.0,5.0
2010-09-12,21498,RED RETROSPOT WRAP,700.0,262.0,0.41047619047619044,11.0,11.0
2010-09-19,21498,RED RETROSPOT WRAP,375.0,157.5,0.42,14.0,13.0
2010-09-26,21498,RED RETROSPOT WRAP,300.0,126.0,0.42,7.0,7.0
2010-10-03,21498,RED RETROSPOT WRAP,225.0,94.5,0.42,8.0,8.0
2010-10-10,21498,RED RETROSPOT WRAP,500.0,210.0,0.42,14.0,14.0
2010-10-17,21498,RED RETROSPOT WRAP,525.0,220.5,0.42,18.0,17.0
2010-10-24,21498,RED RETROSPOT WRAP,375.0,145.5,0.41428571428571426,10.0,10.0
2010-10-31,21498,RED RETROSPOT WRAP,375.0,157.5,0.42,14.0,14.0
2010-11-07,21498,RED RETROSPOT WRAP,100.0,42.0,0.42,4.0,4.0
2010-11-14,21498,RED RETROSPOT WRAP,500.0,198.0,0.4123809523809524,12.0,12.0
2010-11-21,21498,RED RETROSPOT WRAP,425.0,178.5,0.42,15.0,15.0
2010-11-28,21498,RED RETROSPOT WRAP,550.0,215.0,0.41619047619047617,15.0,15.0
2010-12-05,21498,RED RETROSPOT WRAP,950.0,343.0,0.4047619047619047,9.0,8.0
2010-12-12,21498,RED RETROSPOT WRAP,225.0,94.5,0.42,5.0,5.0
2010-12-19,21498,RED RETROSPOT WRAP,100.0,42.0,0.42,4.0,4.0
2010-12-26,21498,RED RETROSPOT WRAP,0.0,0.0,0.42,0.0,0.0
2011-01-02,21498,RED RETROSPOT WRAP,0.0,0.0,0.42,0.0,0.0
2011-01-09,21498,RED RETROSPOT WRAP,200.0,84.0,0.42,8.0,8.0
2011-01-16,21498,RED RETROSPOT WRAP,200.0,84.0,0.42,7.0,7.0
2011-01-23,21498,RED RETROSPOT WRAP,175.0,73.5,0.42,6.0,6.0
2011-01-30,21498,RED RETROSPOT WRAP,275.0,115.5,0.42,9.0,9.0
2011-02-06,21498,RED RETROSPOT WRAP,175.0,73.5,0.42,7.0,7.0
2011-02-13,21498,RED RETROSPOT WRAP,100.0,42.0,0.42,4.0,4.0
2011-02-20,21498,RED RETROSPOT WRAP,116.0,48.72,0.42,5.0,4.0
2011-02-27,21498,RED RETROSPOT WRAP,200.0,84.0,0.42,8.0,8.0
2011-03-06,21498,RED RETROSPOT WRAP,425.0,154.5,0.40857142857142864,6.0,6.0
2011-03-13,21498,RED RETROSPOT WRAP,75.0,31.5,0.42,3.0,3.0
2011-03-20,21498,RED RETROSPOT WRAP,60.0,25.2,0.42,3.0,3.0
2011-03-27,21498,RED RETROSPOT WRAP,75.0,31.5,0.42,3.0,3.0
2011-04-03,21498,RED RETROSPOT WRAP,175.0,71.5,0.41428571428571426,7.0,7.0
2011-04-10,21498,RED RETROSPOT WRAP,175.0,73.5,0.42,6.0,6.0
2011-04-17,21498,RED RETROSPOT WRAP,150.0,63.0,0.42,6.0,6.0
2011-04-24,21498,RED RETROSPOT WRAP,25.0,10.5,0.42,1.0,1.0
2011-05-01,21498,RED RETROSPOT WRAP,50.0,21.0,0.42,2.0,2.0
2011-05-08,21498,RED RETROSPOT WRAP,775.0,277.5,0.40857142857142853,8.0,8.0
2011-05-15,21498,RED RETROSPOT WRAP,100.0,42.0,0.42,4.0,4.0
2011-05-22,21498,RED RETROSPOT WRAP,100.0,42.0,0.42,4.0,4.0
2011-05-29,21498,RED RETROSPOT WRAP,225.0,94.5,0.42,8.0,8.0
2011-06-05,21498,RED RETROSPOT WRAP,200.0,84.0,0.42,7.0,7.0
2011-06-12,21498,RED RETROSPOT WRAP,225.0,94.5,0.42,6.0,6.0
2011-06-19,21498,RED RETROSPOT WRAP,175.0,73.5,0.42,6.0,6.0
2011-06-26,21498,RED RETROSPOT WRAP,325.0,136.5,0.42,8.0,8.0
2011-07-03,21498,RED RETROSPOT WRAP,150.0,63.0,0.42,6.0,6.0
2011-07-10,21498,RED RETROSPOT WRAP,175.0,73.5,0.42,6.0,6.0
2011-07-17,21498,RED RETROSPOT WRAP,250.0,105.0,0.42,8.0,8.0
2011-07-24,21498,RED RETROSPOT WRAP,300.0,126.0,0.42,12.0,12.0
2011-07-31,21498,RED RETROSPOT WRAP,175.0,73.5,0.42,7.0,7.0
2011-08-07,21498,RED RETROSPOT WRAP,225.0,88.5,0.41428571428571426,5.0,5.0
2011-08-14,21498,RED RETROSPOT WRAP,175.0,73.5,0.42,6.0,6.0
2011-08-21,21498,RED RETROSPOT WRAP,100.0,42.0,0.42,4.0,4.0
2011-08-28,21498,RED RETROSPOT WRAP,100.0,42.0,0.42,4.0,4.0
2011-09-04,21498,RED RETROSPOT WRAP,50.0,21.0,0.42,2.0,2.0
2011-09-11,21498,RED RETROSPOT WRAP,275.0,115.5,0.42,10.0,10.0
2011-09-18,21498,RED RETROSPOT WRAP,150.0,63.0,0.42,5.0,5.0
2011-09-25,21498,RED RETROSPOT WRAP,350.0,147.0,0.42,9.0,9.0
2011-10-02,21498,RED RETROSPOT WRAP,300.0,123.0,0.41571428571428565,11.0,11.0
2011-10-09,21498,RED RETROSPOT WRAP,150.0,63.0,0.42000000000000004,6.0,6.0
2011-10-16,21498,RED RETROSPOT WRAP,250.0,105.0,0.42,9.0,9.0
2011-10-23,21498,RED RETROSPOT WRAP,100.0,42.0,0.42,4.0,4.0
2011-10-30,21498,RED RETROSPOT WRAP,325.0,136.5,0.42,9.0,9.0
2011-11-06,21498,RED RETROSPOT WRAP,350.0,144.0,0.41571428571428565,13.0,13.0
2011-11-13,21498,RED RETROSPOT WRAP,200.0,84.0,0.42,8.0,8.0
2011-11-20,21498,RED RETROSPOT WRAP,275.0,115.5,0.42,11.0,11.0
2011-11-27,21498,RED RETROSPOT WRAP,275.0,115.5,0.42,8.0,7.0
2011-12-04,21498,RED RETROSPOT WRAP,275.0,112.5,0.41714285714285715,10.0,10.0
2009-12-13,21731,RED TOADSTOOL LED NIGHT LIGHT,591.0,931.79,1.9027551020408162,21.0,17.0
2009-12-20,21731,RED TOADSTOOL LED NIGHT LIGHT,783.0,1201.55,2.0608367346938774,25.0,17.0
2009-12-27,21731,RED TOADSTOOL LED NIGHT LIGHT,58.0,113.49999999999999,3.1757142857142857,10.0,3.0
2010-01-03,21731,RED TOADSTOOL LED NIGHT LIGHT,0.0,0.0,3.43,0.0,0.0
2010-01-10,21731,RED TOADSTOOL LED NIGHT LIGHT,314.0,518.0999999999999,1.9042857142857141,7.0,7.0
2010-01-17,21731,RED TOADSTOOL LED NIGHT LIGHT,177.0,314.7,2.326785714285714,12.0,6.0
2010-01-24,21731,RED TOADSTOOL LED NIGHT LIGHT,72.0,118.8,1.65,2.0,2.0
2010-01-31,21731,RED TOADSTOOL LED NIGHT LIGHT,0.0,0.0,1.65,0.0,0.0
2010-02-07,21731,RED TOADSTOOL LED NIGHT LIGHT,226.0,344.15999999999997,2.347142857142857,6.0,4.0
2010-02-14,21731,RED TOADSTOOL LED NIGHT LIGHT,370.0,583.41,1.8046938775510204,17.0,16.0
2010-02-21,21731,RED TOADSTOOL LED NIGHT LIGHT,788.0,1181.85,2.3733333333333335,9.0,7.0
2010-02-28,21731,RED TOADSTOOL LED NIGHT LIGHT,240.0,372.33,2.129047619047619,10.0,8.0
2010-03-07,21731,RED TOADSTOOL LED NIGHT LIGHT,198.0,330.11999999999995,1.6988571428571428,16.0,15.0
2010-03-14,21731,RED TOADSTOOL LED NIGHT LIGHT,1200.0,1790.3699999999997,1.9793809523809522,19.0,14.0
2010-03-21,21731,RED TOADSTOOL LED NIGHT LIGHT,186.0,288.36,2.230833333333333,11.0,6.0
2010-03-28,21731,RED TOADSTOOL LED NIGHT LIGHT,117.0,193.04999999999995,1.65,12.0,10.0
2010-04-04,21731,RED TOADSTOOL LED NIGHT LIGHT,86.0,224.45999999999998,2.416857142857143,11.0,6.0
2010-04-11,21731,RED TOADSTOOL LED NIGHT LIGHT,179.0,295.34999999999997,1.6988571428571428,10.0,9.0
2010-04-18,21731,RED TOADSTOOL LED NIGHT LIGHT,81.0,133.64999999999998,1.65,7.0,7.0
2010-04-25,21731,RED TOADSTOOL LED NIGHT LIGHT,190.0,334.02,2.1874285714285713,19.0,12.0
2010-05-02,21731,RED TOADSTOOL LED NIGHT LIGHT,260.0,470.03999999999996,1.7965714285714285,21.0,18.0
2010-05-09,21731,RED TOADSTOOL LED NIGHT LIGHT,249.0,388.89,2.029642857142857,12.0,9.0
2010-05-16,21731,RED TOADSTOOL LED NIGHT LIGHT,849.0,1259.4,2.2842857142857143,15.0,9.0
2010-05-23,21731,RED TOADSTOOL LED NIGHT LIGHT,236.0,365.72999999999996,2.0285714285714285,12.0,9.0
2010-05-30,21731,RED TOADSTOOL LED NIGHT LIGHT,94.0,168.77999999999997,2.4235714285714285,12.0,8.0
2010-06-06,21731,RED TOADSTOOL LED NIGHT LIGHT,128.0,219.74999999999997,2.301428571428571,12.0,8.0
2010-06-13,21731,RED TOADSTOOL LED NIGHT LIGHT,155.0,257.46,1.7110714285714284,13.0,12.0
2010-06-20,21731,RED TOADSTOOL LED NIGHT LIGHT,42.0,69.29999999999998,1.65,5.0,5.0
2010-06-27,21731,RED TOADSTOOL LED NIGHT LIGHT,210.0,326.25,2.2332142857142854,10.0,5.0
2010-07-04,21731,RED TOADSTOOL LED NIGHT LIGHT,380.0,577.9499999999999,2.029642857142857,10.0,7.0
2010-07-11,21731,RED TOADSTOOL LED NIGHT LIGHT,36.0,59.39999999999999,1.65,3.0,3.0
2010-07-18,21731,RED TOADSTOOL LED NIGHT LIGHT,79.0,138.89999999999998,2.2607142857142857,8.0,5.0
2010-07-25,21731,RED TOADSTOOL LED NIGHT LIGHT,71.0,129.11999999999998,2.505,11.0,6.0
2010-08-01,21731,RED TOADSTOOL LED NIGHT LIGHT,142.0,244.55999999999997,2.1385714285714283,10.0,8.0
2010-08-08,21731,RED TOADSTOOL LED NIGHT LIGHT,44.0,77.72999999999999,1.9349999999999998,7.0,4.0
2010-08-15,21731,RED TOADSTOOL LED NIGHT LIGHT,407.0,724.03,2.1557142857142857,11.0,8.0
2010-08-22,21731,RED TOADSTOOL LED NIGHT LIGHT,49.0,89.39999999999999,2.016428571428571,7.0,5.0
2010-08-29,21731,RED TOADSTOOL LED NIGHT LIGHT,284.0,442.02,2.4499999999999997,11.0,9.0
2010-09-05,21731,RED TOADSTOOL LED NIGHT LIGHT,601.0,1027.08,2.1224761904761906,24.0,19.0
2010-09-12,21731,RED TOADSTOOL LED NIGHT LIGHT,140.0,232.70999999999995,1.8942857142857144,10.0,9.0
2010-09-19,21731,RED TOADSTOOL LED NIGHT LIGHT,248.0,380.4,1.6357142857142857,11.0,10.0
2010-09-26,21731,RED TOADSTOOL LED NIGHT LIGHT,437.0,837.3399999999999,2.008095238095238,18.0,14.0
2010-10-03,21731,RED TOADSTOOL LED NIGHT LIGHT,456.0,804.1999999999999,2.007857142857143,14.0,10.0
2010-10-10,21731,RED TOADSTOOL LED NIGHT LIGHT,118.0,286.87,2.25,12.0,7.0
2010-10-17,21731,RED TOADSTOOL LED NIGHT LIGHT,793.0,1248.9099999999999,2.0690578231292514,25.0,18.0
2010-10-24,21731,RED TOADSTOOL LED NIGHT LIGHT,98.0,241.96999999999997,2.545238095238095,15.0,9.0
2010-10-31,21731,RED TOADSTOOL LED NIGHT LIGHT,151.0,336.19999999999993,2.1727551020408162,16.0,13.0
2010-11-07,21731,RED TOADSTOOL LED NIGHT LIGHT,534.0,830.3399999999999,1.9777142857142855,19.0,16.0
2010-11-14,21731,RED TOADSTOOL LED NIGHT LIGHT,394.0,655.49,2.1580408163265306,27.0,19.0
2010-11-21,21731,RED TOADSTOOL LED NIGHT LIGHT,502.0,850.53,1.823035714285714,35.0,30.0
2010-11-28,21731,RED TOADSTOOL LED NIGHT LIGHT,527.0,829.05,1.8062414965986393,22.0,18.0
2010-12-05,21731,RED TOADSTOOL LED NIGHT LIGHT,1405.0,2012.2499999999998,1.9099285714285712,26.0,21.0
2010-12-12,21731,RED TOADSTOOL LED NIGHT LIGHT,445.0,828.3,2.3258571428571426,22.0,12.0
2010-12-19,21731,RED TOADSTOOL LED NIGHT LIGHT,645.0,902.76,1.753095238095238,15.0,14.0
2010-12-26,21731,RED TOADSTOOL LED NIGHT LIGHT,333.0,505.53000000000003,2.965,9.0,4.0
2011-01-02,21731,RED TOADSTOOL LED NIGHT LIGHT,0.0,0.0,3.36,0.0,0.0
2011-01-09,21731,RED TOADSTOOL LED NIGHT LIGHT,137.0,227.75999999999996,2.040857142857143,9.0,8.0
2011-01-16,21731,RED TOADSTOOL LED NIGHT LIGHT,377.0,601.7099999999999,2.787619047619047,16.0,7.0
2011-01-23,21731,RED TOADSTOOL LED NIGHT LIGHT,123.0,232.58999999999997,2.9256190476190476,17.0,7.0
2011-01-30,21731,RED TOADSTOOL LED NIGHT LIGHT,130.0,237.61999999999998,2.391714285714286,16.0,9.0
2011-02-06,21731,RED TOADSTOOL LED NIGHT LIGHT,106.0,219.5,2.5142857142857147,13.0,7.0
2011-02-13,21731,RED TOADSTOOL LED NIGHT LIGHT,70.0,170.74,2.9714285714285715,9.0,3.0
2011-02-20,21731,RED TOADSTOOL LED NIGHT LIGHT,443.0,766.5899999999999,2.0419047619047617,16.0,11.0
2011-02-27,21731,RED TOADSTOOL LED NIGHT LIGHT,391.0,612.27,2.2547619047619047,12.0,8.0
2011-03-06,21731,RED TOADSTOOL LED NIGHT LIGHT,85.0,155.01,2.216190476190476,12.0,7.0
2011-03-13,21731,RED TOADSTOOL LED NIGHT LIGHT,173.0,396.04999999999995,2.412095238095238,19.0,11.0
2011-03-20,21731,RED TOADSTOOL LED NIGHT LIGHT,122.0,274.82,2.18,13.0,8.0
2011-03-27,21731,RED TOADSTOOL LED NIGHT LIGHT,106.0,243.26,2.0957142857142856,12.0,7.0
2011-04-03,21731,RED TOADSTOOL LED NIGHT LIGHT,71.0,169.14999999999998,3.6195238095238094,16.0,3.0
2011-04-10,21731,RED TOADSTOOL LED NIGHT LIGHT,140.0,244.11999999999998,2.294285714285714,14.0,9.0
2011-04-17,21731,RED TOADSTOOL LED NIGHT LIGHT,240.0,416.79999999999995,2.3299999999999996,18.0,7.0
2011-04-24,21731,RED TOADSTOOL LED NIGHT LIGHT,24.0,59.28,2.9776190476190476,7.0,1.0
2011-05-01,21731,RED TOADSTOOL LED NIGHT LIGHT,65.0,141.08999999999997,2.433333333333333,13.0,5.0
2011-05-08,21731,RED TOADSTOOL LED NIGHT LIGHT,46.0,92.29999999999998,2.915142857142857,8.0,3.0
2011-05-15,21731,RED TOADSTOOL LED NIGHT LIGHT,186.0,407.7,2.523053221288515,24.0,6.0
2011-05-22,21731,RED TOADSTOOL LED NIGHT LIGHT,548.0,857.3999999999999,2.3892857142857147,22.0,12.0
2011-05-29,21731,RED TOADSTOOL LED NIGHT LIGHT,332.0,528.84,1.9338095238095239,8.0,6.0
2011-06-05,21731,RED TOADSTOOL LED NIGHT LIGHT,165.0,250.01,1.8185714285714287,6.0,3.0
2011-06-12,21731,RED TOADSTOOL LED NIGHT LIGHT,96.0,166.6,1.9311428571428573,10.0,8.0
2011-06-19,21731,RED TOADSTOOL LED NIGHT LIGHT,203.0,312.71,2.1823809523809525,9.0,5.0
2011-06-26,21731,RED TOADSTOOL LED NIGHT LIGHT,80.0,140.2,2.673047619047619,13.0,8.0
2011-07-03,21731,RED TOADSTOOL LED NIGHT LIGHT,183.0,278.06999999999994,2.1042857142857145,4.0,3.0
2011-07-10,21731,RED TOADSTOOL LED NIGHT LIGHT,155.0,272.15,2.1464625850340133,17.0,11.0
2011-07-17,21731,RED TOADSTOOL LED NIGHT LIGHT,48.0,94.03999999999999,2.9795238095238092,9.0,3.0
2011-07-24,21731,RED TOADSTOOL LED NIGHT LIGHT,144.0,264.84,2.7593877551020407,17.0,8.0
2011-07-31,21731,RED TOADSTOOL LED NIGHT LIGHT,174.0,304.34,2.7266666666666666,12.0,7.0
2011-08-07,21731,RED TOADSTOOL LED NIGHT LIGHT,668.0,990.2799999999999,1.7028571428571428,11.0,10.0
2011-08-14,21731,RED TOADSTOOL LED NIGHT LIGHT,960.0,1471.8799999999999,2.150095238095238,15.0,9.0
2011-08-21,21731,RED TOADSTOOL LED NIGHT LIGHT,535.0,823.63,1.7099999999999997,10.0,8.0
2011-08-28,21731,RED TOADSTOOL LED NIGHT LIGHT,121.0,229.40999999999997,1.898,12.0,10.0
2011-09-04,21731,RED TOADSTOOL LED NIGHT LIGHT,108.0,223.43999999999997,2.472857142857143,14.0,5.0
2011-09-11,21731,RED TOADSTOOL LED NIGHT LIGHT,303.0,507.51,2.0519047619047615,11.0,9.0
2011-09-18,21731,RED TOADSTOOL LED NIGHT LIGHT,170.0,339.18,2.23,12.0,8.0
2011-09-25,21731,RED TOADSTOOL LED NIGHT LIGHT,555.0,914.2699999999999,2.408095238095238,22.0,16.0
2011-10-02,21731,RED TOADSTOOL LED NIGHT LIGHT,273.0,494.13,2.1539455782312924,27.0,20.0
2011-10-09,21731,RED TOADSTOOL LED NIGHT LIGHT,123.0,222.66999999999996,2.216761904761905,18.0,11.0
2011-10-16,21731,RED TOADSTOOL LED NIGHT LIGHT,196.0,372.11999999999995,2.3421904761904764,20.0,14.0
2011-10-23,21731,RED TOADSTOOL LED NIGHT LIGHT,429.0,683.25,1.933142857142857,17.0,10.0
2011-10-30,21731,RED TOADSTOOL LED NIGHT LIGHT,146.0,270.62,2.091428571428571,15.0,11.0
2011-11-06,21731,RED TOADSTOOL LED NIGHT LIGHT,222.0,421.41999999999996,2.0938095238095236,22.0,15.0
2011-11-13,21731,RED TOADSTOOL LED NIGHT LIGHT,425.0,753.25,2.4580952380952383,25.0,17.0
2011-11-20,21731,RED TOADSTOOL LED NIGHT LIGHT,836.0,1416.36,1.9950715950715951,47.0,38.0
2011-11-27,21731,RED TOADSTOOL LED NIGHT LIGHT,285.0,582.29,2.1387056277056278,36.0,25.0
2011-12-04,21731,RED TOADSTOOL LED NIGHT LIGHT,359.0,707.5099999999999,2.2565986394557824,36.0,24.0
2009-12-13,21790,VINTAGE SNAP CARDS,270.0,255.84999999999997,0.9980272108843538,30.0,23.0
2009-12-20,21790,VINTAGE SNAP CARDS,345.0,322.98999999999995,1.192183055040198,32.0,19.0
2009-12-27,21790,VINTAGE SNAP CARDS,32.0,39.95,1.554285714285714,8.0,2.0
2010-01-03,21790,VINTAGE SNAP CARDS,0.0,0.0,1.7,0.0,0.0
2010-01-10,21790,VINTAGE SNAP CARDS,306.0,222.66,0.897142857142857,3.0,3.0
2010-01-17,21790,VINTAGE SNAP CARDS,42.0,43.07,1.0457142857142856,12.0,6.0
2010-01-24,21790,VINTAGE SNAP CARDS,154.0,130.45,1.2488095238095238,14.0,8.0
2010-01-31,21790,VINTAGE SNAP CARDS,88.0,77.23,1.1199999999999999,11.0,8.0
2010-02-07,21790,VINTAGE SNAP CARDS,174.0,146.64,0.9595238095238096,12.0,9.0
2010-02-14,21790,VINTAGE SNAP CARDS,78.0,69.53999999999999,1.0235714285714284,11.0,7.0
2010-02-21,21790,VINTAGE SNAP CARDS,140.0,120.61999999999999,1.0814285714285714,11.0,9.0
2010-02-28,21790,VINTAGE SNAP CARDS,181.0,156.28,0.9502857142857143,15.0,13.0
2010-03-07,21790,VINTAGE SNAP CARDS,131.0,113.78,1.1778571428571427,16.0,13.0
2010-03-14,21790,VINTAGE SNAP CARDS,123.0,101.67,1.2680952380952382,11.0,6.0
2010-03-21,21790,VINTAGE SNAP CARDS,51.0,48.21,1.2935714285714286,10.0,5.0
2010-03-28,21790,VINTAGE SNAP CARDS,345.0,276.96,0.9996309523809523,24.0,21.0
2010-04-04,21790,VINTAGE SNAP CARDS,108.0,92.66999999999999,0.8985714285714286,11.0,10.0
2010-04-11,21790,VINTAGE SNAP CARDS,161.0,128.29999999999998,0.9016666666666666,12.0,11.0
2010-04-18,21790,VINTAGE SNAP CARDS,136.0,115.6,0.85,12.0,11.0
2010-04-25,21790,VINTAGE SNAP CARDS,210.0,171.57,0.9240476190476191,17.0,13.0
2010-05-02,21790,VINTAGE SNAP CARDS,150.0,127.85999999999999,1.0046428571428572,12.0,8.0
2010-05-09,21790,VINTAGE SNAP CARDS,59.0,55.81999999999999,1.066,14.0,8.0
2010-05-16,21790,VINTAGE SNAP CARDS,200.0,162.26,0.8638571428571428,16.0,15.0
2010-05-23,21790,VINTAGE SNAP CARDS,273.0,218.19,1.0366666666666666,20.0,16.0
2010-05-30,21790,VINTAGE SNAP CARDS,113.0,98.47999999999999,0.9464285714285714,16.0,12.0
2010-06-06,21790,VINTAGE SNAP CARDS,72.0,65.24999999999999,1.2434285714285713,12.0,7.0
2010-06-13,21790,VINTAGE SNAP CARDS,635.0,481.85999999999996,0.9244047619047618,21.0,19.0
2010-06-20,21790,VINTAGE SNAP CARDS,163.0,143.41,1.233142857142857,18.0,14.0
2010-06-27,21790,VINTAGE SNAP CARDS,120.0,107.66999999999999,1.0814285714285714,13.0,10.0
2010-07-04,21790,VINTAGE SNAP CARDS,89.0,75.65,0.85,8.0,8.0
2010-07-11,21790,VINTAGE SNAP CARDS,101.0,89.89999999999999,0.9174999999999999,15.0,13.0
2010-07-18,21790,VINTAGE SNAP CARDS,125.0,108.67999999999999,1.0042857142857142,14.0,12.0
2010-07-25,21790,VINTAGE SNAP CARDS,96.0,83.22,0.9078571428571429,9.0,8.0
2010-08-01,21790,VINTAGE SNAP CARDS,150.0,131.54999999999998,0.8885714285714286,15.0,13.0
2010-08-08,21790,VINTAGE SNAP CARDS,181.0,155.47,0.8962857142857142,17.0,15.0
2010-08-15,21790,VINTAGE SNAP CARDS,215.0,179.06,1.040204081632653,20.0,13.0
2010-08-22,21790,VINTAGE SNAP CARDS,343.0,266.71,0.9803333333333333,18.0,15.0
2010-08-29,21790,VINTAGE SNAP CARDS,185.0,159.67999999999998,0.9657142857142856,16.0,14.0
2010-09-05,21790,VINTAGE SNAP CARDS,132.0,108.50999999999999,1.1361904761904762,13.0,8.0
2010-09-12,21790,VINTAGE SNAP CARDS,166.0,142.72,0.9117142857142857,14.0,11.0
2010-09-19,21790,VINTAGE SNAP CARDS,355.0,282.34,0.8970238095238096,25.0,22.0
2010-09-26,21790,VINTAGE SNAP CARDS,615.0,486.92999999999995,0.8475918367346938,25.0,22.0
2010-10-03,21790,VINTAGE SNAP CARDS,563.0,462.26,0.866952380952381,33.0,30.0
2010-10-10,21790,VINTAGE SNAP CARDS,445.0,381.03999999999996,0.9419642857142857,32.0,28.0
2010-10-17,21790,VINTAGE SNAP CARDS,668.0,527.4799999999999,0.9756462585034013,37.0,30.0
2010-10-24,21790,VINTAGE SNAP CARDS,557.0,441.67999999999995,1.0339115646258503,24.0,18.0
2010-10-31,21790,VINTAGE SNAP CARDS,245.0,213.92,1.0056632653061224,26.0,21.0
2010-11-07,21790,VINTAGE SNAP CARDS,346.0,293.65,0.9938571428571429,29.0,24.0
2010-11-14,21790,VINTAGE SNAP CARDS,793.0,787.6,1.0386785714285713,35.0,27.0
2010-11-21,21790,VINTAGE SNAP CARDS,519.0,647.76,1.0776071428571428,41.0,29.0
2010-11-28,21790,VINTAGE SNAP CARDS,607.0,542.5899999999999,1.0680584415584415,45.0,33.0
2010-12-05,21790,VINTAGE SNAP CARDS,754.0,646.39,1.0799183673469388,29.0,23.0
2010-12-12,21790,VINTAGE SNAP CARDS,833.0,701.66,1.0959285714285714,30.0,21.0
2010-12-19,21790,VINTAGE SNAP CARDS,114.0,119.58,1.1585714285714286,13.0,5.0
2010-12-26,21790,VINTAGE SNAP CARDS,32.0,32.06,1.1585714285714286,6.0,3.0
2011-01-02,21790,VINTAGE SNAP CARDS,0.0,0.0,1.2550000000000001,0.0,0.0
2011-01-09,21790,VINTAGE SNAP CARDS,236.0,176.57,1.169285714285714,7.0,4.0
2011-01-16,21790,VINTAGE SNAP CARDS,24.0,23.55,1.3289285714285715,8.0,4.0
2011-01-23,21790,VINTAGE SNAP CARDS,41.0,39.529999999999994,1.2678571428571428,8.0,4.0
2011-01-30,21790,VINTAGE SNAP CARDS,110.0,85.7,1.0078571428571428,6.0,4.0
2011-02-06,21790,VINTAGE SNAP CARDS,49.0,42.42999999999999,0.9614285714285714,5.0,4.0
2011-02-13,21790,VINTAGE SNAP CARDS,45.0,41.37,1.1842857142857142,8.0,5.0
2011-02-20,21790,VINTAGE SNAP CARDS,73.0,62.83,0.9057142857142857,7.0,6.0
2011-02-27,21790,VINTAGE SNAP CARDS,216.0,165.66,0.8685714285714285,10.0,8.0
2011-03-06,21790,VINTAGE SNAP CARDS,95.0,83.09,1.0264285714285715,12.0,8.0
2011-03-13,21790,VINTAGE SNAP CARDS,143.0,116.08999999999999,0.9521428571428572,11.0,7.0
2011-03-20,21790,VINTAGE SNAP CARDS,197.0,160.42999999999998,0.8791836734693877,15.0,12.0
2011-03-27,21790,VINTAGE SNAP CARDS,108.0,94.91999999999999,0.9057142857142857,12.0,11.0
2011-04-03,21790,VINTAGE SNAP CARDS,321.0,348.65,0.989047619047619,15.0,12.0
2011-04-10,21790,VINTAGE SNAP CARDS,180.0,144.42,0.8871428571428571,11.0,10.0
2011-04-17,21790,VINTAGE SNAP CARDS,341.0,261.7699999999999,0.8407142857142856,10.0,10.0
2011-04-24,21790,VINTAGE SNAP CARDS,373.0,299.11,1.0991666666666666,15.0,8.0
2011-05-01,21790,VINTAGE SNAP CARDS,68.0,60.919999999999995,0.9366666666666666,9.0,7.0
2011-05-08,21790,VINTAGE SNAP CARDS,161.0,131.39,1.1421904761904762,13.0,8.0
2011-05-15,21790,VINTAGE SNAP CARDS,269.0,216.16999999999996,0.9397619047619047,17.0,15.0
2011-05-22,21790,VINTAGE SNAP CARDS,133.0,116.95,0.8685714285714285,12.0,11.0
2011-05-29,21790,VINTAGE SNAP CARDS,87.0,75.50999999999999,1.0728571428571427,10.0,9.0
2011-06-05,21790,VINTAGE SNAP CARDS,179.0,137.32999999999998,0.9923809523809524,9.0,7.0
2011-06-12,21790,VINTAGE SNAP CARDS,114.0,100.01999999999998,0.9985714285714286,13.0,11.0
2011-06-19,21790,VINTAGE SNAP CARDS,190.0,159.94,0.9521428571428572,12.0,9.0
2011-06-26,21790,VINTAGE SNAP CARDS,374.0,258.08,1.3014285714285714,12.0,8.0
2011-07-03,21790,VINTAGE SNAP CARDS,149.0,118.07,1.0233333333333332,9.0,7.0
2011-07-10,21790,VINTAGE SNAP CARDS,141.0,127.64999999999999,1.0960714285714286,21.0,12.0
2011-07-17,21790,VINTAGE SNAP CARDS,353.0,267.28999999999996,1.0109523809523808,14.0,10.0
2011-07-24,21790,VINTAGE SNAP CARDS,190.0,156.82,1.0812142857142857,18.0,13.0
2011-07-31,21790,VINTAGE SNAP CARDS,431.0,285.46999999999997,1.0888571428571427,14.0,9.0
2011-08-07,21790,VINTAGE SNAP CARDS,103.0,88.32999999999998,0.9614285714285714,12.0,11.0
2011-08-14,21790,VINTAGE SNAP CARDS,342.0,274.31999999999994,0.926142857142857,18.0,14.0
2011-08-21,21790,VINTAGE SNAP CARDS,177.0,150.45,0.85,16.0,16.0
2011-08-28,21790,VINTAGE SNAP CARDS,139.0,122.05,0.8778571428571428,13.0,12.0
2011-09-04,21790,VINTAGE SNAP CARDS,311.0,246.41,1.1386530612244896,20.0,11.0
2011-09-11,21790,VINTAGE SNAP CARDS,968.0,671.0,0.8547619047619047,15.0,11.0
2011-09-18,21790,VINTAGE SNAP CARDS,222.0,194.94,0.9864999999999998,25.0,20.0
2011-09-25,21790,VINTAGE SNAP CARDS,597.0,463.77,0.8778571428571428,26.0,25.0
2011-10-02,21790,VINTAGE SNAP CARDS,343.0,294.66999999999996,1.003936507936508,28.0,24.0
2011-10-09,21790,VINTAGE SNAP CARDS,571.0,465.07,0.9677597402597403,34.0,25.0
2011-10-16,21790,VINTAGE SNAP CARDS,301.0,255.07,1.0547278911564626,20.0,15.0
2011-10-23,21790,VINTAGE SNAP CARDS,300.0,249.54,0.9078367346938776,27.0,25.0
2011-10-30,21790,VINTAGE SNAP CARDS,381.0,311.37,0.8714897959183673,29.0,26.0
2011-11-06,21790,VINTAGE SNAP CARDS,544.0,408.81999999999994,1.054,30.0,25.0
2011-11-13,21790,VINTAGE SNAP CARDS,792.0,951.5,1.0831207482993197,39.0,30.0
2011-11-20,21790,VINTAGE SNAP CARDS,758.0,955.48,1.0686507936507936,38.0,29.0
2011-11-27,21790,VINTAGE SNAP CARDS,432.0,392.15999999999997,1.0033549783549784,41.0,34.0
2011-12-04,21790,VINTAGE SNAP CARDS,667.0,581.7699999999999,0.9455510204081632,51.0,42.0
2009-12-13,21915,RED  HARMONICA IN BOX,0.0,0.0,1.25,0.0,0.0
2009-12-20,21915,RED  HARMONICA IN BOX,0.0,0.0,1.25,0.0,0.0
2009-12-27,21915,RED  HARMONICA IN BOX,0.0,0.0,1.25,0.0,0.0
2010-01-03,21915,RED  HARMONICA IN BOX,0.0,0.0,1.25,0.0,0.0
2010-01-10,21915,RED  HARMONICA IN BOX,0.0,0.0,1.25,0.0,0.0
2010-01-17,21915,RED  HARMONICA IN BOX,0.0,0.0,1.25,0.0,0.0
2010-01-24,21915,RED  HARMONICA IN BOX,0.0,0.0,1.25,0.0,0.0
2010-01-31,21915,RED  HARMONICA IN BOX,0.0,0.0,1.25,0.0,0.0
2010-02-07,21915,RED  HARMONICA IN BOX,0.0,0.0,1.25,0.0,0.0
2010-02-14,21915,RED  HARMONICA IN BOX,0.0,0.0,1.25,0.0,0.0
2010-02-21,21915,RED  HARMONICA IN BOX,0.0,0.0,1.25,0.0,0.0
2010-02-28,21915,RED  HARMONICA IN BOX,0.0,0.0,1.25,0.0,0.0
2010-03-07,21915,RED  HARMONICA IN BOX,0.0,0.0,1.25,0.0,0.0
2010-03-14,21915,RED  HARMONICA IN BOX,0.0,0.0,1.25,0.0,0.0
2010-03-21,21915,RED  HARMONICA IN BOX,48.0,60.0,1.25,4.0,4.0
2010-03-28,21915,RED  HARMONICA IN BOX,139.0,176.26999999999998,1.49,13.0,11.0
2010-04-04,21915,RED  HARMONICA IN BOX,897.0,1016.0500000000001,1.3938095238095236,5.0,4.0
2010-04-11,21915,RED  HARMONICA IN BOX,410.0,459.3,1.2364285714285714,11.0,11.0
2010-04-18,21915,RED  HARMONICA IN BOX,742.0,859.1,1.2228571428571429,13.0,9.0
2010-04-25,21915,RED  HARMONICA IN BOX,74.0,95.02,1.4928571428571427,6.0,5.0
2010-05-02,21915,RED  HARMONICA IN BOX,583.0,638.81,1.2902380952380952,12.0,10.0
2010-05-09,21915,RED  HARMONICA IN BOX,62.0,80.02,1.4164285714285714,6.0,5.0
2010-05-16,21915,RED  HARMONICA IN BOX,941.0,1066.03,1.2769523809523808,15.0,12.0
2010-05-23,21915,RED  HARMONICA IN BOX,37.0,46.25,1.25,4.0,4.0
2010-05-30,21915,RED  HARMONICA IN BOX,122.0,153.76,1.3399999999999999,12.0,10.0
2010-06-06,21915,RED  HARMONICA IN BOX,101.0,127.50999999999999,1.295,11.0,10.0
2010-06-13,21915,RED  HARMONICA IN BOX,334.0,366.20000000000005,1.195714285714286,9.0,9.0
2010-06-20,21915,RED  HARMONICA IN BOX,109.0,135.23,1.291904761904762,10.0,9.0
2010-06-27,21915,RED  HARMONICA IN BOX,74.0,93.76,1.52,7.0,6.0
2010-07-04,21915,RED  HARMONICA IN BOX,246.0,307.5,1.25,10.0,10.0
2010-07-11,21915,RED  HARMONICA IN BOX,103.0,130.01,1.43,8.0,7.0
2010-07-18,21915,RED  HARMONICA IN BOX,144.0,180.0,1.25,7.0,7.0
2010-07-25,21915,RED  HARMONICA IN BOX,336.0,374.4,1.1685714285714286,6.0,6.0
2010-08-01,21915,RED  HARMONICA IN BOX,174.0,218.76,1.43,9.0,8.0
2010-08-08,21915,RED  HARMONICA IN BOX,1240.0,1337.2,1.2228571428571429,9.0,9.0
2010-08-15,21915,RED  HARMONICA IN BOX,80.0,101.25999999999999,1.43,8.0,7.0
2010-08-22,21915,RED  HARMONICA IN BOX,255.0,321.27,1.6999999999999997,11.0,9.0
2010-08-29,21915,RED  HARMONICA IN BOX,231.0,292.53,1.8499999999999999,7.0,5.0
2010-09-05,21915,RED  HARMONICA IN BOX,713.0,786.11,1.5319047619047619,12.0,11.0
2010-09-12,21915,RED  HARMONICA IN BOX,398.0,497.5,1.25,10.0,10.0
2010-09-19,21915,RED  HARMONICA IN BOX,103.0,128.75,1.25,11.0,11.0
2010-09-26,21915,RED  HARMONICA IN BOX,476.0,549.4,1.2228571428571429,14.0,14.0
2010-10-03,21915,RED  HARMONICA IN BOX,490.0,560.54,1.320142857142857,19.0,16.0
2010-10-10,21915,RED  HARMONICA IN BOX,1246.0,1352.26,1.327904761904762,17.0,12.0
2010-10-17,21915,RED  HARMONICA IN BOX,545.0,624.25,1.2228571428571429,8.0,5.0
2010-10-24,21915,RED  HARMONICA IN BOX,3.0,3.75,1.25,2.0,1.0
2010-10-31,21915,RED  HARMONICA IN BOX,3.0,3.75,1.25,1.0,1.0
2010-11-07,21915,RED  HARMONICA IN BOX,1979.0,2101.35,1.2228571428571429,3.0,3.0
2010-11-14,21915,RED  HARMONICA IN BOX,3.0,3.75,1.25,1.0,1.0
2010-11-21,21915,RED  HARMONICA IN BOX,336.0,374.4,1.2364285714285714,13.0,13.0
2010-11-28,21915,RED  HARMONICA IN BOX,564.0,687.12,1.5584126984126985,32.0,25.0
2010-12-05,21915,RED  HARMONICA IN BOX,3432.0,3780.68,1.5672142857142857,23.0,17.0
2010-12-12,21915,RED  HARMONICA IN BOX,387.0,534.15,1.7321428571428572,22.0,13.0
2010-12-19,21915,RED  HARMONICA IN BOX,314.0,409.59999999999997,1.8145714285714285,23.0,15.0
2010-12-26,21915,RED  HARMONICA IN BOX,13.0,21.29,1.91,5.0,1.0
2011-01-02,21915,RED  HARMONICA IN BOX,0.0,0.0,1.8800000000000001,0.0,0.0
2011-01-09,21915,RED  HARMONICA IN BOX,285.0,311.90999999999997,1.4792857142857143,7.0,6.0
2011-01-16,21915,RED  HARMONICA IN BOX,72.0,90.0,1.25,6.0,6.0
2011-01-23,21915,RED  HARMONICA IN BOX,116.0,148.63,1.5957142857142856,12.0,9.0
2011-01-30,21915,RED  HARMONICA IN BOX,84.0,117.1,1.3364285714285715,8.0,7.0
2011-02-06,21915,RED  HARMONICA IN BOX,556.0,616.4100000000001,1.2940476190476191,13.0,12.0
2011-02-13,21915,RED  HARMONICA IN BOX,25.0,31.25,1.25,3.0,3.0
2011-02-20,21915,RED  HARMONICA IN BOX,39.0,49.96,1.5092857142857141,5.0,4.0
2011-02-27,21915,RED  HARMONICA IN BOX,125.0,159.88,1.3364285714285715,12.0,11.0
2011-03-06,21915,RED  HARMONICA IN BOX,604.0,656.2,1.195714285714286,7.0,7.0
2011-03-13,21915,RED  HARMONICA IN BOX,319.0,355.57,1.4092857142857143,8.0,7.0
2011-03-20,21915,RED  HARMONICA IN BOX,192.0,240.0,1.25,8.0,8.0
2011-03-27,21915,RED  HARMONICA IN BOX,120.0,150.0,1.25,6.0,6.0
2011-04-03,21915,RED  HARMONICA IN BOX,742.0,898.8100000000001,1.3928571428571428,14.0,11.0
2011-04-10,21915,RED  HARMONICA IN BOX,107.0,136.17000000000002,1.3767619047619049,9.0,7.0
2011-04-17,21915,RED  HARMONICA IN BOX,96.0,120.0,1.25,6.0,6.0
2011-04-24,21915,RED  HARMONICA IN BOX,125.0,169.56,1.3652380952380951,10.0,8.0
2011-05-01,21915,RED  HARMONICA IN BOX,364.0,399.52000000000004,1.2273809523809525,7.0,7.0
2011-05-08,21915,RED  HARMONICA IN BOX,152.0,220.25,1.2845714285714287,12.0,10.0
2011-05-15,21915,RED  HARMONICA IN BOX,160.0,200.0,1.25,10.0,10.0
2011-05-22,21915,RED  HARMONICA IN BOX,312.0,390.0,1.25,16.0,16.0
2011-05-29,21915,RED  HARMONICA IN BOX,85.0,107.46000000000001,1.3076190476190475,7.0,6.0
2011-06-05,21915,RED  HARMONICA IN BOX,305.0,329.26,1.5685714285714287,4.0,3.0
2011-06-12,21915,RED  HARMONICA IN BOX,84.0,105.0,1.25,6.0,6.0
2011-06-19,21915,RED  HARMONICA IN BOX,434.0,498.10999999999996,1.3273809523809523,12.0,11.0
2011-06-26,21915,RED  HARMONICA IN BOX,338.0,369.6,1.9014285714285712,7.0,4.0
2011-07-03,21915,RED  HARMONICA IN BOX,126.0,158.71,1.6821428571428572,7.0,6.0
2011-07-10,21915,RED  HARMONICA IN BOX,85.0,111.09,1.4660714285714285,12.0,7.0
2011-07-17,21915,RED  HARMONICA IN BOX,175.0,219.95999999999998,1.3652380952380951,9.0,8.0
2011-07-24,21915,RED  HARMONICA IN BOX,231.0,291.17,1.6389285714285715,12.0,10.0
2011-07-31,21915,RED  HARMONICA IN BOX,186.0,236.13,1.4516666666666667,14.0,12.0
2011-08-07,21915,RED  HARMONICA IN BOX,381.0,431.85999999999996,1.331,14.0,13.0
2011-08-14,21915,RED  HARMONICA IN BOX,857.0,925.78,1.391190476190476,10.0,8.0
2011-08-21,21915,RED  HARMONICA IN BOX,336.0,374.4,1.1414285714285715,5.0,5.0
2011-08-28,21915,RED  HARMONICA IN BOX,366.0,411.9,1.2319047619047618,9.0,9.0
2011-09-04,21915,RED  HARMONICA IN BOX,1621.0,1731.0600000000002,1.3685714285714285,8.0,7.0
2011-09-11,21915,RED  HARMONICA IN BOX,262.0,329.92,1.3133809523809525,21.0,19.0
2011-09-18,21915,RED  HARMONICA IN BOX,307.0,387.38,1.371,27.0,23.0
2011-09-25,21915,RED  HARMONICA IN BOX,545.0,650.17,1.3794693877551019,27.0,23.0
2011-10-02,21915,RED  HARMONICA IN BOX,312.0,404.52,1.2932142857142856,23.0,23.0
2011-10-09,21915,RED  HARMONICA IN BOX,1831.0,1998.64,1.3246530612244898,28.0,26.0
2011-10-16,21915,RED  HARMONICA IN BOX,252.0,327.1,1.378408163265306,21.0,18.0
2011-10-23,21915,RED  HARMONICA IN BOX,830.0,1000.37,1.2876031746031746,35.0,31.0
2011-10-30,21915,RED  HARMONICA IN BOX,351.0,452.06,1.3249047619047618,25.0,22.0
2011-11-06,21915,RED  HARMONICA IN BOX,2652.0,2894.6,1.4499234693877552,36.0,33.0
2011-11-13,21915,RED  HARMONICA IN BOX,661.0,1375.5600000000002,2.222142857142857,11.0,5.0
2011-11-20,21915,RED  HARMONICA IN BOX,351.0,937.9100000000001,2.1635476190476193,19.0,11.0
2011-11-27,21915,RED  HARMONICA IN BOX,22.0,42.02,1.7685714285714285,5.0,4.0
2011-12-04,21915,RED  HARMONICA IN BOX,1120.0,1187.2,1.5142857142857142,1.0,1.0
2009-12-13,21931,JUMBO STORAGE BAG SUKI,242.0,481.84999999999997,2.310714285714286,29.0,24.0
2009-12-20,21931,JUMBO STORAGE BAG SUKI,394.0,727.1,2.7913888888888887,29.0,23.0
2009-12-27,21931,JUMBO STORAGE BAG SUKI,16.0,45.3,3.9642857142857144,7.0,1.0
2010-01-03,21931,JUMBO STORAGE BAG SUKI,0.0,0.0,4.3,0.0,0.0
2010-01-10,21931,JUMBO STORAGE BAG SUKI,231.0,390.45,1.8857142857142857,10.0,10.0
2010-01-17,21931,JUMBO STORAGE BAG SUKI,270.0,494.25,2.7715238095238095,18.0,9.0
2010-01-24,21931,JUMBO STORAGE BAG SUKI,189.0,345.33000000000004,2.2585714285714285,13.0,11.0
2010-01-31,21931,JUMBO STORAGE BAG SUKI,216.0,397.98,2.2794285714285714,16.0,13.0
2010-02-07,21931,JUMBO STORAGE BAG SUKI,236.0,431.72,2.23,15.0,13.0
2010-02-14,21931,JUMBO STORAGE BAG SUKI,107.0,213.17,2.165238095238095,16.0,14.0
2010-02-21,21931,JUMBO STORAGE BAG SUKI,293.0,520.39,2.5742857142857143,18.0,14.0
2010-02-28,21931,JUMBO STORAGE BAG SUKI,230.0,413.28000000000003,2.3123809523809524,18.0,15.0
2010-03-07,21931,JUMBO STORAGE BAG SUKI,218.0,410.92,2.1102539682539683,20.0,17.0
2010-03-14,21931,JUMBO STORAGE BAG SUKI,337.0,610.71,2.2616938775510205,25.0,21.0
2010-03-21,21931,JUMBO STORAGE BAG SUKI,366.0,660.48,2.1423809523809525,19.0,16.0
2010-03-28,21931,JUMBO STORAGE BAG SUKI,491.0,876.49,2.1967142857142856,25.0,22.0
2010-04-04,21931,JUMBO STORAGE BAG SUKI,235.0,420.03,2.339809523809524,19.0,16.0
2010-04-11,21931,JUMBO STORAGE BAG SUKI,61.0,121.21,2.1276190476190475,9.0,8.0
2010-04-18,21931,JUMBO STORAGE BAG SUKI,353.0,598.35,1.8928571428571428,12.0,10.0
2010-04-25,21931,JUMBO STORAGE BAG SUKI,368.0,675.68,2.3249523809523813,25.0,19.0
2010-05-02,21931,JUMBO STORAGE BAG SUKI,355.0,617.59,2.46,26.0,21.0
2010-05-09,21931,JUMBO STORAGE BAG SUKI,269.0,478.81,1.950238095238095,16.0,15.0
2010-05-16,21931,JUMBO STORAGE BAG SUKI,592.0,1038.92,2.073857142857143,27.0,22.0
2010-05-23,21931,JUMBO STORAGE BAG SUKI,206.0,338.96,2.2264285714285714,16.0,15.0
2010-05-30,21931,JUMBO STORAGE BAG SUKI,248.0,471.68,2.549142857142857,22.0,15.0
2010-06-06,21931,JUMBO STORAGE BAG SUKI,112.0,225.18,2.2459523809523807,14.0,12.0
2010-06-13,21931,JUMBO STORAGE BAG SUKI,240.0,472.6,2.1751020408163266,25.0,22.0
2010-06-20,21931,JUMBO STORAGE BAG SUKI,140.0,284.3,2.1867619047619047,20.0,17.0
2010-06-27,21931,JUMBO STORAGE BAG SUKI,263.0,492.0,2.181952380952381,25.0,21.0
2010-07-04,21931,JUMBO STORAGE BAG SUKI,439.0,805.09,2.1425396825396823,28.0,24.0
2010-07-11,21931,JUMBO STORAGE BAG SUKI,193.0,396.69,2.3620272108843534,27.0,21.0
2010-07-18,21931,JUMBO STORAGE BAG SUKI,410.0,716.28,2.245047619047619,19.0,15.0
2010-07-25,21931,JUMBO STORAGE BAG SUKI,432.0,786.92,2.119285714285714,27.0,25.0
2010-08-01,21931,JUMBO STORAGE BAG SUKI,200.0,403.56,2.1598571428571427,25.0,21.0
2010-08-08,21931,JUMBO STORAGE BAG SUKI,176.0,335.72,2.1136190476190473,18.0,14.0
2010-08-15,21931,JUMBO STORAGE BAG SUKI,478.0,1478.55,2.573571428571428,15.0,12.0
2010-08-22,21931,JUMBO STORAGE BAG SUKI,510.0,913.54,2.2131972789115646,22.0,19.0
2010-08-29,21931,JUMBO STORAGE BAG SUKI,374.0,708.34,2.396666666666667,27.0,23.0
2010-09-05,21931,JUMBO STORAGE BAG SUKI,521.0,1162.1399999999999,2.454678571428571,26.0,20.0
2010-09-12,21931,JUMBO STORAGE BAG SUKI,557.0,1005.19,2.1703877551020407,26.0,22.0
2010-09-19,21931,JUMBO STORAGE BAG SUKI,253.0,488.21000000000004,2.4235714285714285,20.0,15.0
2010-09-26,21931,JUMBO STORAGE BAG SUKI,349.0,703.94,2.7252380952380952,19.0,13.0
2010-10-03,21931,JUMBO STORAGE BAG SUKI,519.0,955.95,2.3823809523809523,30.0,25.0
2010-10-10,21931,JUMBO STORAGE BAG SUKI,130.0,262.53999999999996,2.3266666666666667,22.0,18.0
2010-10-17,21931,JUMBO STORAGE BAG SUKI,235.0,483.4,2.510530612244898,28.0,21.0
2010-10-24,21931,JUMBO STORAGE BAG SUKI,172.0,355.18,3.1207142857142856,25.0,20.0
2010-10-31,21931,JUMBO STORAGE BAG SUKI,190.0,375.57,2.345714285714286,19.0,16.0
2010-11-07,21931,JUMBO STORAGE BAG SUKI,178.0,321.62,2.1904761904761907,21.0,19.0
2010-11-14,21931,JUMBO STORAGE BAG SUKI,655.0,1677.22,2.4759199134199137,38.0,29.0
2010-11-21,21931,JUMBO STORAGE BAG SUKI,393.0,1310.25,2.429812925170068,40.0,33.0
2010-11-28,21931,JUMBO STORAGE BAG SUKI,427.0,902.13,2.6090589569161,37.0,31.0
2010-12-05,21931,JUMBO STORAGE BAG SUKI,390.0,970.14,2.5003452380952385,29.0,24.0
2010-12-12,21931,JUMBO STORAGE BAG SUKI,416.0,991.48,2.9662012987012987,28.0,19.0
2010-12-19,21931,JUMBO STORAGE BAG SUKI,174.0,460.3,3.1372619047619046,20.0,15.0
2010-12-26,21931,JUMBO STORAGE BAG SUKI,62.0,245.85999999999999,4.777142857142857,6.0,2.0
2011-01-02,21931,JUMBO STORAGE BAG SUKI,0.0,0.0,5.06,0.0,0.0
2011-01-09,21931,JUMBO STORAGE BAG SUKI,226.0,547.54,2.5209523809523806,15.0,13.0
2011-01-16,21931,JUMBO STORAGE BAG SUKI,391.0,1012.93,3.09578231292517,18.0,11.0
2011-01-23,21931,JUMBO STORAGE BAG SUKI,80.0,293.53,3.314285714285714,15.0,7.0
2011-01-30,21931,JUMBO STORAGE BAG SUKI,259.0,543.7,3.3675714285714284,17.0,9.0
2011-02-06,21931,JUMBO STORAGE BAG SUKI,147.0,299.73,2.3392857142857144,15.0,13.0
2011-02-13,21931,JUMBO STORAGE BAG SUKI,240.0,518.66,2.6927210884353743,20.0,11.0
2011-02-20,21931,JUMBO STORAGE BAG SUKI,512.0,948.16,2.3994285714285715,24.0,15.0
2011-02-27,21931,JUMBO STORAGE BAG SUKI,174.0,328.92,2.9770476190476187,16.0,8.0
2011-03-06,21931,JUMBO STORAGE BAG SUKI,173.0,329.15,2.725952380952381,12.0,8.0
2011-03-13,21931,JUMBO STORAGE BAG SUKI,117.0,291.37,3.1401020408163265,15.0,9.0
2011-03-20,21931,JUMBO STORAGE BAG SUKI,268.0,489.32,2.1809523809523808,15.0,13.0
2011-03-27,21931,JUMBO STORAGE BAG SUKI,410.0,740.02,2.512530612244898,22.0,15.0
2011-04-03,21931,JUMBO STORAGE BAG SUKI,359.0,756.27,2.633857142857143,31.0,19.0
2011-04-10,21931,JUMBO STORAGE BAG SUKI,243.0,476.64,2.2090476190476194,20.0,18.0
2011-04-17,21931,JUMBO STORAGE BAG SUKI,182.0,442.86,2.572755102040816,27.0,15.0
2011-04-24,21931,JUMBO STORAGE BAG SUKI,70.0,166.10000000000002,2.714523809523809,15.0,9.0
2011-05-01,21931,JUMBO STORAGE BAG SUKI,129.0,338.02000000000004,2.433869047619048,16.0,9.0
2011-05-08,21931,JUMBO STORAGE BAG SUKI,181.0,396.98,2.4167857142857145,23.0,17.0
2011-05-15,21931,JUMBO STORAGE BAG SUKI,463.0,1035.94,2.4095408163265306,36.0,14.0
2011-05-22,21931,JUMBO STORAGE BAG SUKI,196.0,540.93,2.8177210884353743,29.0,16.0
2011-05-29,21931,JUMBO STORAGE BAG SUKI,271.0,614.63,3.011605442176871,28.0,17.0
2011-06-05,21931,JUMBO STORAGE BAG SUKI,144.0,348.72,2.555892857142857,20.0,9.0
2011-06-12,21931,JUMBO STORAGE BAG SUKI,230.0,677.25,2.89203634085213,39.0,17.0
2011-06-19,21931,JUMBO STORAGE BAG SUKI,113.0,321.14,2.5088265306122453,19.0,11.0
2011-06-26,21931,JUMBO STORAGE BAG SUKI,244.0,581.02,2.7727551020408163,27.0,14.0
2011-07-03,21931,JUMBO STORAGE BAG SUKI,437.0,916.5100000000001,2.8882619047619045,26.0,14.0
2011-07-10,21931,JUMBO STORAGE BAG SUKI,351.0,846.63,3.0345305091733663,45.0,18.0
2011-07-17,21931,JUMBO STORAGE BAG SUKI,186.0,378.38,2.7133333333333334,16.0,10.0
2011-07-24,21931,JUMBO STORAGE BAG SUKI,287.0,693.01,2.8216071428571428,29.0,16.0
2011-07-31,21931,JUMBO STORAGE BAG SUKI,231.0,474.03000000000003,2.555204081632653,22.0,16.0
2011-08-07,21931,JUMBO STORAGE BAG SUKI,393.0,731.59,2.2420714285714287,18.0,16.0
2011-08-14,21931,JUMBO STORAGE BAG SUKI,307.0,841.2099999999999,2.5577380952380957,17.0,13.0
2011-08-21,21931,JUMBO STORAGE BAG SUKI,415.0,804.4,2.097714285714286,25.0,23.0
2011-08-28,21931,JUMBO STORAGE BAG SUKI,356.0,757.73,2.2199999999999998,22.0,20.0
2011-09-04,21931,JUMBO STORAGE BAG SUKI,312.0,751.8599999999999,2.6576190476190473,29.0,14.0
2011-09-11,21931,JUMBO STORAGE BAG SUKI,276.0,686.5300000000001,2.5807142857142855,23.0,16.0
2011-09-18,21931,JUMBO STORAGE BAG SUKI,331.0,782.48,2.4329047619047617,30.0,23.0
2011-09-25,21931,JUMBO STORAGE BAG SUKI,288.0,706.8399999999999,2.7830612244897956,23.0,15.0
2011-10-02,21931,JUMBO STORAGE BAG SUKI,260.0,581.95,2.5566326530612247,24.0,19.0
2011-10-09,21931,JUMBO STORAGE BAG SUKI,454.0,904.72,2.584166666666667,16.0,12.0
2011-10-16,21931,JUMBO STORAGE BAG SUKI,263.0,611.4399999999999,2.5860714285714286,22.0,17.0
2011-10-23,21931,JUMBO STORAGE BAG SUKI,140.0,377.29999999999995,2.629107142857143,16.0,11.0
2011-10-30,21931,JUMBO STORAGE BAG SUKI,372.0,801.86,2.4566666666666666,21.0,15.0
2011-11-06,21931,JUMBO STORAGE BAG SUKI,245.0,545.3,2.8343027210884353,22.0,13.0
2011-11-13,21931,JUMBO STORAGE BAG SUKI,507.0,1065.96,2.391920222634508,40.0,32.0
2011-11-20,21931,JUMBO STORAGE BAG SUKI,189.0,409.52,2.1873809523809524,26.0,24.0
2011-11-27,21931,JUMBO STORAGE BAG SUKI,212.0,471.41,2.5207619047619048,19.0,15.0
2011-12-04,21931,JUMBO STORAGE BAG SUKI,258.0,520.29,2.5591666666666666,24.0,17.0
2009-12-13,21975,PACK OF 60 DINOSAUR CAKE CASES,112.0,68.35000000000001,0.7642857142857143,14.0,9.0
2009-12-20,21975,PACK OF 60 DINOSAUR CAKE CASES,158.0,96.65,0.8892857142857143,15.0,7.0
2009-12-27,21975,PACK OF 60 DINOSAUR CAKE CASES,291.0,129.6,0.5850000000000001,5.0,2.0
2010-01-03,21975,PACK OF 60 DINOSAUR CAKE CASES,0.0,0.0,0.55,0.0,0.0
2010-01-10,21975,PACK OF 60 DINOSAUR CAKE CASES,48.0,26.400000000000002,0.55,2.0,2.0
2010-01-17,21975,PACK OF 60 DINOSAUR CAKE CASES,86.0,53.18000000000001,0.9804285714285713,9.0,3.0
2010-01-24,21975,PACK OF 60 DINOSAUR CAKE CASES,397.0,184.54,0.7079761904761905,16.0,13.0
2010-01-31,21975,PACK OF 60 DINOSAUR CAKE CASES,241.0,134.74,0.5969285714285715,15.0,13.0
2010-02-07,21975,PACK OF 60 DINOSAUR CAKE CASES,405.0,178.87,0.6751190476190477,11.0,9.0
2010-02-14,21975,PACK OF 60 DINOSAUR CAKE CASES,582.0,270.69,0.6351428571428572,14.0,12.0
2010-02-21,21975,PACK OF 60 DINOSAUR CAKE CASES,133.0,73.88000000000001,0.5847619047619048,10.0,9.0
2010-02-28,21975,PACK OF 60 DINOSAUR CAKE CASES,959.0,420.43999999999994,0.6515476190476192,16.0,10.0
2010-03-07,21975,PACK OF 60 DINOSAUR CAKE CASES,681.0,308.81,0.6235714285714286,18.0,16.0
2010-03-14,21975,PACK OF 60 DINOSAUR CAKE CASES,231.0,111.45,0.5128571428571429,6.0,6.0
2010-03-21,21975,PACK OF 60 DINOSAUR CAKE CASES,877.0,396.94,0.6146904761904762,20.0,15.0
2010-03-28,21975,PACK OF 60 DINOSAUR CAKE CASES,325.0,182.4,0.6021428571428571,17.0,14.0
2010-04-04,21975,PACK OF 60 DINOSAUR CAKE CASES,62.0,34.1,0.55,6.0,6.0
2010-04-11,21975,PACK OF 60 DINOSAUR CAKE CASES,483.0,221.04,0.6357142857142858,10.0,7.0
2010-04-18,21975,PACK OF 60 DINOSAUR CAKE CASES,639.0,289.05,0.5314285714285715,10.0,10.0
2010-04-25,21975,PACK OF 60 DINOSAUR CAKE CASES,369.0,190.27,0.5798214285714286,18.0,15.0
2010-05-02,21975,PACK OF 60 DINOSAUR CAKE CASES,360.0,201.65000000000003,0.652547619047619,24.0,20.0
2010-05-09,21975,PACK OF 60 DINOSAUR CAKE CASES,364.0,187.51999999999998,0.8842857142857143,19.0,15.0
2010-05-16,21975,PACK OF 60 DINOSAUR CAKE CASES,272.0,134.0,0.5453571428571429,10.0,9.0
2010-05-23,21975,PACK OF 60 DINOSAUR CAKE CASES,192.0,105.60000000000001,0.55,12.0,12.0
2010-05-30,21975,PACK OF 60 DINOSAUR CAKE CASES,823.0,365.78000000000003,0.6095238095238095,14.0,13.0
2010-06-06,21975,PACK OF 60 DINOSAUR CAKE CASES,299.0,135.44,0.8504761904761905,10.0,8.0
2010-06-13,21975,PACK OF 60 DINOSAUR CAKE CASES,423.0,218.51000000000002,0.6128571428571429,16.0,13.0
2010-06-20,21975,PACK OF 60 DINOSAUR CAKE CASES,372.0,174.13,0.5575,12.0,11.0
2010-06-27,21975,PACK OF 60 DINOSAUR CAKE CASES,250.0,127.01,0.7492857142857143,10.0,7.0
2010-07-04,21975,PACK OF 60 DINOSAUR CAKE CASES,698.0,316.7,0.5339795918367347,20.0,20.0
2010-07-11,21975,PACK OF 60 DINOSAUR CAKE CASES,711.0,314.51,0.5916666666666667,13.0,12.0
2010-07-18,21975,PACK OF 60 DINOSAUR CAKE CASES,100.0,55.730000000000004,0.6133333333333334,9.0,7.0
2010-07-25,21975,PACK OF 60 DINOSAUR CAKE CASES,127.0,71.31,0.7064285714285715,8.0,6.0
2010-08-01,21975,PACK OF 60 DINOSAUR CAKE CASES,340.0,187.73000000000002,0.5673809523809524,21.0,19.0
2010-08-08,21975,PACK OF 60 DINOSAUR CAKE CASES,171.0,94.05000000000001,0.55,11.0,11.0
2010-08-15,21975,PACK OF 60 DINOSAUR CAKE CASES,512.0,211.06,0.8414285714285715,6.0,4.0
2010-08-22,21975,PACK OF 60 DINOSAUR CAKE CASES,364.0,177.76,0.5714285714285714,10.0,8.0
2010-08-29,21975,PACK OF 60 DINOSAUR CAKE CASES,80.0,44.730000000000004,0.9671428571428572,8.0,7.0
2010-09-05,21975,PACK OF 60 DINOSAUR CAKE CASES,249.0,122.08000000000001,0.754857142857143,12.0,11.0
2010-09-12,21975,PACK OF 60 DINOSAUR CAKE CASES,256.0,140.8,0.55,19.0,19.0
2010-09-19,21975,PACK OF 60 DINOSAUR CAKE CASES,685.0,314.34999999999997,0.5376190476190477,15.0,15.0
2010-09-26,21975,PACK OF 60 DINOSAUR CAKE CASES,378.0,173.57999999999998,0.5066666666666667,11.0,11.0
2010-10-03,21975,PACK OF 60 DINOSAUR CAKE CASES,306.0,153.43,0.6480952380952382,15.0,14.0
2010-10-10,21975,PACK OF 60 DINOSAUR CAKE CASES,1162.0,497.28999999999996,0.5967857142857144,16.0,13.0
2010-10-17,21975,PACK OF 60 DINOSAUR CAKE CASES,376.0,206.8,0.55,22.0,20.0
2010-10-24,21975,PACK OF 60 DINOSAUR CAKE CASES,312.0,158.19,0.5671428571428572,23.0,22.0
2010-10-31,21975,PACK OF 60 DINOSAUR CAKE CASES,131.0,73.51,0.7585714285714287,13.0,10.0
2010-11-07,21975,PACK OF 60 DINOSAUR CAKE CASES,587.0,277.51,0.6276190476190476,18.0,16.0
2010-11-14,21975,PACK OF 60 DINOSAUR CAKE CASES,172.0,97.52000000000001,0.6977380952380953,20.0,16.0
2010-11-21,21975,PACK OF 60 DINOSAUR CAKE CASES,468.0,212.79,0.5895,18.0,16.0
2010-11-28,21975,PACK OF 60 DINOSAUR CAKE CASES,114.0,64.16000000000001,0.7099047619047619,13.0,11.0
2010-12-05,21975,PACK OF 60 DINOSAUR CAKE CASES,300.0,183.25000000000003,0.636904761904762,12.0,9.0
2010-12-12,21975,PACK OF 60 DINOSAUR CAKE CASES,56.0,37.370000000000005,0.775952380952381,9.0,5.0
2010-12-19,21975,PACK OF 60 DINOSAUR CAKE CASES,33.0,19.61,0.7585714285714287,5.0,3.0
2010-12-26,21975,PACK OF 60 DINOSAUR CAKE CASES,528.0,218.4,0.5071428571428572,3.0,3.0
2011-01-02,21975,PACK OF 60 DINOSAUR CAKE CASES,0.0,0.0,0.55,0.0,0.0
2011-01-09,21975,PACK OF 60 DINOSAUR CAKE CASES,75.0,41.25,0.55,5.0,5.0
2011-01-16,21975,PACK OF 60 DINOSAUR CAKE CASES,141.0,79.01,0.6021428571428571,12.0,10.0
2011-01-23,21975,PACK OF 60 DINOSAUR CAKE CASES,77.0,43.050000000000004,0.6,6.0,5.0
2011-01-30,21975,PACK OF 60 DINOSAUR CAKE CASES,117.0,64.35000000000001,0.55,10.0,10.0
2011-02-06,21975,PACK OF 60 DINOSAUR CAKE CASES,102.0,63.800000000000004,0.6833333333333333,13.0,11.0
2011-02-13,21975,PACK OF 60 DINOSAUR CAKE CASES,175.0,97.65,0.6333333333333334,11.0,9.0
2011-02-20,21975,PACK OF 60 DINOSAUR CAKE CASES,123.0,67.65,0.55,7.0,7.0
2011-02-27,21975,PACK OF 60 DINOSAUR CAKE CASES,342.0,172.5,0.5453571428571429,13.0,13.0
2011-03-06,21975,PACK OF 60 DINOSAUR CAKE CASES,124.0,68.2,0.55,8.0,8.0
2011-03-13,21975,PACK OF 60 DINOSAUR CAKE CASES,439.0,210.25,0.5407142857142857,10.0,10.0
2011-03-20,21975,PACK OF 60 DINOSAUR CAKE CASES,82.0,45.10000000000001,0.55,9.0,9.0
2011-03-27,21975,PACK OF 60 DINOSAUR CAKE CASES,285.0,141.15,0.5453571428571429,15.0,15.0
2011-04-03,21975,PACK OF 60 DINOSAUR CAKE CASES,313.0,157.25,0.5786904761904762,18.0,16.0
2011-04-10,21975,PACK OF 60 DINOSAUR CAKE CASES,113.0,62.150000000000006,0.55,10.0,10.0
2011-04-17,21975,PACK OF 60 DINOSAUR CAKE CASES,82.0,45.1,0.55,7.0,7.0
2011-04-24,21975,PACK OF 60 DINOSAUR CAKE CASES,779.0,321.15,0.567857142857143,10.0,9.0
2011-05-01,21975,PACK OF 60 DINOSAUR CAKE CASES,39.0,21.45,0.55,6.0,6.0
2011-05-08,21975,PACK OF 60 DINOSAUR CAKE CASES,158.0,87.60000000000001,0.6,13.0,12.0
2011-05-15,21975,PACK OF 60 DINOSAUR CAKE CASES,414.0,198.6,0.5925714285714286,14.0,12.0
2011-05-22,21975,PACK OF 60 DINOSAUR CAKE CASES,59.0,34.550000000000004,0.7000000000000001,7.0,5.0
2011-05-29,21975,PACK OF 60 DINOSAUR CAKE CASES,137.0,75.35,0.55,12.0,12.0
2011-06-05,21975,PACK OF 60 DINOSAUR CAKE CASES,142.0,79.5,0.5833333333333334,12.0,11.0
2011-06-12,21975,PACK OF 60 DINOSAUR CAKE CASES,168.0,93.80000000000001,0.6416666666666667,17.0,14.0
2011-06-19,21975,PACK OF 60 DINOSAUR CAKE CASES,501.0,228.75,0.5236904761904763,13.0,13.0
2011-06-26,21975,PACK OF 60 DINOSAUR CAKE CASES,116.0,65.2,0.635,13.0,11.0
2011-07-03,21975,PACK OF 60 DINOSAUR CAKE CASES,326.0,149.5,0.5814285714285715,9.0,8.0
2011-07-10,21975,PACK OF 60 DINOSAUR CAKE CASES,821.0,344.95,0.6892857142857143,8.0,6.0
2011-07-17,21975,PACK OF 60 DINOSAUR CAKE CASES,228.0,126.10000000000001,0.6166666666666666,13.0,12.0
2011-07-24,21975,PACK OF 60 DINOSAUR CAKE CASES,204.0,112.2,0.55,15.0,13.0
2011-07-31,21975,PACK OF 60 DINOSAUR CAKE CASES,158.0,87.60000000000001,0.6500000000000001,13.0,12.0
2011-08-07,21975,PACK OF 60 DINOSAUR CAKE CASES,251.0,139.45000000000002,0.6033333333333334,13.0,11.0
2011-08-14,21975,PACK OF 60 DINOSAUR CAKE CASES,137.0,76.75,0.6166666666666666,11.0,10.0
2011-08-21,21975,PACK OF 60 DINOSAUR CAKE CASES,872.0,371.59999999999997,0.5392857142857144,11.0,11.0
2011-08-28,21975,PACK OF 60 DINOSAUR CAKE CASES,260.0,127.4,0.5314285714285715,10.0,10.0
2011-09-04,21975,PACK OF 60 DINOSAUR CAKE CASES,82.0,47.2,0.75,11.0,6.0
2011-09-11,21975,PACK OF 60 DINOSAUR CAKE CASES,385.0,180.55,0.5446938775510205,13.0,11.0
2011-09-18,21975,PACK OF 60 DINOSAUR CAKE CASES,799.0,345.85,0.5345238095238096,11.0,8.0
2011-09-25,21975,PACK OF 60 DINOSAUR CAKE CASES,478.0,229.98,0.6221190476190477,19.0,18.0
2011-10-02,21975,PACK OF 60 DINOSAUR CAKE CASES,161.0,89.25000000000001,0.5750000000000001,14.0,13.0
2011-10-09,21975,PACK OF 60 DINOSAUR CAKE CASES,158.0,88.30000000000001,0.6500000000000001,11.0,10.0
2011-10-16,21975,PACK OF 60 DINOSAUR CAKE CASES,115.0,66.75,0.8200000000000001,10.0,8.0
2011-10-23,21975,PACK OF 60 DINOSAUR CAKE CASES,127.0,71.25000000000001,0.6500000000000001,11.0,10.0
2011-10-30,21975,PACK OF 60 DINOSAUR CAKE CASES,63.0,36.050000000000004,0.675,11.0,10.0
2011-11-06,21975,PACK OF 60 DINOSAUR CAKE CASES,151.0,88.65,0.6833333333333333,14.0,12.0
2011-11-13,21975,PACK OF 60 DINOSAUR CAKE CASES,137.0,80.25,0.755,15.0,11.0
2011-11-20,21975,PACK OF 60 DINOSAUR CAKE CASES,176.0,104.50000000000001,0.74,22.0,17.0
2011-11-27,21975,PACK OF 60 DINOSAUR CAKE CASES,238.0,133.0,0.6166666666666666,20.0,14.0
2011-12-04,21975,PACK OF 60 DINOSAUR CAKE CASES,100.0,64.10000000000001,0.8166666666666667,12.0,9.0
2009-12-13,21977,PACK OF 60 PINK PAISLEY CAKE CASES,390.0,204.15,0.6804761904761906,21.0,17.0
2009-12-20,21977,PACK OF 60 PINK PAISLEY CAKE CASES,265.0,166.75,0.8071428571428572,20.0,10.0
2009-12-27,21977,PACK OF 60 PINK PAISLEY CAKE CASES,6.0,5.550000000000001,1.0321428571428573,4.0,0.0
2010-01-03,21977,PACK OF 60 PINK PAISLEY CAKE CASES,0.0,0.0,1.1125,0.0,0.0
2010-01-10,21977,PACK OF 60 PINK PAISLEY CAKE CASES,690.0,317.1,0.6241666666666666,9.0,9.0
2010-01-17,21977,PACK OF 60 PINK PAISLEY CAKE CASES,192.0,115.19000000000001,0.8695374149659864,20.0,11.0
2010-01-24,21977,PACK OF 60 PINK PAISLEY CAKE CASES,680.0,346.03000000000003,0.723,17.0,12.0
2010-01-31,21977,PACK OF 60 PINK PAISLEY CAKE CASES,656.0,337.63000000000005,0.727295918367347,24.0,17.0
2010-02-07,21977,PACK OF 60 PINK PAISLEY CAKE CASES,201.0,116.39,0.8454761904761906,19.0,10.0
2010-02-14,21977,PACK OF 60 PINK PAISLEY CAKE CASES,684.0,310.46000000000004,0.5594285714285715,15.0,13.0
2010-02-21,21977,PACK OF 60 PINK PAISLEY CAKE CASES,647.0,357.31,0.6673214285714286,25.0,23.0
2010-02-28,21977,PACK OF 60 PINK PAISLEY CAKE CASES,907.0,410.35999999999996,0.8753571428571431,19.0,13.0
2010-03-07,21977,PACK OF 60 PINK PAISLEY CAKE CASES,748.0,346.39,0.6291666666666667,23.0,20.0
2010-03-14,21977,PACK OF 60 PINK PAISLEY CAKE CASES,237.0,139.11,0.8871904761904762,18.0,10.0
2010-03-21,21977,PACK OF 60 PINK PAISLEY CAKE CASES,624.0,296.71,0.677312925170068,23.0,18.0
2010-03-28,21977,PACK OF 60 PINK PAISLEY CAKE CASES,630.0,318.95000000000005,0.5773979591836734,27.0,24.0
2010-04-04,21977,PACK OF 60 PINK PAISLEY CAKE CASES,138.0,78.09,0.5909693877551021,13.0,11.0
2010-04-11,21977,PACK OF 60 PINK PAISLEY CAKE CASES,491.0,243.96,0.6710714285714285,17.0,13.0
2010-04-18,21977,PACK OF 60 PINK PAISLEY CAKE CASES,601.0,299.35,0.5407142857142857,21.0,20.0
2010-04-25,21977,PACK OF 60 PINK PAISLEY CAKE CASES,697.0,363.83,0.6703877551020408,35.0,27.0
2010-05-02,21977,PACK OF 60 PINK PAISLEY CAKE CASES,1058.0,507.55,0.5867857142857142,29.0,25.0
2010-05-09,21977,PACK OF 60 PINK PAISLEY CAKE CASES,542.0,283.96000000000004,0.575280612244898,25.0,23.0
2010-05-16,21977,PACK OF 60 PINK PAISLEY CAKE CASES,413.0,213.74,0.7263095238095237,16.0,12.0
2010-05-23,21977,PACK OF 60 PINK PAISLEY CAKE CASES,511.0,266.91,0.6530952380952382,23.0,20.0
2010-05-30,21977,PACK OF 60 PINK PAISLEY CAKE CASES,1067.0,499.98,0.5607142857142857,22.0,21.0
2010-06-06,21977,PACK OF 60 PINK PAISLEY CAKE CASES,270.0,136.55,0.7226190476190476,12.0,8.0
2010-06-13,21977,PACK OF 60 PINK PAISLEY CAKE CASES,802.0,399.40999999999997,0.674687074829932,31.0,26.0
2010-06-20,21977,PACK OF 60 PINK PAISLEY CAKE CASES,558.0,260.83,0.595952380952381,18.0,17.0
2010-06-27,21977,PACK OF 60 PINK PAISLEY CAKE CASES,411.0,208.15,0.8034523809523809,22.0,9.0
2010-07-04,21977,PACK OF 60 PINK PAISLEY CAKE CASES,1394.0,701.69,0.5951785714285716,28.0,26.0
2010-07-11,21977,PACK OF 60 PINK PAISLEY CAKE CASES,757.0,358.33,0.6816904761904762,22.0,18.0
2010-07-18,21977,PACK OF 60 PINK PAISLEY CAKE CASES,315.0,176.17000000000002,0.6264761904761905,18.0,12.0
2010-07-25,21977,PACK OF 60 PINK PAISLEY CAKE CASES,374.0,207.16,0.6056190476190476,21.0,19.0
2010-08-01,21977,PACK OF 60 PINK PAISLEY CAKE CASES,220.0,123.92,0.6021428571428571,9.0,7.0
2010-08-08,21977,PACK OF 60 PINK PAISLEY CAKE CASES,321.0,176.55,0.55,19.0,19.0
2010-08-15,21977,PACK OF 60 PINK PAISLEY CAKE CASES,389.0,340.11,0.8216836734693879,23.0,16.0
2010-08-22,21977,PACK OF 60 PINK PAISLEY CAKE CASES,1531.0,711.14,0.5424768089053804,27.0,26.0
2010-08-29,21977,PACK OF 60 PINK PAISLEY CAKE CASES,1181.0,524.75,0.5453571428571429,13.0,13.0
2010-09-05,21977,PACK OF 60 PINK PAISLEY CAKE CASES,481.0,298.62,0.7451587301587301,18.0,12.0
2010-09-12,21977,PACK OF 60 PINK PAISLEY CAKE CASES,710.0,360.76000000000005,0.5499285714285714,20.0,18.0
2010-09-19,21977,PACK OF 60 PINK PAISLEY CAKE CASES,759.0,357.97,0.6276190476190476,20.0,17.0
2010-09-26,21977,PACK OF 60 PINK PAISLEY CAKE CASES,545.0,310.04,0.6306428571428572,25.0,21.0
2010-10-03,21977,PACK OF 60 PINK PAISLEY CAKE CASES,650.0,352.84000000000003,0.6687142857142857,25.0,22.0
2010-10-10,21977,PACK OF 60 PINK PAISLEY CAKE CASES,832.0,411.25,0.6650765306122449,30.0,25.0
2010-10-17,21977,PACK OF 60 PINK PAISLEY CAKE CASES,793.0,408.96000000000004,0.6723968253968254,35.0,30.0
2010-10-24,21977,PACK OF 60 PINK PAISLEY CAKE CASES,897.0,440.19,0.8093877551020408,34.0,29.0
2010-10-31,21977,PACK OF 60 PINK PAISLEY CAKE CASES,473.0,236.61,0.7414761904761905,20.0,15.0
2010-11-07,21977,PACK OF 60 PINK PAISLEY CAKE CASES,610.0,298.92,0.7523809523809524,24.0,20.0
2010-11-14,21977,PACK OF 60 PINK PAISLEY CAKE CASES,563.0,323.43,0.7338673469387755,37.0,31.0
2010-11-21,21977,PACK OF 60 PINK PAISLEY CAKE CASES,777.0,365.4,0.7646825396825397,29.0,23.0
2010-11-28,21977,PACK OF 60 PINK PAISLEY CAKE CASES,895.0,446.09999999999997,1.0383809523809524,24.0,15.0
2010-12-05,21977,PACK OF 60 PINK PAISLEY CAKE CASES,1077.0,599.5999999999999,0.7719642857142858,28.0,21.0
2010-12-12,21977,PACK OF 60 PINK PAISLEY CAKE CASES,387.0,255.9,0.885952380952381,19.0,10.0
2010-12-19,21977,PACK OF 60 PINK PAISLEY CAKE CASES,549.0,290.0,0.6898095238095239,17.0,12.0
2010-12-26,21977,PACK OF 60 PINK PAISLEY CAKE CASES,534.0,225.35,0.8053571428571429,7.0,4.0
2011-01-02,21977,PACK OF 60 PINK PAISLEY CAKE CASES,0.0,0.0,0.7933333333333333,0.0,0.0
2011-01-09,21977,PACK OF 60 PINK PAISLEY CAKE CASES,179.0,102.83000000000001,0.7481428571428571,14.0,10.0
2011-01-16,21977,PACK OF 60 PINK PAISLEY CAKE CASES,107.0,63.96000000000001,0.696,9.0,6.0
2011-01-23,21977,PACK OF 60 PINK PAISLEY CAKE CASES,154.0,74.69999999999999,0.9814285714285714,9.0,3.0
2011-01-30,21977,PACK OF 60 PINK PAISLEY CAKE CASES,144.0,84.23,0.7926190476190477,14.0,10.0
2011-02-06,21977,PACK OF 60 PINK PAISLEY CAKE CASES,811.0,380.34000000000003,0.9982142857142858,20.0,15.0
2011-02-13,21977,PACK OF 60 PINK PAISLEY CAKE CASES,75.0,45.010000000000005,0.729047619047619,6.0,3.0
2011-02-20,21977,PACK OF 60 PINK PAISLEY CAKE CASES,464.0,228.9,0.6946428571428571,18.0,14.0
2011-02-27,21977,PACK OF 60 PINK PAISLEY CAKE CASES,239.0,134.25,0.6416666666666667,13.0,9.0
2011-03-06,21977,PACK OF 60 PINK PAISLEY CAKE CASES,276.0,156.00000000000003,0.7071428571428572,17.0,13.0
2011-03-13,21977,PACK OF 60 PINK PAISLEY CAKE CASES,684.0,333.6,0.615904761904762,18.0,15.0
2011-03-20,21977,PACK OF 60 PINK PAISLEY CAKE CASES,1127.0,591.15,1.0422993197278911,25.0,15.0
2011-03-27,21977,PACK OF 60 PINK PAISLEY CAKE CASES,408.0,211.03,0.6100000000000001,21.0,19.0
2011-04-03,21977,PACK OF 60 PINK PAISLEY CAKE CASES,386.0,221.92000000000002,0.7191666666666666,26.0,20.0
2011-04-10,21977,PACK OF 60 PINK PAISLEY CAKE CASES,159.0,87.45,0.55,13.0,13.0
2011-04-17,21977,PACK OF 60 PINK PAISLEY CAKE CASES,751.0,355.24,0.866360544217687,24.0,20.0
2011-04-24,21977,PACK OF 60 PINK PAISLEY CAKE CASES,1321.0,570.99,0.7884761904761904,21.0,14.0
2011-05-01,21977,PACK OF 60 PINK PAISLEY CAKE CASES,255.0,143.86,0.6511071428571429,14.0,11.0
2011-05-08,21977,PACK OF 60 PINK PAISLEY CAKE CASES,555.0,280.35,0.6953571428571428,24.0,18.0
2011-05-15,21977,PACK OF 60 PINK PAISLEY CAKE CASES,498.0,267.05,0.7952472527472528,30.0,18.0
2011-05-22,21977,PACK OF 60 PINK PAISLEY CAKE CASES,173.0,101.97,0.8747619047619049,16.0,11.0
2011-05-29,21977,PACK OF 60 PINK PAISLEY CAKE CASES,2825.0,1204.8500000000001,0.6407142857142858,9.0,7.0
2011-06-05,21977,PACK OF 60 PINK PAISLEY CAKE CASES,20.0,15.200000000000001,0.8666666666666666,9.0,5.0
2011-06-12,21977,PACK OF 60 PINK PAISLEY CAKE CASES,337.0,177.97000000000003,1.0426785714285713,23.0,17.0
2011-06-19,21977,PACK OF 60 PINK PAISLEY CAKE CASES,471.0,231.61,0.6742619047619048,19.0,16.0
2011-06-26,21977,PACK OF 60 PINK PAISLEY CAKE CASES,545.0,303.25,0.7166666666666667,9.0,6.0
2011-07-03,21977,PACK OF 60 PINK PAISLEY CAKE CASES,160.0,88.7,0.5833333333333334,9.0,7.0
2011-07-10,21977,PACK OF 60 PINK PAISLEY CAKE CASES,117.0,67.15,0.6333333333333334,10.0,7.0
2011-07-17,21977,PACK OF 60 PINK PAISLEY CAKE CASES,191.0,108.55000000000001,0.625,17.0,15.0
2011-07-24,21977,PACK OF 60 PINK PAISLEY CAKE CASES,1331.0,578.85,0.6221428571428572,13.0,10.0
2011-07-31,21977,PACK OF 60 PINK PAISLEY CAKE CASES,742.0,396.0,0.6335714285714287,27.0,22.0
2011-08-07,21977,PACK OF 60 PINK PAISLEY CAKE CASES,271.0,149.75,0.5833333333333334,13.0,12.0
2011-08-14,21977,PACK OF 60 PINK PAISLEY CAKE CASES,248.0,122.2,0.5907142857142856,10.0,9.0
2011-08-21,21977,PACK OF 60 PINK PAISLEY CAKE CASES,879.0,375.45,0.5446428571428572,13.0,13.0
2011-08-28,21977,PACK OF 60 PINK PAISLEY CAKE CASES,876.0,388.2,0.5215238095238096,11.0,10.0
2011-09-04,21977,PACK OF 60 PINK PAISLEY CAKE CASES,205.0,100.64999999999999,0.6907142857142857,13.0,7.0
2011-09-11,21977,PACK OF 60 PINK PAISLEY CAKE CASES,664.0,304.9,0.5875,17.0,14.0
2011-09-18,21977,PACK OF 60 PINK PAISLEY CAKE CASES,790.0,358.59999999999997,0.7162857142857143,15.0,12.0
2011-09-25,21977,PACK OF 60 PINK PAISLEY CAKE CASES,402.0,205.18,0.6087878787878788,18.0,17.0
2011-10-02,21977,PACK OF 60 PINK PAISLEY CAKE CASES,213.0,121.35000000000001,0.62,14.0,13.0
2011-10-09,21977,PACK OF 60 PINK PAISLEY CAKE CASES,877.0,407.15,0.6635714285714286,21.0,19.0
2011-10-16,21977,PACK OF 60 PINK PAISLEY CAKE CASES,270.0,152.0,0.6333333333333334,16.0,14.0
2011-10-23,21977,PACK OF 60 PINK PAISLEY CAKE CASES,118.0,67.0,0.6333333333333334,11.0,10.0
2011-10-30,21977,PACK OF 60 PINK PAISLEY CAKE CASES,98.0,56.00000000000001,0.62,14.0,12.0
2011-11-06,21977,PACK OF 60 PINK PAISLEY CAKE CASES,158.0,89.7,0.6166666666666666,12.0,10.0
2011-11-13,21977,PACK OF 60 PINK PAISLEY CAKE CASES,303.0,155.06,0.7805,24.0,16.0
2011-11-20,21977,PACK OF 60 PINK PAISLEY CAKE CASES,415.0,204.05,0.7521428571428572,18.0,14.0
2011-11-27,21977,PACK OF 60 PINK PAISLEY CAKE CASES,392.0,223.3,0.7507575757575758,28.0,19.0
2011-12-04,21977,PACK OF 60 PINK PAISLEY CAKE CASES,239.0,140.55,0.781904761904762,22.0,17.0
2009-12-13,21980,PACK OF 12 RED RETROSPOT TISSUES,380.0,111.82,0.4057142857142857,14.0,11.0
2009-12-20,21980,PACK OF 12 RED RETROSPOT TISSUES,189.0,59.129999999999995,0.5522857142857143,13.0,7.0
2009-12-27,21980,PACK OF 12 RED RETROSPOT TISSUES,481.0,122.75,0.5042857142857143,3.0,2.0
2010-01-03,21980,PACK OF 12 RED RETROSPOT TISSUES,0.0,0.0,0.54,0.0,0.0
2010-01-10,21980,PACK OF 12 RED RETROSPOT TISSUES,696.0,184.56,0.3595238095238095,8.0,8.0
2010-01-17,21980,PACK OF 12 RED RETROSPOT TISSUES,56.0,19.939999999999998,0.7128571428571429,7.0,2.0
2010-01-24,21980,PACK OF 12 RED RETROSPOT TISSUES,50.0,15.54,0.5871428571428572,2.0,1.0
2010-01-31,21980,PACK OF 12 RED RETROSPOT TISSUES,120.0,34.8,0.29,4.0,4.0
2010-02-07,21980,PACK OF 12 RED RETROSPOT TISSUES,209.0,62.169999999999995,0.4014285714285714,8.0,6.0
2010-02-14,21980,PACK OF 12 RED RETROSPOT TISSUES,123.0,35.669999999999995,0.29,4.0,4.0
2010-02-21,21980,PACK OF 12 RED RETROSPOT TISSUES,353.0,104.96999999999998,0.5128571428571429,11.0,8.0
2010-02-28,21980,PACK OF 12 RED RETROSPOT TISSUES,446.0,130.37999999999997,0.30857142857142855,10.0,9.0
2010-03-07,21980,PACK OF 12 RED RETROSPOT TISSUES,252.0,73.07999999999998,0.29,6.0,6.0
2010-03-14,21980,PACK OF 12 RED RETROSPOT TISSUES,266.0,82.63999999999999,0.31357142857142856,6.0,6.0
2010-03-21,21980,PACK OF 12 RED RETROSPOT TISSUES,184.0,54.919999999999995,0.4757142857142857,9.0,7.0
2010-03-28,21980,PACK OF 12 RED RETROSPOT TISSUES,10070.0,2520.82,0.43285714285714283,6.0,5.0
2010-04-04,21980,PACK OF 12 RED RETROSPOT TISSUES,75.0,23.309999999999995,0.4385714285714286,5.0,3.0
2010-04-11,21980,PACK OF 12 RED RETROSPOT TISSUES,157.0,46.05,0.36428571428571427,5.0,4.0
2010-04-18,21980,PACK OF 12 RED RETROSPOT TISSUES,108.0,31.319999999999997,0.29,3.0,3.0
2010-04-25,21980,PACK OF 12 RED RETROSPOT TISSUES,63.0,19.83,0.43857142857142856,4.0,2.0
2010-05-02,21980,PACK OF 12 RED RETROSPOT TISSUES,101.0,30.849999999999994,0.36428571428571427,4.0,3.0
2010-05-09,21980,PACK OF 12 RED RETROSPOT TISSUES,295.0,86.07,0.31476190476190474,9.0,8.0
2010-05-16,21980,PACK OF 12 RED RETROSPOT TISSUES,300.0,86.99999999999999,0.29,4.0,4.0
2010-05-23,21980,PACK OF 12 RED RETROSPOT TISSUES,124.0,36.48,0.4014285714285714,6.0,5.0
2010-05-30,21980,PACK OF 12 RED RETROSPOT TISSUES,97.0,28.65,0.4757142857142857,5.0,4.0
2010-06-06,21980,PACK OF 12 RED RETROSPOT TISSUES,90.0,27.659999999999997,0.38904761904761903,7.0,5.0
2010-06-13,21980,PACK OF 12 RED RETROSPOT TISSUES,168.0,48.72,0.29,4.0,4.0
2010-06-20,21980,PACK OF 12 RED RETROSPOT TISSUES,48.0,13.919999999999998,0.29,1.0,1.0
2010-06-27,21980,PACK OF 12 RED RETROSPOT TISSUES,25.0,7.77,0.36428571428571427,3.0,2.0
2010-07-04,21980,PACK OF 12 RED RETROSPOT TISSUES,210.0,61.93999999999999,0.36428571428571427,7.0,6.0
2010-07-11,21980,PACK OF 12 RED RETROSPOT TISSUES,75.0,22.269999999999996,0.3271428571428571,5.0,4.0
2010-07-18,21980,PACK OF 12 RED RETROSPOT TISSUES,240.0,69.6,0.29,5.0,5.0
2010-07-25,21980,PACK OF 12 RED RETROSPOT TISSUES,654.0,172.38,0.2842857142857143,8.0,8.0
2010-08-01,21980,PACK OF 12 RED RETROSPOT TISSUES,132.0,39.39999999999999,0.33,8.0,7.0
2010-08-08,21980,PACK OF 12 RED RETROSPOT TISSUES,25.0,7.249999999999999,0.29,3.0,3.0
2010-08-15,21980,PACK OF 12 RED RETROSPOT TISSUES,73.0,21.169999999999995,0.29,4.0,4.0
2010-08-22,21980,PACK OF 12 RED RETROSPOT TISSUES,384.0,91.91999999999999,0.2642857142857143,9.0,8.0
2010-08-29,21980,PACK OF 12 RED RETROSPOT TISSUES,89.0,26.369999999999997,0.45,6.0,5.0
2010-09-05,21980,PACK OF 12 RED RETROSPOT TISSUES,78.0,22.619999999999997,0.29,3.0,3.0
2010-09-12,21980,PACK OF 12 RED RETROSPOT TISSUES,149.0,44.88999999999999,0.41,7.0,6.0
2010-09-19,21980,PACK OF 12 RED RETROSPOT TISSUES,100.0,30.679999999999996,0.45,8.0,6.0
2010-09-26,21980,PACK OF 12 RED RETROSPOT TISSUES,568.0,147.44,0.2871428571428571,10.0,9.0
2010-10-03,21980,PACK OF 12 RED RETROSPOT TISSUES,150.0,44.059999999999995,0.3433333333333333,12.0,11.0
2010-10-10,21980,PACK OF 12 RED RETROSPOT TISSUES,78.0,23.179999999999996,0.41,7.0,6.0
2010-10-17,21980,PACK OF 12 RED RETROSPOT TISSUES,135.0,37.23,0.28428571428571425,6.0,6.0
2010-10-24,21980,PACK OF 12 RED RETROSPOT TISSUES,162.0,46.98,0.29,9.0,9.0
2010-10-31,21980,PACK OF 12 RED RETROSPOT TISSUES,149.0,43.209999999999994,0.29,10.0,10.0
2010-11-07,21980,PACK OF 12 RED RETROSPOT TISSUES,221.0,64.64999999999999,0.32999999999999996,15.0,14.0
2010-11-14,21980,PACK OF 12 RED RETROSPOT TISSUES,295.0,88.42999999999999,0.406,21.0,17.0
2010-11-21,21980,PACK OF 12 RED RETROSPOT TISSUES,205.0,59.05,0.3395238095238095,13.0,12.0
2010-11-28,21980,PACK OF 12 RED RETROSPOT TISSUES,608.0,161.24,0.4564761904761904,16.0,12.0
2010-12-05,21980,PACK OF 12 RED RETROSPOT TISSUES,326.0,94.53999999999999,0.29,10.0,10.0
2010-12-12,21980,PACK OF 12 RED RETROSPOT TISSUES,134.0,43.9,0.61,8.0,3.0
2010-12-19,21980,PACK OF 12 RED RETROSPOT TISSUES,78.0,32.14,0.57,6.0,4.0
2010-12-26,21980,PACK OF 12 RED RETROSPOT TISSUES,0.0,0.0,0.85,0.0,0.0
2011-01-02,21980,PACK OF 12 RED RETROSPOT TISSUES,0.0,0.0,0.85,0.0,0.0
2011-01-09,21980,PACK OF 12 RED RETROSPOT TISSUES,133.0,39.129999999999995,0.48999999999999994,6.0,5.0
2011-01-16,21980,PACK OF 12 RED RETROSPOT TISSUES,26.0,8.66,0.45,3.0,1.0
2011-01-23,21980,PACK OF 12 RED RETROSPOT TISSUES,62.0,17.979999999999997,0.29,4.0,4.0
2011-01-30,21980,PACK OF 12 RED RETROSPOT TISSUES,210.0,61.97999999999999,0.3157142857142857,6.0,5.0
2011-02-06,21980,PACK OF 12 RED RETROSPOT TISSUES,570.0,148.01999999999998,0.2785714285714286,7.0,7.0
2011-02-13,21980,PACK OF 12 RED RETROSPOT TISSUES,109.0,32.14999999999999,0.4828571428571428,3.0,2.0
2011-02-20,21980,PACK OF 12 RED RETROSPOT TISSUES,130.0,39.86,0.39285714285714285,7.0,4.0
2011-02-27,21980,PACK OF 12 RED RETROSPOT TISSUES,216.0,62.63999999999999,0.29,10.0,10.0
2011-03-06,21980,PACK OF 12 RED RETROSPOT TISSUES,6.0,2.82,0.5599999999999999,2.0,1.0
2011-03-13,21980,PACK OF 12 RED RETROSPOT TISSUES,64.0,20.72,0.4057142857142857,4.0,3.0
2011-03-20,21980,PACK OF 12 RED RETROSPOT TISSUES,48.0,13.919999999999998,0.29,3.0,3.0
2011-03-27,21980,PACK OF 12 RED RETROSPOT TISSUES,114.0,34.67999999999999,0.4828571428571428,9.0,6.0
2011-04-03,21980,PACK OF 12 RED RETROSPOT TISSUES,209.0,85.72,0.3495238095238095,12.0,10.0
2011-04-10,21980,PACK OF 12 RED RETROSPOT TISSUES,168.0,48.71999999999999,0.29,4.0,4.0
2011-04-17,21980,PACK OF 12 RED RETROSPOT TISSUES,146.0,43.33999999999999,0.3971428571428572,6.0,5.0
2011-04-24,21980,PACK OF 12 RED RETROSPOT TISSUES,96.0,27.839999999999996,0.29,5.0,5.0
2011-05-01,21980,PACK OF 12 RED RETROSPOT TISSUES,144.0,41.75999999999999,0.29,5.0,5.0
2011-05-08,21980,PACK OF 12 RED RETROSPOT TISSUES,230.0,66.69999999999999,0.29,7.0,7.0
2011-05-15,21980,PACK OF 12 RED RETROSPOT TISSUES,120.0,34.8,0.29,6.0,6.0
2011-05-22,21980,PACK OF 12 RED RETROSPOT TISSUES,605.0,159.25,0.36523809523809525,9.0,8.0
2011-05-29,21980,PACK OF 12 RED RETROSPOT TISSUES,48.0,13.919999999999998,0.29,3.0,3.0
2011-06-05,21980,PACK OF 12 RED RETROSPOT TISSUES,120.0,34.8,0.29,4.0,4.0
2011-06-12,21980,PACK OF 12 RED RETROSPOT TISSUES,0.0,0.0,0.29,0.0,0.0
2011-06-19,21980,PACK OF 12 RED RETROSPOT TISSUES,52.0,15.079999999999998,0.29,3.0,3.0
2011-06-26,21980,PACK OF 12 RED RETROSPOT TISSUES,58.0,18.439999999999998,0.3671428571428571,5.0,3.0
2011-07-03,21980,PACK OF 12 RED RETROSPOT TISSUES,6.0,2.82,0.4828571428571428,2.0,1.0
2011-07-10,21980,PACK OF 12 RED RETROSPOT TISSUES,85.0,25.189999999999998,0.5599999999999999,3.0,2.0
2011-07-17,21980,PACK OF 12 RED RETROSPOT TISSUES,89.0,26.349999999999994,0.39285714285714285,8.0,7.0
2011-07-24,21980,PACK OF 12 RED RETROSPOT TISSUES,217.0,62.92999999999999,0.29,7.0,7.0
2011-07-31,21980,PACK OF 12 RED RETROSPOT TISSUES,169.0,49.54999999999999,0.34142857142857136,7.0,6.0
2011-08-07,21980,PACK OF 12 RED RETROSPOT TISSUES,9.0,5.31,0.6757142857142856,3.0,1.0
2011-08-14,21980,PACK OF 12 RED RETROSPOT TISSUES,62.0,17.979999999999997,0.29,4.0,4.0
2011-08-21,21980,PACK OF 12 RED RETROSPOT TISSUES,88.0,25.519999999999996,0.29,5.0,5.0
2011-08-28,21980,PACK OF 12 RED RETROSPOT TISSUES,5.0,1.4499999999999997,0.29,2.0,2.0
2011-09-04,21980,PACK OF 12 RED RETROSPOT TISSUES,108.0,34.919999999999995,0.29714285714285715,5.0,5.0
2011-09-11,21980,PACK OF 12 RED RETROSPOT TISSUES,362.0,129.18,0.3685714285714286,12.0,12.0
2011-09-18,21980,PACK OF 12 RED RETROSPOT TISSUES,89.0,33.19,0.4666666666666667,7.0,5.0
2011-09-25,21980,PACK OF 12 RED RETROSPOT TISSUES,63.0,25.45,0.5157142857142857,6.0,4.0
2011-10-02,21980,PACK OF 12 RED RETROSPOT TISSUES,73.0,28.909999999999997,0.4319047619047619,5.0,5.0
2011-10-09,21980,PACK OF 12 RED RETROSPOT TISSUES,540.0,180.36,0.38,6.0,6.0
2011-10-16,21980,PACK OF 12 RED RETROSPOT TISSUES,60.0,23.4,0.39,3.0,3.0
2011-10-23,21980,PACK OF 12 RED RETROSPOT TISSUES,108.0,42.12,0.39,5.0,5.0
2011-10-30,21980,PACK OF 12 RED RETROSPOT TISSUES,134.0,53.14,0.410952380952381,6.0,6.0
2011-11-06,21980,PACK OF 12 RED RETROSPOT TISSUES,112.0,45.0,0.4319047619047619,10.0,9.0
2011-11-13,21980,PACK OF 12 RED RETROSPOT TISSUES,70.0,28.619999999999997,0.5785714285714285,6.0,5.0
2011-11-20,21980,PACK OF 12 RED RETROSPOT TISSUES,74.0,33.699999999999996,0.5722857142857143,10.0,6.0
2011-11-27,21980,PACK OF 12 RED RETROSPOT TISSUES,91.0,35.489999999999995,0.39,8.0,8.0
2011-12-04,21980,PACK OF 12 RED RETROSPOT TISSUES,30.0,13.459999999999999,0.5471428571428572,5.0,3.0
2009-12-13,21981,PACK OF 12 WOODLAND TISSUES,431.0,127.68999999999998,0.4057142857142857,14.0,10.0
2009-12-20,21981,PACK OF 12 WOODLAND TISSUES,10.0,8.299999999999999,0.83,4.0,0.0
2009-12-27,21981,PACK OF 12 WOODLAND TISSUES,0.0,0.0,0.83,0.0,0.0
2010-01-03,21981,PACK OF 12 WOODLAND TISSUES,0.0,0.0,0.83,0.0,0.0
2010-01-10,21981,PACK OF 12 WOODLAND TISSUES,0.0,0.0,0.83,0.0,0.0
2010-01-17,21981,PACK OF 12 WOODLAND TISSUES,0.0,0.0,0.83,0.0,0.0
2010-01-24,21981,PACK OF 12 WOODLAND TISSUES,0.0,0.0,0.83,0.0,0.0
2010-01-31,21981,PACK OF 12 WOODLAND TISSUES,0.0,0.0,0.83,0.0,0.0
2010-02-07,21981,PACK OF 12 WOODLAND TISSUES,0.0,0.0,0.83,0.0,0.0
2010-02-14,21981,PACK OF 12 WOODLAND TISSUES,0.0,0.0,0.83,0.0,0.0
2010-02-21,21981,PACK OF 12 WOODLAND TISSUES,0.0,0.0,0.83,0.0,0.0
2010-02-28,21981,PACK OF 12 WOODLAND TISSUES,0.0,0.0,0.83,0.0,0.0
2010-03-07,21981,PACK OF 12 WOODLAND TISSUES,7.0,2.03,0.3671428571428571,2.0,2.0
2010-03-14,21981,PACK OF 12 WOODLAND TISSUES,56.0,21.74,0.33714285714285713,2.0,2.0
2010-03-21,21981,PACK OF 12 WOODLAND TISSUES,800.0,218.35999999999999,0.5842857142857143,8.0,6.0
2010-03-28,21981,PACK OF 12 WOODLAND TISSUES,10696.0,2685.6,0.45285714285714285,12.0,10.0
2010-04-04,21981,PACK OF 12 WOODLAND TISSUES,17.0,7.529999999999999,0.7357142857142858,3.0,1.0
2010-04-11,21981,PACK OF 12 WOODLAND TISSUES,207.0,61.589999999999996,0.6020000000000001,7.0,5.0
2010-04-18,21981,PACK OF 12 WOODLAND TISSUES,96.0,27.839999999999996,0.29,2.0,2.0
2010-04-25,21981,PACK OF 12 WOODLAND TISSUES,123.0,37.23,0.36428571428571427,7.0,4.0
2010-05-02,21981,PACK OF 12 WOODLAND TISSUES,161.0,47.73,0.43857142857142856,8.0,6.0
2010-05-09,21981,PACK OF 12 WOODLAND TISSUES,200.0,59.03999999999999,0.36428571428571427,7.0,5.0
2010-05-16,21981,PACK OF 12 WOODLAND TISSUES,101.0,31.369999999999994,0.4385714285714286,4.0,3.0
2010-05-23,21981,PACK OF 12 WOODLAND TISSUES,242.0,71.22,0.43857142857142856,5.0,3.0
2010-05-30,21981,PACK OF 12 WOODLAND TISSUES,109.0,32.129999999999995,0.5128571428571428,4.0,3.0
2010-06-06,21981,PACK OF 12 WOODLAND TISSUES,340.0,100.67999999999998,0.6614285714285714,11.0,8.0
2010-06-13,21981,PACK OF 12 WOODLAND TISSUES,211.0,61.18999999999999,0.29,7.0,7.0
2010-06-20,21981,PACK OF 12 WOODLAND TISSUES,52.0,17.159999999999997,0.6614285714285714,3.0,1.0
2010-06-27,21981,PACK OF 12 WOODLAND TISSUES,133.0,43.25,0.5871428571428572,7.0,4.0
2010-07-04,21981,PACK OF 12 WOODLAND TISSUES,52.0,15.079999999999998,0.29,2.0,2.0
2010-07-11,21981,PACK OF 12 WOODLAND TISSUES,17.0,5.97,0.43857142857142856,4.0,2.0
2010-07-18,21981,PACK OF 12 WOODLAND TISSUES,0.0,0.0,0.29,0.0,0.0
2010-07-25,21981,PACK OF 12 WOODLAND TISSUES,108.0,32.99999999999999,0.45,6.0,4.0
2010-08-01,21981,PACK OF 12 WOODLAND TISSUES,195.0,57.10999999999999,0.33,6.0,5.0
2010-08-08,21981,PACK OF 12 WOODLAND TISSUES,51.0,15.349999999999998,0.37,3.0,2.0
2010-08-15,21981,PACK OF 12 WOODLAND TISSUES,28.0,10.36,0.6900000000000001,4.0,2.0
2010-08-22,21981,PACK OF 12 WOODLAND TISSUES,344.0,80.32,0.27714285714285714,7.0,7.0
2010-08-29,21981,PACK OF 12 WOODLAND TISSUES,147.0,44.309999999999995,0.53,8.0,6.0
2010-09-05,21981,PACK OF 12 WOODLAND TISSUES,134.0,39.97999999999999,0.3966666666666666,7.0,5.0
2010-09-12,21981,PACK OF 12 WOODLAND TISSUES,83.0,28.549999999999994,0.61,7.0,4.0
2010-09-19,21981,PACK OF 12 WOODLAND TISSUES,121.0,35.089999999999996,0.29,6.0,6.0
2010-09-26,21981,PACK OF 12 WOODLAND TISSUES,62.0,32.54,0.6900000000000001,4.0,2.0
2010-10-03,21981,PACK OF 12 WOODLAND TISSUES,108.0,32.99999999999999,0.3966666666666666,12.0,10.0
2010-10-10,21981,PACK OF 12 WOODLAND TISSUES,173.0,51.849999999999994,0.43666666666666665,11.0,8.0
2010-10-17,21981,PACK OF 12 WOODLAND TISSUES,31.0,11.229999999999999,0.7299999999999999,5.0,2.0
2010-10-24,21981,PACK OF 12 WOODLAND TISSUES,48.0,17.28,0.57,8.0,5.0
2010-10-31,21981,PACK OF 12 WOODLAND TISSUES,0.0,0.0,0.29,0.0,0.0
2010-11-07,21981,PACK OF 12 WOODLAND TISSUES,105.0,33.809999999999995,0.5633333333333334,11.0,7.0
2010-11-14,21981,PACK OF 12 WOODLAND TISSUES,86.0,28.819999999999997,0.5128571428571428,12.0,7.0
2010-11-21,21981,PACK OF 12 WOODLAND TISSUES,215.0,65.10999999999999,0.5191428571428571,15.0,10.0
2010-11-28,21981,PACK OF 12 WOODLAND TISSUES,124.0,39.31999999999999,0.466,13.0,8.0
2010-12-05,21981,PACK OF 12 WOODLAND TISSUES,405.0,123.52999999999999,0.5162857142857142,13.0,9.0
2010-12-12,21981,PACK OF 12 WOODLAND TISSUES,144.0,49.599999999999994,0.6900000000000001,9.0,5.0
2010-12-19,21981,PACK OF 12 WOODLAND TISSUES,167.0,52.349999999999994,0.6900000000000001,9.0,5.0
2010-12-26,21981,PACK OF 12 WOODLAND TISSUES,12.0,3.4799999999999995,0.29,1.0,1.0
2011-01-02,21981,PACK OF 12 WOODLAND TISSUES,0.0,0.0,0.29,0.0,0.0
2011-01-09,21981,PACK OF 12 WOODLAND TISSUES,84.0,24.359999999999996,0.29,4.0,4.0
2011-01-16,21981,PACK OF 12 WOODLAND TISSUES,156.0,45.239999999999995,0.29,2.0,2.0
2011-01-23,21981,PACK OF 12 WOODLAND TISSUES,84.0,30.839999999999996,0.32857142857142857,3.0,2.0
2011-01-30,21981,PACK OF 12 WOODLAND TISSUES,96.0,27.839999999999996,0.29,4.0,3.0
2011-02-06,21981,PACK OF 12 WOODLAND TISSUES,5.0,1.4499999999999997,0.29,2.0,2.0
2011-02-13,21981,PACK OF 12 WOODLAND TISSUES,456.0,102.0,0.26999999999999996,2.0,2.0
2011-02-20,21981,PACK OF 12 WOODLAND TISSUES,73.0,21.169999999999998,0.285,4.0,4.0
2011-02-27,21981,PACK OF 12 WOODLAND TISSUES,36.0,10.439999999999998,0.29,2.0,2.0
2011-03-06,21981,PACK OF 12 WOODLAND TISSUES,522.0,135.18,0.31380952380952376,6.0,5.0
2011-03-13,21981,PACK OF 12 WOODLAND TISSUES,546.0,127.02,0.3814285714285714,8.0,6.0
2011-03-20,21981,PACK OF 12 WOODLAND TISSUES,48.0,13.919999999999998,0.29,2.0,2.0
2011-03-27,21981,PACK OF 12 WOODLAND TISSUES,72.0,20.879999999999995,0.29,3.0,3.0
2011-04-03,21981,PACK OF 12 WOODLAND TISSUES,63.0,19.349999999999998,0.5214285714285715,6.0,4.0
2011-04-10,21981,PACK OF 12 WOODLAND TISSUES,96.0,27.839999999999996,0.29,5.0,5.0
2011-04-17,21981,PACK OF 12 WOODLAND TISSUES,78.0,22.619999999999997,0.29,4.0,4.0
2011-04-24,21981,PACK OF 12 WOODLAND TISSUES,53.0,16.99,0.4442857142857143,6.0,3.0
2011-05-01,21981,PACK OF 12 WOODLAND TISSUES,168.0,44.879999999999995,0.27285714285714285,5.0,5.0
2011-05-08,21981,PACK OF 12 WOODLAND TISSUES,489.0,126.14999999999999,0.38357142857142856,6.0,4.0
2011-05-15,21981,PACK OF 12 WOODLAND TISSUES,79.0,24.529999999999998,0.3671428571428571,5.0,4.0
2011-05-22,21981,PACK OF 12 WOODLAND TISSUES,61.0,18.229999999999997,0.5214285714285715,3.0,2.0
2011-05-29,21981,PACK OF 12 WOODLAND TISSUES,37.0,11.269999999999998,0.5985714285714285,3.0,2.0
2011-06-05,21981,PACK OF 12 WOODLAND TISSUES,50.0,15.579999999999998,0.6757142857142856,4.0,2.0
2011-06-12,21981,PACK OF 12 WOODLAND TISSUES,1.0,0.83,0.83,1.0,0.0
2011-06-19,21981,PACK OF 12 WOODLAND TISSUES,24.0,6.959999999999999,0.29,1.0,1.0
2011-06-26,21981,PACK OF 12 WOODLAND TISSUES,12.0,3.4799999999999995,0.29,1.0,1.0
2011-07-03,21981,PACK OF 12 WOODLAND TISSUES,25.0,7.789999999999999,0.4442857142857143,2.0,1.0
2011-07-10,21981,PACK OF 12 WOODLAND TISSUES,25.0,7.789999999999999,0.4442857142857143,2.0,1.0
2011-07-17,21981,PACK OF 12 WOODLAND TISSUES,88.0,26.06,0.34785714285714286,6.0,5.0
2011-07-24,21981,PACK OF 12 WOODLAND TISSUES,101.0,30.369999999999997,0.39285714285714285,7.0,5.0
2011-07-31,21981,PACK OF 12 WOODLAND TISSUES,61.0,17.689999999999998,0.29,4.0,4.0
2011-08-07,21981,PACK OF 12 WOODLAND TISSUES,88.0,25.52,0.29,5.0,5.0
2011-08-14,21981,PACK OF 12 WOODLAND TISSUES,36.0,10.439999999999998,0.29,2.0,2.0
2011-08-21,21981,PACK OF 12 WOODLAND TISSUES,84.0,24.359999999999996,0.29,4.0,4.0
2011-08-28,21981,PACK OF 12 WOODLAND TISSUES,74.0,21.459999999999997,0.29,4.0,4.0
2011-09-04,21981,PACK OF 12 WOODLAND TISSUES,126.0,39.77999999999999,0.5728571428571428,8.0,4.0
2011-09-11,21981,PACK OF 12 WOODLAND TISSUES,207.0,77.25,0.39285714285714285,9.0,8.0
2011-09-18,21981,PACK OF 12 WOODLAND TISSUES,51.0,18.369999999999997,0.5642857142857143,5.0,3.0
2011-09-25,21981,PACK OF 12 WOODLAND TISSUES,160.0,57.71999999999999,0.4557142857142857,9.0,7.0
2011-10-02,21981,PACK OF 12 WOODLAND TISSUES,44.0,18.479999999999997,0.5157142857142857,7.0,4.0
2011-10-09,21981,PACK OF 12 WOODLAND TISSUES,29.0,12.19,0.6204761904761904,4.0,3.0
2011-10-16,21981,PACK OF 12 WOODLAND TISSUES,16.0,7.56,0.7042857142857143,5.0,2.0
2011-10-23,21981,PACK OF 12 WOODLAND TISSUES,44.0,17.16,0.45285714285714285,3.0,3.0
2011-10-30,21981,PACK OF 12 WOODLAND TISSUES,77.0,33.11,0.45285714285714285,8.0,6.0
2011-11-06,21981,PACK OF 12 WOODLAND TISSUES,97.0,43.03,0.5128571428571428,11.0,8.0
2011-11-13,21981,PACK OF 12 WOODLAND TISSUES,45.0,21.029999999999998,0.6566666666666666,8.0,3.0
2011-11-20,21981,PACK OF 12 WOODLAND TISSUES,82.0,39.46,0.6938095238095238,11.0,6.0
2011-11-27,21981,PACK OF 12 WOODLAND TISSUES,53.0,26.389999999999997,0.6204761904761904,8.0,4.0
2011-12-04,21981,PACK OF 12 WOODLAND TISSUES,13.0,10.35,0.7985714285714286,6.0,2.0
2009-12-13,21982,PACK OF 12 SUKI TISSUES,9.0,7.47,0.83,3.0,0.0
2009-12-20,21982,PACK OF 12 SUKI TISSUES,2.0,0.58,0.5214285714285715,2.0,0.0
2009-12-27,21982,PACK OF 12 SUKI TISSUES,0.0,0.0,0.29,0.0,0.0
2010-01-03,21982,PACK OF 12 SUKI TISSUES,0.0,0.0,0.29,0.0,0.0
2010-01-10,21982,PACK OF 12 SUKI TISSUES,0.0,0.0,0.29,0.0,0.0
2010-01-17,21982,PACK OF 12 SUKI TISSUES,0.0,0.0,0.29,0.0,0.0
2010-01-24,21982,PACK OF 12 SUKI TISSUES,0.0,0.0,0.29,0.0,0.0
2010-01-31,21982,PACK OF 12 SUKI TISSUES,0.0,0.0,0.29,0.0,0.0
2010-02-07,21982,PACK OF 12 SUKI TISSUES,0.0,0.0,0.29,0.0,0.0
2010-02-14,21982,PACK OF 12 SUKI TISSUES,0.0,0.0,0.29,0.0,0.0
2010-02-21,21982,PACK OF 12 SUKI TISSUES,0.0,0.0,0.29,0.0,0.0
2010-02-28,21982,PACK OF 12 SUKI TISSUES,0.0,0.0,0.29,0.0,0.0
2010-03-07,21982,PACK OF 12 SUKI TISSUES,0.0,0.0,0.29,0.0,0.0
2010-03-14,21982,PACK OF 12 SUKI TISSUES,62.0,23.48,0.33714285714285713,2.0,2.0
2010-03-21,21982,PACK OF 12 SUKI TISSUES,160.0,47.959999999999994,0.4571428571428572,10.0,7.0
2010-03-28,21982,PACK OF 12 SUKI TISSUES,11414.0,3061.3,0.3335714285714286,12.0,10.0
2010-04-04,21982,PACK OF 12 SUKI TISSUES,219.0,65.07,0.5277142857142857,9.0,5.0
2010-04-11,21982,PACK OF 12 SUKI TISSUES,254.0,74.69999999999999,0.4942857142857143,8.0,6.0
2010-04-18,21982,PACK OF 12 SUKI TISSUES,183.0,53.06999999999999,0.29,8.0,8.0
2010-04-25,21982,PACK OF 12 SUKI TISSUES,149.0,45.809999999999995,0.4385714285714286,7.0,3.0
2010-05-02,21982,PACK OF 12 SUKI TISSUES,738.0,198.82,0.4242857142857143,12.0,9.0
2010-05-09,21982,PACK OF 12 SUKI TISSUES,72.0,20.879999999999995,0.36428571428571427,2.0,2.0
2010-05-16,21982,PACK OF 12 SUKI TISSUES,147.0,42.629999999999995,0.29,5.0,5.0
2010-05-23,21982,PACK OF 12 SUKI TISSUES,5247.0,2573.71,0.447047619047619,13.0,8.0
2010-05-30,21982,PACK OF 12 SUKI TISSUES,159.0,47.669999999999995,0.6119047619047618,6.0,3.0
2010-06-06,21982,PACK OF 12 SUKI TISSUES,74.0,23.02,0.5128571428571428,7.0,5.0
2010-06-13,21982,PACK OF 12 SUKI TISSUES,252.0,73.08,0.29,10.0,10.0
2010-06-20,21982,PACK OF 12 SUKI TISSUES,87.0,25.75,0.36428571428571427,4.0,3.0
2010-06-27,21982,PACK OF 12 SUKI TISSUES,241.0,70.41,0.3271428571428571,6.0,5.0
2010-07-04,21982,PACK OF 12 SUKI TISSUES,616.0,161.35999999999999,0.28809523809523807,7.0,7.0
2010-07-11,21982,PACK OF 12 SUKI TISSUES,206.0,63.9,0.4942857142857143,13.0,9.0
2010-07-18,21982,PACK OF 12 SUKI TISSUES,12.0,3.4799999999999995,0.4014285714285714,1.0,1.0
2010-07-25,21982,PACK OF 12 SUKI TISSUES,227.0,67.50999999999999,0.4433333333333333,11.0,8.0
2010-08-01,21982,PACK OF 12 SUKI TISSUES,99.0,29.269999999999996,0.33,6.0,5.0
2010-08-08,21982,PACK OF 12 SUKI TISSUES,1.0,0.29,0.29,1.0,1.0
2010-08-15,21982,PACK OF 12 SUKI TISSUES,29.0,10.09,0.45,5.0,4.0
2010-08-22,21982,PACK OF 12 SUKI TISSUES,328.0,76.24,0.3171428571428571,8.0,7.0
2010-08-29,21982,PACK OF 12 SUKI TISSUES,127.0,40.74999999999999,0.6233333333333333,8.0,4.0
2010-09-05,21982,PACK OF 12 SUKI TISSUES,100.0,31.239999999999995,0.61,4.0,2.0
2010-09-12,21982,PACK OF 12 SUKI TISSUES,75.0,26.789999999999996,0.61,6.0,4.0
2010-09-19,21982,PACK OF 12 SUKI TISSUES,110.0,33.019999999999996,0.3433333333333333,6.0,5.0
2010-09-26,21982,PACK OF 12 SUKI TISSUES,155.0,47.18999999999999,0.4233333333333333,13.0,9.0
2010-10-03,21982,PACK OF 12 SUKI TISSUES,186.0,56.739999999999995,0.3966666666666666,12.0,10.0
2010-10-10,21982,PACK OF 12 SUKI TISSUES,187.0,58.10999999999999,0.5414285714285714,14.0,8.0
2010-10-17,21982,PACK OF 12 SUKI TISSUES,191.0,53.629999999999995,0.3671428571428571,10.0,8.0
2010-10-24,21982,PACK OF 12 SUKI TISSUES,654.0,172.94,0.4071428571428571,15.0,14.0
2010-10-31,21982,PACK OF 12 SUKI TISSUES,94.0,30.619999999999997,0.45,8.0,6.0
2010-11-07,21982,PACK OF 12 SUKI TISSUES,187.0,56.46999999999999,0.43,13.0,9.0
2010-11-14,21982,PACK OF 12 SUKI TISSUES,404.0,212.70999999999998,0.4443197278911564,24.0,15.0
2010-11-21,21982,PACK OF 12 SUKI TISSUES,341.0,187.48,0.44876190476190475,18.0,11.0
2010-11-28,21982,PACK OF 12 SUKI TISSUES,1004.0,270.6,0.4429523809523809,21.0,15.0
2010-12-05,21982,PACK OF 12 SUKI TISSUES,443.0,136.30999999999997,0.40619047619047616,22.0,15.0
2010-12-12,21982,PACK OF 12 SUKI TISSUES,292.0,118.27999999999999,0.6313333333333333,15.0,6.0
2010-12-19,21982,PACK OF 12 SUKI TISSUES,190.0,58.459999999999994,0.5833333333333333,10.0,5.0
2010-12-26,21982,PACK OF 12 SUKI TISSUES,75.0,23.389999999999997,0.4919047619047619,5.0,2.0
2011-01-02,21982,PACK OF 12 SUKI TISSUES,0.0,0.0,0.29,0.0,0.0
2011-01-09,21982,PACK OF 12 SUKI TISSUES,205.0,60.00999999999999,0.41,6.0,5.0
2011-01-16,21982,PACK OF 12 SUKI TISSUES,15.0,4.89,0.4471428571428571,3.0,2.0
2011-01-23,21982,PACK OF 12 SUKI TISSUES,112.0,34.63999999999999,0.7528571428571428,5.0,2.0
2011-01-30,21982,PACK OF 12 SUKI TISSUES,54.0,16.74,0.6757142857142856,4.0,3.0
2011-02-06,21982,PACK OF 12 SUKI TISSUES,2.0,0.58,0.29,1.0,1.0
2011-02-13,21982,PACK OF 12 SUKI TISSUES,1297.0,285.95,0.3271428571428571,2.0,1.0
2011-02-20,21982,PACK OF 12 SUKI TISSUES,67.0,19.93,0.27785714285714286,5.0,3.0
2011-02-27,21982,PACK OF 12 SUKI TISSUES,84.0,24.359999999999996,0.29,4.0,4.0
2011-03-06,21982,PACK OF 12 SUKI TISSUES,37.0,11.27,0.3671428571428571,3.0,2.0
2011-03-13,21982,PACK OF 12 SUKI TISSUES,37.0,11.27,0.4442857142857143,3.0,2.0
2011-03-20,21982,PACK OF 12 SUKI TISSUES,99.0,29.249999999999996,0.3157142857142857,7.0,6.0
2011-03-27,21982,PACK OF 12 SUKI TISSUES,102.0,29.579999999999995,0.29,6.0,6.0
2011-04-03,21982,PACK OF 12 SUKI TISSUES,197.0,88.37,0.3407142857142857,11.0,10.0
2011-04-10,21982,PACK OF 12 SUKI TISSUES,996.0,211.08,0.27285714285714285,7.0,7.0
2011-04-17,21982,PACK OF 12 SUKI TISSUES,90.0,26.099999999999994,0.29,5.0,5.0
2011-04-24,21982,PACK OF 12 SUKI TISSUES,26.0,7.539999999999999,0.29,2.0,2.0
2011-05-01,21982,PACK OF 12 SUKI TISSUES,144.0,37.92,0.27285714285714285,5.0,5.0
2011-05-08,21982,PACK OF 12 SUKI TISSUES,84.0,24.359999999999996,0.29,4.0,4.0
2011-05-15,21982,PACK OF 12 SUKI TISSUES,93.0,26.969999999999995,0.29,5.0,5.0
2011-05-22,21982,PACK OF 12 SUKI TISSUES,603.0,157.58999999999997,0.2871428571428571,9.0,9.0
2011-05-29,21982,PACK OF 12 SUKI TISSUES,24.0,6.959999999999999,0.29,1.0,1.0
2011-06-05,21982,PACK OF 12 SUKI TISSUES,79.0,23.989999999999995,0.5599999999999999,5.0,3.0
2011-06-12,21982,PACK OF 12 SUKI TISSUES,78.0,22.619999999999997,0.29,4.0,4.0
2011-06-19,21982,PACK OF 12 SUKI TISSUES,52.0,16.159999999999997,0.6371428571428571,5.0,3.0
2011-06-26,21982,PACK OF 12 SUKI TISSUES,10.0,7.22,0.7528571428571428,4.0,1.0
2011-07-03,21982,PACK OF 12 SUKI TISSUES,12.0,3.4799999999999995,0.5214285714285715,1.0,1.0
2011-07-10,21982,PACK OF 12 SUKI TISSUES,24.0,6.959999999999999,0.29,1.0,1.0
2011-07-17,21982,PACK OF 12 SUKI TISSUES,7.0,3.65,0.4442857142857143,5.0,3.0
2011-07-24,21982,PACK OF 12 SUKI TISSUES,153.0,45.989999999999995,0.39285714285714285,14.0,11.0
2011-07-31,21982,PACK OF 12 SUKI TISSUES,86.0,25.479999999999997,0.5985714285714285,6.0,5.0
2011-08-07,21982,PACK OF 12 SUKI TISSUES,111.0,32.73,0.32857142857142857,8.0,7.0
2011-08-14,21982,PACK OF 12 SUKI TISSUES,53.0,16.99,0.5599999999999999,6.0,4.0
2011-08-21,21982,PACK OF 12 SUKI TISSUES,79.0,22.909999999999997,0.3671428571428571,5.0,5.0
2011-08-28,21982,PACK OF 12 SUKI TISSUES,113.0,32.769999999999996,0.29,7.0,7.0
2011-09-04,21982,PACK OF 12 SUKI TISSUES,28.0,9.84,0.5742857142857142,4.0,2.0
2011-09-11,21982,PACK OF 12 SUKI TISSUES,186.0,65.33999999999999,0.370952380952381,8.0,8.0
2011-09-18,21982,PACK OF 12 SUKI TISSUES,92.0,34.36,0.47714285714285715,8.0,5.0
2011-09-25,21982,PACK OF 12 SUKI TISSUES,86.0,34.66,0.4852380952380952,9.0,6.0
2011-10-02,21982,PACK OF 12 SUKI TISSUES,35.0,15.85,0.7671428571428571,5.0,2.0
2011-10-09,21982,PACK OF 12 SUKI TISSUES,8.0,5.76,0.7671428571428571,3.0,2.0
2011-10-16,21982,PACK OF 12 SUKI TISSUES,112.0,45.0,0.4947619047619047,8.0,6.0
2011-10-23,21982,PACK OF 12 SUKI TISSUES,41.0,18.63,0.4633333333333333,7.0,5.0
2011-10-30,21982,PACK OF 12 SUKI TISSUES,131.0,55.49,0.4402857142857143,9.0,6.0
2011-11-06,21982,PACK OF 12 SUKI TISSUES,613.0,215.87,0.5079761904761905,14.0,11.0
2011-11-13,21982,PACK OF 12 SUKI TISSUES,71.0,38.25,0.5680952380952381,13.0,8.0
2011-11-20,21982,PACK OF 12 SUKI TISSUES,166.0,74.41999999999999,0.5178095238095237,21.0,16.0
2011-11-27,21982,PACK OF 12 SUKI TISSUES,97.0,45.309999999999995,0.5838095238095237,14.0,9.0
2011-12-04,21982,PACK OF 12 SUKI TISSUES,27.0,21.97,0.7985714285714286,8.0,2.0
2009-12-13,22086,PAPER CHAIN KIT 50'S CHRISTMAS,663.0,2143.03,3.2528809523809525,49.0,41.0
2009-12-20,22086,PAPER CHAIN KIT 50'S CHRISTMAS,572.0,2014.18,3.9659608843537417,37.0,23.0
2009-12-27,22086,PAPER CHAIN KIT 50'S CHRISTMAS,69.0,413.67,4.495,14.0,0.0
2010-01-03,22086,PAPER CHAIN KIT 50'S CHRISTMAS,0.0,0.0,4.495,0.0,0.0
2010-01-10,22086,PAPER CHAIN KIT 50'S CHRISTMAS,0.0,0.0,4.495,0.0,0.0
2010-01-17,22086,PAPER CHAIN KIT 50'S CHRISTMAS,20.0,101.61,5.793809523809524,8.0,1.0
2010-01-24,22086,PAPER CHAIN KIT 50'S CHRISTMAS,3.0,11.81,5.4871428571428575,3.0,2.0
2010-01-31,22086,PAPER CHAIN KIT 50'S CHRISTMAS,0.0,0.0,2.95,0.0,0.0
2010-02-07,22086,PAPER CHAIN KIT 50'S CHRISTMAS,0.0,0.0,2.95,0.0,0.0
2010-02-14,22086,PAPER CHAIN KIT 50'S CHRISTMAS,0.0,0.0,2.95,0.0,0.0
2010-02-21,22086,PAPER CHAIN KIT 50'S CHRISTMAS,0.0,0.0,2.95,0.0,0.0
2010-02-28,22086,PAPER CHAIN KIT 50'S CHRISTMAS,0.0,0.0,2.95,0.0,0.0
2010-03-07,22086,PAPER CHAIN KIT 50'S CHRISTMAS,3.0,11.81,3.3728571428571428,2.0,1.0
2010-03-14,22086,PAPER CHAIN KIT 50'S CHRISTMAS,0.0,0.0,2.95,0.0,0.0
2010-03-21,22086,PAPER CHAIN KIT 50'S CHRISTMAS,12.0,35.400000000000006,2.95,1.0,1.0
2010-03-28,22086,PAPER CHAIN KIT 50'S CHRISTMAS,0.0,0.0,2.95,0.0,0.0
2010-04-04,22086,PAPER CHAIN KIT 50'S CHRISTMAS,2.0,11.82,5.910000000000001,2.0,0.0
2010-04-11,22086,PAPER CHAIN KIT 50'S CHRISTMAS,0.0,0.0,5.910000000000001,0.0,0.0
2010-04-18,22086,PAPER CHAIN KIT 50'S CHRISTMAS,0.0,0.0,5.910000000000001,0.0,0.0
2010-04-25,22086,PAPER CHAIN KIT 50'S CHRISTMAS,1.0,2.95,4.6414285714285715,1.0,1.0
2010-05-02,22086,PAPER CHAIN KIT 50'S CHRISTMAS,18.0,53.1,2.95,1.0,1.0
2010-05-09,22086,PAPER CHAIN KIT 50'S CHRISTMAS,46.0,119.7,2.7785714285714285,2.0,2.0
2010-05-16,22086,PAPER CHAIN KIT 50'S CHRISTMAS,6.0,17.700000000000003,2.95,1.0,1.0
2010-05-23,22086,PAPER CHAIN KIT 50'S CHRISTMAS,6.0,17.700000000000003,2.95,2.0,2.0
2010-05-30,22086,PAPER CHAIN KIT 50'S CHRISTMAS,0.0,0.0,2.95,0.0,0.0
2010-06-06,22086,PAPER CHAIN KIT 50'S CHRISTMAS,4.0,11.8,2.95,2.0,2.0
2010-06-13,22086,PAPER CHAIN KIT 50'S CHRISTMAS,3.0,11.81,3.7957142857142863,2.0,1.0
2010-06-20,22086,PAPER CHAIN KIT 50'S CHRISTMAS,28.0,82.6,2.95,3.0,3.0
2010-06-27,22086,PAPER CHAIN KIT 50'S CHRISTMAS,305.0,782.71,3.087142857142857,3.0,2.0
2010-07-04,22086,PAPER CHAIN KIT 50'S CHRISTMAS,44.0,129.8,2.95,3.0,3.0
2010-07-11,22086,PAPER CHAIN KIT 50'S CHRISTMAS,14.0,47.22,4.6414285714285715,3.0,1.0
2010-07-18,22086,PAPER CHAIN KIT 50'S CHRISTMAS,3.0,8.850000000000001,3.795714285714286,2.0,2.0
2010-07-25,22086,PAPER CHAIN KIT 50'S CHRISTMAS,50.0,131.5,2.607142857142857,2.0,2.0
2010-08-01,22086,PAPER CHAIN KIT 50'S CHRISTMAS,128.0,348.56,3.1328571428571435,8.0,7.0
2010-08-08,22086,PAPER CHAIN KIT 50'S CHRISTMAS,142.0,373.86,3.2871428571428574,7.0,5.0
2010-08-15,22086,PAPER CHAIN KIT 50'S CHRISTMAS,74.0,222.64,3.546666666666667,9.0,6.0
2010-08-22,22086,PAPER CHAIN KIT 50'S CHRISTMAS,19.0,56.05000000000001,2.95,5.0,5.0
2010-08-29,22086,PAPER CHAIN KIT 50'S CHRISTMAS,27.0,88.53000000000002,4.218571428571429,3.0,2.0
2010-09-05,22086,PAPER CHAIN KIT 50'S CHRISTMAS,3.0,20.31,6.647142857142858,1.0,0.0
2010-09-12,22086,PAPER CHAIN KIT 50'S CHRISTMAS,12.0,35.400000000000006,3.4957142857142856,4.0,4.0
2010-09-19,22086,PAPER CHAIN KIT 50'S CHRISTMAS,344.0,832.8,2.752380952380953,14.0,13.0
2010-09-26,22086,PAPER CHAIN KIT 50'S CHRISTMAS,431.0,1194.93,3.210652014652015,38.0,34.0
2010-10-03,22086,PAPER CHAIN KIT 50'S CHRISTMAS,495.0,1385.5900000000001,2.9805238095238096,37.0,34.0
2010-10-10,22086,PAPER CHAIN KIT 50'S CHRISTMAS,1516.0,4046.9599999999996,3.1548351648351654,46.0,40.0
2010-10-17,22086,PAPER CHAIN KIT 50'S CHRISTMAS,530.0,1497.38,3.3061269841269842,48.0,42.0
2010-10-24,22086,PAPER CHAIN KIT 50'S CHRISTMAS,406.0,1289.88,3.4795374149659866,44.0,36.0
2010-10-31,22086,PAPER CHAIN KIT 50'S CHRISTMAS,469.0,1432.05,3.5637959183673473,38.0,31.0
2010-11-07,22086,PAPER CHAIN KIT 50'S CHRISTMAS,1555.0,4225.33,3.307619047619048,63.0,56.0
2010-11-14,22086,PAPER CHAIN KIT 50'S CHRISTMAS,1675.0,7569.01,3.36297126682841,72.0,61.0
2010-11-21,22086,PAPER CHAIN KIT 50'S CHRISTMAS,1791.0,9020.33,3.3455632262474366,72.0,61.0
2010-11-28,22086,PAPER CHAIN KIT 50'S CHRISTMAS,1756.0,5735.62,3.268802721088435,92.0,82.0
2010-12-05,22086,PAPER CHAIN KIT 50'S CHRISTMAS,1832.0,6640.66,3.2950949050949054,78.0,68.0
2010-12-12,22086,PAPER CHAIN KIT 50'S CHRISTMAS,1827.0,6881.6900000000005,3.223619769119769,74.0,62.0
2010-12-19,22086,PAPER CHAIN KIT 50'S CHRISTMAS,597.0,2149.75,4.136952380952381,32.0,24.0
2010-12-26,22086,PAPER CHAIN KIT 50'S CHRISTMAS,125.0,602.57,5.428571428571429,9.0,3.0
2011-01-02,22086,PAPER CHAIN KIT 50'S CHRISTMAS,0.0,0.0,5.910000000000001,0.0,0.0
2011-01-09,22086,PAPER CHAIN KIT 50'S CHRISTMAS,16.0,96.28,5.971428571428571,5.0,0.0
2011-01-16,22086,PAPER CHAIN KIT 50'S CHRISTMAS,6.0,35.46,5.910000000000001,3.0,0.0
2011-01-23,22086,PAPER CHAIN KIT 50'S CHRISTMAS,2.0,11.58,5.79,2.0,0.0
2011-01-30,22086,PAPER CHAIN KIT 50'S CHRISTMAS,0.0,0.0,5.79,0.0,0.0
2011-02-06,22086,PAPER CHAIN KIT 50'S CHRISTMAS,0.0,0.0,5.79,0.0,0.0
2011-02-13,22086,PAPER CHAIN KIT 50'S CHRISTMAS,0.0,0.0,5.79,0.0,0.0
2011-02-20,22086,PAPER CHAIN KIT 50'S CHRISTMAS,2.0,13.26,6.2700000000000005,1.0,0.0
2011-02-27,22086,PAPER CHAIN KIT 50'S CHRISTMAS,2.0,5.9,3.475714285714286,1.0,1.0
2011-03-06,22086,PAPER CHAIN KIT 50'S CHRISTMAS,45.0,119.59,3.07,3.0,2.0
2011-03-13,22086,PAPER CHAIN KIT 50'S CHRISTMAS,1.0,2.95,2.892857142857143,1.0,1.0
2011-03-20,22086,PAPER CHAIN KIT 50'S CHRISTMAS,0.0,0.0,2.95,0.0,0.0
2011-03-27,22086,PAPER CHAIN KIT 50'S CHRISTMAS,42.0,115.26,3.2471428571428573,2.0,1.0
2011-04-03,22086,PAPER CHAIN KIT 50'S CHRISTMAS,3.0,8.850000000000001,2.607142857142857,1.0,1.0
2011-04-10,22086,PAPER CHAIN KIT 50'S CHRISTMAS,9.0,29.390000000000004,3.355714285714286,3.0,2.0
2011-04-17,22086,PAPER CHAIN KIT 50'S CHRISTMAS,0.0,0.0,3.66,0.0,0.0
2011-04-24,22086,PAPER CHAIN KIT 50'S CHRISTMAS,1.0,5.79,5.79,1.0,0.0
2011-05-01,22086,PAPER CHAIN KIT 50'S CHRISTMAS,0.0,0.0,5.79,0.0,0.0
2011-05-08,22086,PAPER CHAIN KIT 50'S CHRISTMAS,4.0,23.16,5.79,1.0,0.0
2011-05-15,22086,PAPER CHAIN KIT 50'S CHRISTMAS,13.0,42.03000000000001,4.932857142857143,2.0,1.0
2011-05-22,22086,PAPER CHAIN KIT 50'S CHRISTMAS,0.0,0.0,4.79,0.0,0.0
2011-05-29,22086,PAPER CHAIN KIT 50'S CHRISTMAS,0.0,0.0,4.79,0.0,0.0
2011-06-05,22086,PAPER CHAIN KIT 50'S CHRISTMAS,0.0,0.0,4.79,0.0,0.0
2011-06-12,22086,PAPER CHAIN KIT 50'S CHRISTMAS,2.0,12.42,6.247142857142856,2.0,0.0
2011-06-19,22086,PAPER CHAIN KIT 50'S CHRISTMAS,1.0,5.79,5.909999999999999,1.0,0.0
2011-06-26,22086,PAPER CHAIN KIT 50'S CHRISTMAS,6.0,17.700000000000003,4.167142857142857,1.0,1.0
2011-07-03,22086,PAPER CHAIN KIT 50'S CHRISTMAS,365.0,963.47,3.4185714285714286,6.0,5.0
2011-07-10,22086,PAPER CHAIN KIT 50'S CHRISTMAS,18.0,53.10000000000001,2.95,2.0,2.0
2011-07-17,22086,PAPER CHAIN KIT 50'S CHRISTMAS,16.0,55.720000000000006,3.896666666666667,5.0,3.0
2011-07-24,22086,PAPER CHAIN KIT 50'S CHRISTMAS,32.0,111.12,4.797619047619048,9.0,4.0
2011-07-31,22086,PAPER CHAIN KIT 50'S CHRISTMAS,287.0,769.49,3.1052380952380956,13.0,12.0
2011-08-07,22086,PAPER CHAIN KIT 50'S CHRISTMAS,281.0,735.7900000000001,2.904285714285714,9.0,8.0
2011-08-14,22086,PAPER CHAIN KIT 50'S CHRISTMAS,22.0,68.58000000000001,3.652857142857143,4.0,3.0
2011-08-21,22086,PAPER CHAIN KIT 50'S CHRISTMAS,36.0,120.92,3.212857142857143,7.0,6.0
2011-08-28,22086,PAPER CHAIN KIT 50'S CHRISTMAS,28.0,86.28,3.475714285714286,7.0,6.0
2011-09-04,22086,PAPER CHAIN KIT 50'S CHRISTMAS,192.0,520.28,3.660571428571429,12.0,7.0
2011-09-11,22086,PAPER CHAIN KIT 50'S CHRISTMAS,495.0,1347.29,3.6491836734693877,25.0,20.0
2011-09-18,22086,PAPER CHAIN KIT 50'S CHRISTMAS,601.0,1717.63,3.284111111111111,45.0,40.0
2011-09-25,22086,PAPER CHAIN KIT 50'S CHRISTMAS,602.0,1755.7400000000002,3.3298715570144144,55.0,50.0
2011-10-02,22086,PAPER CHAIN KIT 50'S CHRISTMAS,359.0,1047.53,3.2868707482993194,36.0,32.0
2011-10-09,22086,PAPER CHAIN KIT 50'S CHRISTMAS,977.0,2708.63,3.44281179138322,52.0,46.0
2011-10-16,22086,PAPER CHAIN KIT 50'S CHRISTMAS,819.0,2342.01,3.422034632034632,53.0,42.0
2011-10-23,22086,PAPER CHAIN KIT 50'S CHRISTMAS,756.0,2222.96,3.279938157081015,48.0,42.0
2011-10-30,22086,PAPER CHAIN KIT 50'S CHRISTMAS,764.0,2264.1600000000003,3.5221617108381813,64.0,55.0
2011-11-06,22086,PAPER CHAIN KIT 50'S CHRISTMAS,1745.0,5019.15,3.292009070294785,64.0,57.0
2011-11-13,22086,PAPER CHAIN KIT 50'S CHRISTMAS,1436.0,6303.16,3.424357142857143,84.0,71.0
2011-11-20,22086,PAPER CHAIN KIT 50'S CHRISTMAS,2161.0,9485.150000000001,3.2353171390013498,100.0,90.0
2011-11-27,22086,PAPER CHAIN KIT 50'S CHRISTMAS,1692.0,5701.16,3.203119421931452,96.0,83.0
2011-12-04,22086,PAPER CHAIN KIT 50'S CHRISTMAS,1564.0,4612.8,3.12981030873888,101.0,86.0
2009-12-13,22151,PLACE SETTING WHITE HEART,96.0,40.32,0.42,6.0,6.0
2009-12-20,22151,PLACE SETTING WHITE HEART,72.0,30.240000000000002,0.42,3.0,2.0
2009-12-27,22151,PLACE SETTING WHITE HEART,1.0,1.7,1.5171428571428571,1.0,0.0
2010-01-03,22151,PLACE SETTING WHITE HEART,0.0,0.0,1.7,0.0,0.0
2010-01-10,22151,PLACE SETTING WHITE HEART,264.0,110.88,0.9685714285714285,3.0,3.0
2010-01-17,22151,PLACE SETTING WHITE HEART,120.0,50.4,0.42,4.0,4.0
2010-01-24,22151,PLACE SETTING WHITE HEART,152.0,63.84,0.42,6.0,6.0
2010-01-31,22151,PLACE SETTING WHITE HEART,37.0,15.54,0.42,5.0,5.0
2010-02-07,22151,PLACE SETTING WHITE HEART,15.0,6.3,0.42,2.0,2.0
2010-02-14,22151,PLACE SETTING WHITE HEART,37.0,15.54,0.42,2.0,2.0
2010-02-21,22151,PLACE SETTING WHITE HEART,72.0,30.240000000000002,0.42,2.0,2.0
2010-02-28,22151,PLACE SETTING WHITE HEART,187.0,84.74,0.5971428571428571,6.0,5.0
2010-03-07,22151,PLACE SETTING WHITE HEART,205.0,87.34,0.5676190476190476,9.0,7.0
2010-03-14,22151,PLACE SETTING WHITE HEART,120.0,50.400000000000006,0.42,4.0,4.0
2010-03-21,22151,PLACE SETTING WHITE HEART,91.0,44.42,0.5085714285714286,6.0,5.0
2010-03-28,22151,PLACE SETTING WHITE HEART,108.0,47.84,0.4642857142857143,6.0,5.0
2010-04-04,22151,PLACE SETTING WHITE HEART,105.0,44.099999999999994,0.42,6.0,6.0
2010-04-11,22151,PLACE SETTING WHITE HEART,234.0,98.28,0.42,5.0,5.0
2010-04-18,22151,PLACE SETTING WHITE HEART,276.0,115.92,0.42,6.0,6.0
2010-04-25,22151,PLACE SETTING WHITE HEART,51.0,21.42,0.42,3.0,3.0
2010-05-02,22151,PLACE SETTING WHITE HEART,136.0,57.12,0.42,7.0,6.0
2010-05-09,22151,PLACE SETTING WHITE HEART,181.0,76.02,0.42,4.0,4.0
2010-05-16,22151,PLACE SETTING WHITE HEART,705.0,270.17999999999995,0.4114285714285714,4.0,4.0
2010-05-23,22151,PLACE SETTING WHITE HEART,72.0,30.240000000000002,0.4114285714285714,3.0,3.0
2010-05-30,22151,PLACE SETTING WHITE HEART,547.0,203.82,0.41571428571428576,6.0,6.0
2010-06-06,22151,PLACE SETTING WHITE HEART,65.0,28.540000000000003,0.7742857142857142,4.0,3.0
2010-06-13,22151,PLACE SETTING WHITE HEART,133.0,57.1,0.5971428571428571,7.0,6.0
2010-06-20,22151,PLACE SETTING WHITE HEART,106.0,44.52,0.42,5.0,5.0
2010-06-27,22151,PLACE SETTING WHITE HEART,104.0,46.160000000000004,0.5971428571428571,3.0,2.0
2010-07-04,22151,PLACE SETTING WHITE HEART,356.0,149.52,0.42,8.0,8.0
2010-07-11,22151,PLACE SETTING WHITE HEART,146.0,61.32,0.42,4.0,4.0
2010-07-18,22151,PLACE SETTING WHITE HEART,244.0,102.48,0.42,10.0,9.0
2010-07-25,22151,PLACE SETTING WHITE HEART,250.0,105.0,0.42,6.0,6.0
2010-08-01,22151,PLACE SETTING WHITE HEART,159.0,66.78,0.42,9.0,9.0
2010-08-08,22151,PLACE SETTING WHITE HEART,805.0,313.42,0.4557142857142857,15.0,14.0
2010-08-15,22151,PLACE SETTING WHITE HEART,237.0,156.54,1.1082857142857143,11.0,7.0
2010-08-22,22151,PLACE SETTING WHITE HEART,327.0,143.54,0.7152380952380952,12.0,10.0
2010-08-29,22151,PLACE SETTING WHITE HEART,380.0,165.8,0.5380952380952381,14.0,13.0
2010-09-05,22151,PLACE SETTING WHITE HEART,293.0,131.74,0.5085714285714286,8.0,7.0
2010-09-12,22151,PLACE SETTING WHITE HEART,773.0,298.74,0.40714285714285714,8.0,8.0
2010-09-19,22151,PLACE SETTING WHITE HEART,326.0,136.92000000000002,0.42,11.0,11.0
2010-09-26,22151,PLACE SETTING WHITE HEART,364.0,152.88,0.42,13.0,13.0
2010-10-03,22151,PLACE SETTING WHITE HEART,569.0,249.10000000000002,0.4704761904761905,16.0,14.0
2010-10-10,22151,PLACE SETTING WHITE HEART,330.0,155.96,0.44530612244897955,11.0,10.0
2010-10-17,22151,PLACE SETTING WHITE HEART,738.0,284.03999999999996,0.4178571428571428,14.0,13.0
2010-10-24,22151,PLACE SETTING WHITE HEART,206.0,87.76,0.5085714285714286,12.0,11.0
2010-10-31,22151,PLACE SETTING WHITE HEART,191.0,80.22,0.42,11.0,11.0
2010-11-07,22151,PLACE SETTING WHITE HEART,478.0,200.76000000000002,0.42,12.0,11.0
2010-11-14,22151,PLACE SETTING WHITE HEART,322.0,147.64,0.4554285714285714,13.0,12.0
2010-11-21,22151,PLACE SETTING WHITE HEART,239.0,141.12,0.9547619047619047,15.0,12.0
2010-11-28,22151,PLACE SETTING WHITE HEART,224.0,104.0,0.4642857142857143,10.0,8.0
2010-12-05,22151,PLACE SETTING WHITE HEART,332.0,139.44,0.42,10.0,10.0
2010-12-12,22151,PLACE SETTING WHITE HEART,200.0,101.36,1.0399999999999998,7.0,5.0
2010-12-19,22151,PLACE SETTING WHITE HEART,222.0,100.28999999999999,1.0260714285714285,12.0,9.0
2010-12-26,22151,PLACE SETTING WHITE HEART,1.0,1.66,1.66,1.0,0.0
2011-01-02,22151,PLACE SETTING WHITE HEART,0.0,0.0,1.66,0.0,0.0
2011-01-09,22151,PLACE SETTING WHITE HEART,171.0,71.82,0.5971428571428571,5.0,5.0
2011-01-16,22151,PLACE SETTING WHITE HEART,184.0,82.11999999999999,0.5928571428571427,8.0,7.0
2011-01-23,22151,PLACE SETTING WHITE HEART,218.0,98.82,0.5928571428571427,7.0,6.0
2011-01-30,22151,PLACE SETTING WHITE HEART,24.0,27.02,1.1114285714285714,3.0,1.0
2011-02-06,22151,PLACE SETTING WHITE HEART,776.0,300.0,0.41571428571428576,10.0,10.0
2011-02-13,22151,PLACE SETTING WHITE HEART,63.0,44.61,1.284285714285714,4.0,1.0
2011-02-20,22151,PLACE SETTING WHITE HEART,168.0,70.56,0.42,5.0,5.0
2011-02-27,22151,PLACE SETTING WHITE HEART,292.0,150.47,0.6360714285714285,12.0,9.0
2011-03-06,22151,PLACE SETTING WHITE HEART,39.0,22.429999999999996,0.5064285714285715,4.0,3.0
2011-03-13,22151,PLACE SETTING WHITE HEART,230.0,113.54,0.5352380952380952,9.0,7.0
2011-03-20,22151,PLACE SETTING WHITE HEART,154.0,86.46,0.5352380952380952,9.0,7.0
2011-03-27,22151,PLACE SETTING WHITE HEART,112.0,47.04,0.42,4.0,3.0
2011-04-03,22151,PLACE SETTING WHITE HEART,898.0,325.31999999999994,0.3857142857142857,3.0,3.0
2011-04-10,22151,PLACE SETTING WHITE HEART,468.0,196.56,0.4114285714285714,7.0,7.0
2011-04-17,22151,PLACE SETTING WHITE HEART,489.0,205.38,0.42,8.0,8.0
2011-04-24,22151,PLACE SETTING WHITE HEART,105.0,47.73,0.5352380952380952,7.0,5.0
2011-05-01,22151,PLACE SETTING WHITE HEART,394.0,177.58,0.5928571428571427,5.0,4.0
2011-05-08,22151,PLACE SETTING WHITE HEART,575.0,228.89,0.5021428571428571,8.0,7.0
2011-05-15,22151,PLACE SETTING WHITE HEART,610.0,237.54,0.59,8.0,6.0
2011-05-22,22151,PLACE SETTING WHITE HEART,320.0,136.82,0.5928571428571427,6.0,5.0
2011-05-29,22151,PLACE SETTING WHITE HEART,680.0,295.28000000000003,0.5928571428571427,4.0,3.0
2011-06-05,22151,PLACE SETTING WHITE HEART,173.0,78.71,0.4776190476190476,5.0,4.0
2011-06-12,22151,PLACE SETTING WHITE HEART,585.0,219.78,0.41828571428571426,6.0,6.0
2011-06-19,22151,PLACE SETTING WHITE HEART,462.0,168.11999999999998,0.40628571428571425,3.0,3.0
2011-06-26,22151,PLACE SETTING WHITE HEART,174.0,76.71000000000001,0.46904761904761905,6.0,5.0
2011-07-03,22151,PLACE SETTING WHITE HEART,61.0,29.25,0.5928571428571427,4.0,3.0
2011-07-10,22151,PLACE SETTING WHITE HEART,54.0,22.68,0.42,3.0,3.0
2011-07-17,22151,PLACE SETTING WHITE HEART,666.0,253.79999999999998,0.4135714285714286,5.0,5.0
2011-07-24,22151,PLACE SETTING WHITE HEART,527.0,220.82999999999998,0.5842857142857143,6.0,5.0
2011-07-31,22151,PLACE SETTING WHITE HEART,699.0,318.99,0.7657142857142857,5.0,2.0
2011-08-07,22151,PLACE SETTING WHITE HEART,936.0,341.2799999999999,0.41571428571428576,4.0,4.0
2011-08-14,22151,PLACE SETTING WHITE HEART,60.0,39.72,0.9961904761904761,4.0,2.0
2011-08-21,22151,PLACE SETTING WHITE HEART,507.0,187.01999999999998,0.4114285714285714,5.0,5.0
2011-08-28,22151,PLACE SETTING WHITE HEART,96.0,40.32,0.4114285714285714,4.0,3.0
2011-09-04,22151,PLACE SETTING WHITE HEART,106.0,45.73,0.7657142857142857,7.0,6.0
2011-09-11,22151,PLACE SETTING WHITE HEART,649.0,247.86999999999998,0.5757142857142856,6.0,5.0
2011-09-18,22151,PLACE SETTING WHITE HEART,209.0,88.99,0.5064285714285715,8.0,8.0
2011-09-25,22151,PLACE SETTING WHITE HEART,140.0,61.22,0.5928571428571427,7.0,7.0
2011-10-02,22151,PLACE SETTING WHITE HEART,110.0,53.46,0.7657142857142857,7.0,6.0
2011-10-09,22151,PLACE SETTING WHITE HEART,54.0,22.68,0.42,4.0,4.0
2011-10-16,22151,PLACE SETTING WHITE HEART,77.0,50.49,0.7657142857142857,5.0,4.0
2011-10-23,22151,PLACE SETTING WHITE HEART,194.0,81.48,0.42,9.0,9.0
2011-10-30,22151,PLACE SETTING WHITE HEART,173.0,72.66,0.42,7.0,7.0
2011-11-06,22151,PLACE SETTING WHITE HEART,155.0,65.10000000000001,0.42,7.0,7.0
2011-11-13,22151,PLACE SETTING WHITE HEART,60.0,32.46,0.9385714285714285,5.0,5.0
2011-11-20,22151,PLACE SETTING WHITE HEART,124.0,52.08,0.42,7.0,7.0
2011-11-27,22151,PLACE SETTING WHITE HEART,262.0,110.04,0.42,13.0,13.0
2011-12-04,22151,PLACE SETTING WHITE HEART,239.0,100.38,0.42,11.0,11.0
2009-12-13,22178,VICTORIAN GLASS HANGING T-LIGHT,345.0,420.93,1.3953673469387755,19.0,16.0
2009-12-20,22178,VICTORIAN GLASS HANGING T-LIGHT,266.0,382.65999999999997,1.5642857142857143,22.0,16.0
2009-12-27,22178,VICTORIAN GLASS HANGING T-LIGHT,3.0,7.709999999999999,2.3814285714285712,1.0,0.0
2010-01-03,22178,VICTORIAN GLASS HANGING T-LIGHT,0.0,0.0,2.57,0.0,0.0
2010-01-10,22178,VICTORIAN GLASS HANGING T-LIGHT,72.0,90.0,1.25,6.0,6.0
2010-01-17,22178,VICTORIAN GLASS HANGING T-LIGHT,86.0,134.32,1.6607142857142858,12.0,6.0
2010-01-24,22178,VICTORIAN GLASS HANGING T-LIGHT,92.0,137.68,1.565,13.0,9.0
2010-01-31,22178,VICTORIAN GLASS HANGING T-LIGHT,236.0,284.32,1.4532142857142856,15.0,11.0
2010-02-07,22178,VICTORIAN GLASS HANGING T-LIGHT,66.0,82.5,1.25,6.0,6.0
2010-02-14,22178,VICTORIAN GLASS HANGING T-LIGHT,86.0,120.1,1.6999999999999997,5.0,4.0
2010-02-21,22178,VICTORIAN GLASS HANGING T-LIGHT,62.0,85.06,1.6099999999999999,9.0,6.0
2010-02-28,22178,VICTORIAN GLASS HANGING T-LIGHT,139.0,191.39,1.55,14.0,10.0
2010-03-07,22178,VICTORIAN GLASS HANGING T-LIGHT,254.0,305.56,1.6909523809523808,17.0,14.0
2010-03-14,22178,VICTORIAN GLASS HANGING T-LIGHT,338.0,424.06,1.4822857142857142,18.0,12.0
2010-03-21,22178,VICTORIAN GLASS HANGING T-LIGHT,148.0,197.6,1.55,11.0,9.0
2010-03-28,22178,VICTORIAN GLASS HANGING T-LIGHT,321.0,378.63,1.6773809523809524,13.0,11.0
2010-04-04,22178,VICTORIAN GLASS HANGING T-LIGHT,166.0,222.62,1.826,9.0,6.0
2010-04-11,22178,VICTORIAN GLASS HANGING T-LIGHT,106.0,137.54,1.49,12.0,10.0
2010-04-18,22178,VICTORIAN GLASS HANGING T-LIGHT,177.0,221.25,1.25,14.0,14.0
2010-04-25,22178,VICTORIAN GLASS HANGING T-LIGHT,263.0,339.49,1.7059285714285715,22.0,11.0
2010-05-02,22178,VICTORIAN GLASS HANGING T-LIGHT,134.0,231.76,1.55,12.0,8.0
2010-05-09,22178,VICTORIAN GLASS HANGING T-LIGHT,323.0,435.25,1.49,22.0,20.0
2010-05-16,22178,VICTORIAN GLASS HANGING T-LIGHT,561.0,674.1500000000001,1.3330714285714287,18.0,14.0
2010-05-23,22178,VICTORIAN GLASS HANGING T-LIGHT,225.0,306.45,1.52,17.0,14.0
2010-05-30,22178,VICTORIAN GLASS HANGING T-LIGHT,318.0,385.79999999999995,1.6900476190476188,16.0,13.0
2010-06-06,22178,VICTORIAN GLASS HANGING T-LIGHT,336.0,401.15999999999997,1.825952380952381,15.0,12.0
2010-06-13,22178,VICTORIAN GLASS HANGING T-LIGHT,588.0,728.52,1.388095238095238,26.0,22.0
2010-06-20,22178,VICTORIAN GLASS HANGING T-LIGHT,263.0,311.77,1.3332142857142857,16.0,15.0
2010-06-27,22178,VICTORIAN GLASS HANGING T-LIGHT,353.0,447.55,1.385,18.0,16.0
2010-07-04,22178,VICTORIAN GLASS HANGING T-LIGHT,129.0,162.51,1.295,11.0,10.0
2010-07-11,22178,VICTORIAN GLASS HANGING T-LIGHT,230.0,270.52,1.3309523809523809,11.0,10.0
2010-07-18,22178,VICTORIAN GLASS HANGING T-LIGHT,294.0,370.02,1.3399999999999999,16.0,14.0
2010-07-25,22178,VICTORIAN GLASS HANGING T-LIGHT,88.0,122.6,1.466,13.0,11.0
2010-08-01,22178,VICTORIAN GLASS HANGING T-LIGHT,130.0,175.1,1.3399999999999999,7.0,6.0
2010-08-08,22178,VICTORIAN GLASS HANGING T-LIGHT,83.0,125.16999999999999,1.43,7.0,6.0
2010-08-15,22178,VICTORIAN GLASS HANGING T-LIGHT,156.0,235.32,1.5799999999999998,16.0,12.0
2010-08-22,22178,VICTORIAN GLASS HANGING T-LIGHT,235.0,276.77,1.4928571428571427,13.0,12.0
2010-08-29,22178,VICTORIAN GLASS HANGING T-LIGHT,102.0,127.5,1.3399999999999999,8.0,8.0
2010-09-05,22178,VICTORIAN GLASS HANGING T-LIGHT,129.0,165.03,1.3219999999999998,9.0,8.0
2010-09-12,22178,VICTORIAN GLASS HANGING T-LIGHT,240.0,301.92,1.4359523809523809,14.0,11.0
2010-09-19,22178,VICTORIAN GLASS HANGING T-LIGHT,83.0,117.61,1.43,6.0,5.0
2010-09-26,22178,VICTORIAN GLASS HANGING T-LIGHT,452.0,531.04,1.4141666666666666,15.0,14.0
2010-10-03,22178,VICTORIAN GLASS HANGING T-LIGHT,620.0,618.34,1.435,16.0,14.0
2010-10-10,22178,VICTORIAN GLASS HANGING T-LIGHT,541.0,635.39,1.3051020408163265,15.0,14.0
2010-10-17,22178,VICTORIAN GLASS HANGING T-LIGHT,479.0,546.55,1.2873809523809523,17.0,14.0
2010-10-24,22178,VICTORIAN GLASS HANGING T-LIGHT,285.0,346.83,1.6054761904761905,19.0,15.0
2010-10-31,22178,VICTORIAN GLASS HANGING T-LIGHT,531.0,615.3299999999999,1.274126984126984,22.0,20.0
2010-11-07,22178,VICTORIAN GLASS HANGING T-LIGHT,1110.0,1200.42,1.4939047619047618,28.0,22.0
2010-11-14,22178,VICTORIAN GLASS HANGING T-LIGHT,1033.0,1205.15,1.5865714285714285,31.0,23.0
2010-11-21,22178,VICTORIAN GLASS HANGING T-LIGHT,454.0,566.3,1.4689523809523808,25.0,18.0
2010-11-28,22178,VICTORIAN GLASS HANGING T-LIGHT,1857.0,2123.97,1.5459285714285715,34.0,25.0
2010-12-05,22178,VICTORIAN GLASS HANGING T-LIGHT,349.0,552.17,1.92,19.0,12.0
2010-12-12,22178,VICTORIAN GLASS HANGING T-LIGHT,909.0,1266.75,1.6464761904761904,22.0,14.0
2010-12-19,22178,VICTORIAN GLASS HANGING T-LIGHT,593.0,719.29,1.6486428571428569,27.0,20.0
2010-12-26,22178,VICTORIAN GLASS HANGING T-LIGHT,130.0,182.66,1.6151428571428572,13.0,6.0
2011-01-02,22178,VICTORIAN GLASS HANGING T-LIGHT,0.0,0.0,1.25,0.0,0.0
2011-01-09,22178,VICTORIAN GLASS HANGING T-LIGHT,396.0,462.29999999999995,1.321904761904762,17.0,15.0
2011-01-16,22178,VICTORIAN GLASS HANGING T-LIGHT,204.0,251.32999999999998,1.8530952380952381,10.0,6.0
2011-01-23,22178,VICTORIAN GLASS HANGING T-LIGHT,339.0,455.03,1.6553333333333333,14.0,9.0
2011-01-30,22178,VICTORIAN GLASS HANGING T-LIGHT,333.0,468.09999999999997,1.8914285714285715,13.0,8.0
2011-02-06,22178,VICTORIAN GLASS HANGING T-LIGHT,482.0,572.0699999999999,1.2931428571428571,18.0,17.0
2011-02-13,22178,VICTORIAN GLASS HANGING T-LIGHT,242.0,315.72,1.5531666666666666,17.0,11.0
2011-02-20,22178,VICTORIAN GLASS HANGING T-LIGHT,133.0,168.67000000000002,1.3364285714285715,13.0,12.0
2011-02-27,22178,VICTORIAN GLASS HANGING T-LIGHT,510.0,577.9200000000001,1.5712857142857144,14.0,11.0
2011-03-06,22178,VICTORIAN GLASS HANGING T-LIGHT,406.0,645.35,1.5623809523809522,25.0,18.0
2011-03-13,22178,VICTORIAN GLASS HANGING T-LIGHT,290.0,373.3,1.5009761904761905,19.0,14.0
2011-03-20,22178,VICTORIAN GLASS HANGING T-LIGHT,654.0,866.84,1.4341468253968255,28.0,21.0
2011-03-27,22178,VICTORIAN GLASS HANGING T-LIGHT,526.0,691.29,1.4765986394557822,33.0,26.0
2011-04-03,22178,VICTORIAN GLASS HANGING T-LIGHT,952.0,1359.49,1.4855357142857142,27.0,18.0
2011-04-10,22178,VICTORIAN GLASS HANGING T-LIGHT,493.0,607.6,1.4199637188208616,29.0,24.0
2011-04-17,22178,VICTORIAN GLASS HANGING T-LIGHT,626.0,709.54,1.233843537414966,21.0,21.0
2011-04-24,22178,VICTORIAN GLASS HANGING T-LIGHT,645.0,799.9300000000001,1.3503928571428572,27.0,21.0
2011-05-01,22178,VICTORIAN GLASS HANGING T-LIGHT,95.0,122.38000000000001,1.4804761904761905,6.0,3.0
2011-05-08,22178,VICTORIAN GLASS HANGING T-LIGHT,600.0,714.6400000000001,1.382095238095238,30.0,25.0
2011-05-15,22178,VICTORIAN GLASS HANGING T-LIGHT,596.0,708.4300000000001,1.355530612244898,26.0,23.0
2011-05-22,22178,VICTORIAN GLASS HANGING T-LIGHT,763.0,896.52,1.3363571428571428,27.0,24.0
2011-05-29,22178,VICTORIAN GLASS HANGING T-LIGHT,608.0,729.48,1.4291666666666667,24.0,19.0
2011-06-05,22178,VICTORIAN GLASS HANGING T-LIGHT,739.0,888.3000000000001,1.5420238095238095,27.0,20.0
2011-06-12,22178,VICTORIAN GLASS HANGING T-LIGHT,543.0,713.6600000000001,1.5566530612244898,30.0,23.0
2011-06-19,22178,VICTORIAN GLASS HANGING T-LIGHT,276.0,363.06,1.3804761904761906,14.0,12.0
2011-06-26,22178,VICTORIAN GLASS HANGING T-LIGHT,122.0,152.5,1.25,10.0,9.0
2011-07-03,22178,VICTORIAN GLASS HANGING T-LIGHT,349.0,403.31,1.4154761904761906,12.0,9.0
2011-07-10,22178,VICTORIAN GLASS HANGING T-LIGHT,590.0,692.37,1.4499523809523809,21.0,16.0
2011-07-17,22178,VICTORIAN GLASS HANGING T-LIGHT,154.0,205.81,1.3796428571428572,14.0,12.0
2011-07-24,22178,VICTORIAN GLASS HANGING T-LIGHT,532.0,803.78,1.551952380952381,19.0,15.0
2011-07-31,22178,VICTORIAN GLASS HANGING T-LIGHT,236.0,319.2,1.566904761904762,17.0,12.0
2011-08-07,22178,VICTORIAN GLASS HANGING T-LIGHT,824.0,986.08,1.2745238095238096,23.0,20.0
2011-08-14,22178,VICTORIAN GLASS HANGING T-LIGHT,308.0,427.26000000000005,1.7914285714285716,16.0,10.0
2011-08-21,22178,VICTORIAN GLASS HANGING T-LIGHT,318.0,379.26,1.2432142857142858,16.0,16.0
2011-08-28,22178,VICTORIAN GLASS HANGING T-LIGHT,456.0,552.88,1.3174285714285714,13.0,11.0
2011-09-04,22178,VICTORIAN GLASS HANGING T-LIGHT,493.0,685.2,1.771857142857143,14.0,6.0
2011-09-11,22178,VICTORIAN GLASS HANGING T-LIGHT,230.0,435.0,2.02875,16.0,12.0
2011-09-18,22178,VICTORIAN GLASS HANGING T-LIGHT,248.0,457.85999999999996,1.9745714285714284,17.0,15.0
2011-09-25,22178,VICTORIAN GLASS HANGING T-LIGHT,425.0,781.8599999999999,2.0174999999999996,22.0,18.0
2011-10-02,22178,VICTORIAN GLASS HANGING T-LIGHT,90.0,178.56,2.132142857142857,9.0,8.0
2011-10-09,22178,VICTORIAN GLASS HANGING T-LIGHT,1483.0,1788.3,1.9078571428571427,22.0,21.0
2011-10-16,22178,VICTORIAN GLASS HANGING T-LIGHT,303.0,566.64,2.0214285714285714,15.0,14.0
2011-10-23,22178,VICTORIAN GLASS HANGING T-LIGHT,211.0,395.4,2.0135714285714283,13.0,10.0
2011-10-30,22178,VICTORIAN GLASS HANGING T-LIGHT,1246.0,1394.94,1.885,20.0,20.0
2011-11-06,22178,VICTORIAN GLASS HANGING T-LIGHT,359.0,653.16,1.9374285714285713,23.0,21.0
2011-11-13,22178,VICTORIAN GLASS HANGING T-LIGHT,288.0,548.1,2.164204081632653,22.0,14.0
2011-11-20,22178,VICTORIAN GLASS HANGING T-LIGHT,449.0,829.68,2.1574999999999998,19.0,15.0
2011-11-27,22178,VICTORIAN GLASS HANGING T-LIGHT,373.0,552.78,2.1362857142857146,21.0,14.0
2011-12-04,22178,VICTORIAN GLASS HANGING T-LIGHT,755.0,1448.58,2.062464285714286,33.0,25.0
2009-12-13,22197,POPCORN HOLDER,153.0,136.0,0.9997619047619047,13.0,9.0
2009-12-20,22197,POPCORN HOLDER,644.0,515.7499999999999,0.9823809523809525,16.0,11.0
2009-12-27,22197,POPCORN HOLDER,2.0,1.7,0.85,1.0,0.0
2010-01-03,22197,POPCORN HOLDER,0.0,0.0,0.85,0.0,0.0
2010-01-10,22197,POPCORN HOLDER,21.0,17.849999999999998,0.85,3.0,3.0
2010-01-17,22197,POPCORN HOLDER,72.0,83.50999999999999,1.1623809523809523,14.0,4.0
2010-01-24,22197,POPCORN HOLDER,23.0,23.6,1.4285714285714286,4.0,2.0
2010-01-31,22197,POPCORN HOLDER,621.0,465.28000000000003,0.874642857142857,11.0,9.0
2010-02-07,22197,POPCORN HOLDER,81.0,76.94999999999999,1.042857142857143,9.0,6.0
2010-02-14,22197,POPCORN HOLDER,68.0,57.8,0.85,8.0,7.0
2010-02-21,22197,POPCORN HOLDER,19.0,16.15,0.85,2.0,2.0
2010-02-28,22197,POPCORN HOLDER,1407.0,1022.91,0.9025714285714285,12.0,11.0
2010-03-07,22197,POPCORN HOLDER,133.0,125.19999999999999,1.2357142857142855,9.0,5.0
2010-03-14,22197,POPCORN HOLDER,47.0,45.62,1.0814285714285714,6.0,4.0
2010-03-21,22197,POPCORN HOLDER,826.0,624.5699999999999,1.0397074829931972,20.0,16.0
2010-03-28,22197,POPCORN HOLDER,103.0,96.46,1.0235714285714284,15.0,13.0
2010-04-04,22197,POPCORN HOLDER,423.0,761.4,1.1135714285714287,9.0,5.0
2010-04-11,22197,POPCORN HOLDER,716.0,543.56,1.0581904761904761,12.0,8.0
2010-04-18,22197,POPCORN HOLDER,224.0,183.06999999999996,0.8727380952380953,14.0,13.0
2010-04-25,22197,POPCORN HOLDER,378.0,302.59,0.8903061224489796,15.0,12.0
2010-05-02,22197,POPCORN HOLDER,500.0,394.90999999999997,1.0161428571428572,19.0,14.0
2010-05-09,22197,POPCORN HOLDER,203.0,175.22,1.0227619047619048,14.0,9.0
2010-05-16,22197,POPCORN HOLDER,180.0,165.95999999999998,1.0332142857142856,16.0,12.0
2010-05-23,22197,POPCORN HOLDER,192.0,153.44,1.1138095238095238,15.0,12.0
2010-05-30,22197,POPCORN HOLDER,218.0,173.10999999999999,0.9595238095238094,10.0,9.0
2010-06-06,22197,POPCORN HOLDER,145.0,127.3,0.9367857142857143,14.0,12.0
2010-06-13,22197,POPCORN HOLDER,617.0,478.93,0.9633673469387755,22.0,19.0
2010-06-20,22197,POPCORN HOLDER,625.0,484.92,0.9587142857142857,25.0,20.0
2010-06-27,22197,POPCORN HOLDER,168.0,151.51,1.0960714285714286,19.0,12.0
2010-07-04,22197,POPCORN HOLDER,365.0,285.87,0.8811904761904762,17.0,15.0
2010-07-11,22197,POPCORN HOLDER,278.0,230.58999999999997,0.9803571428571428,13.0,10.0
2010-07-18,22197,POPCORN HOLDER,766.0,583.39,0.9039285714285714,17.0,14.0
2010-07-25,22197,POPCORN HOLDER,691.0,542.89,1.0594047619047617,15.0,12.0
2010-08-01,22197,POPCORN HOLDER,265.0,209.94,0.9517857142857142,14.0,13.0
2010-08-08,22197,POPCORN HOLDER,95.0,82.36999999999999,0.8731428571428571,12.0,11.0
2010-08-15,22197,POPCORN HOLDER,552.0,416.15999999999997,0.8376190476190476,11.0,10.0
2010-08-22,22197,POPCORN HOLDER,1025.0,763.9699999999999,0.9450238095238095,17.0,13.0
2010-08-29,22197,POPCORN HOLDER,880.0,656.48,0.8407142857142856,20.0,19.0
2010-09-05,22197,POPCORN HOLDER,135.0,118.23,1.0864285714285713,12.0,8.0
2010-09-12,22197,POPCORN HOLDER,270.0,222.98,0.9240476190476191,18.0,15.0
2010-09-19,22197,POPCORN HOLDER,534.0,412.45,0.9085714285714285,23.0,20.0
2010-09-26,22197,POPCORN HOLDER,1709.0,1278.77,1.1082993197278912,23.0,18.0
2010-10-03,22197,POPCORN HOLDER,296.0,274.24,1.1118809523809523,23.0,13.0
2010-10-10,22197,POPCORN HOLDER,919.0,721.21,1.0895578231292518,34.0,23.0
2010-10-17,22197,POPCORN HOLDER,345.0,303.78,1.0737142857142856,25.0,19.0
2010-10-24,22197,POPCORN HOLDER,1239.0,962.09,1.055875283446712,34.0,26.0
2010-10-31,22197,POPCORN HOLDER,2582.0,1895.03,1.133047619047619,24.0,14.0
2010-11-07,22197,POPCORN HOLDER,926.0,775.5999999999999,1.0222142857142857,48.0,38.0
2010-11-14,22197,POPCORN HOLDER,4115.0,4985.96,1.0513854003139718,51.0,37.0
2010-11-21,22197,POPCORN HOLDER,1746.0,2523.16,1.0408552875695734,46.0,34.0
2010-11-28,22197,POPCORN HOLDER,2207.0,1791.84,1.0807482993197277,49.0,34.0
2010-12-05,22197,POPCORN HOLDER,1176.0,1155.04,1.0874275724275724,44.0,33.0
2010-12-12,22197,POPCORN HOLDER,1880.0,1971.25,1.0925316944959802,49.0,31.0
2010-12-19,22197,POPCORN HOLDER,981.0,837.62,1.0798571428571428,31.0,19.0
2010-12-26,22197,POPCORN HOLDER,252.0,249.98,1.325952380952381,14.0,5.0
2011-01-02,22197,POPCORN HOLDER,0.0,0.0,1.2550000000000001,0.0,0.0
2011-01-09,22197,POPCORN HOLDER,807.0,609.57,0.9199999999999999,15.0,14.0
2011-01-16,22197,POPCORN HOLDER,344.0,306.06,1.3054285714285712,18.0,6.0
2011-01-23,22197,POPCORN HOLDER,261.0,232.24999999999997,1.2247448979591837,18.0,8.0
2011-01-30,22197,POPCORN HOLDER,351.0,291.84999999999997,1.0310714285714284,17.0,11.0
2011-02-06,22197,POPCORN HOLDER,107.0,126.04999999999998,1.4257142857142857,12.0,6.0
2011-02-13,22197,POPCORN HOLDER,239.0,217.45,1.0932857142857142,17.0,10.0
2011-02-20,22197,POPCORN HOLDER,1040.0,805.74,0.9815476190476191,26.0,17.0
2011-02-27,22197,POPCORN HOLDER,1312.0,1004.9599999999999,1.0982380952380952,22.0,12.0
2011-03-06,22197,POPCORN HOLDER,370.0,297.08,1.0032142857142856,19.0,13.0
2011-03-13,22197,POPCORN HOLDER,779.0,595.3299999999999,1.0688333333333333,19.0,14.0
2011-03-20,22197,POPCORN HOLDER,583.0,481.51,0.8667142857142858,21.0,18.0
2011-03-27,22197,POPCORN HOLDER,237.0,238.89,1.0468571428571427,20.0,12.0
2011-04-03,22197,POPCORN HOLDER,1042.0,1587.6999999999996,1.0269047619047618,24.0,16.0
2011-04-10,22197,POPCORN HOLDER,564.0,448.2,0.9562698412698413,22.0,19.0
2011-04-17,22197,POPCORN HOLDER,784.0,599.3199999999999,1.0682142857142858,17.0,14.0
2011-04-24,22197,POPCORN HOLDER,232.0,210.72,0.9651428571428572,16.0,11.0
2011-05-01,22197,POPCORN HOLDER,310.0,242.18,0.8446938775510204,13.0,11.0
2011-05-08,22197,POPCORN HOLDER,372.0,299.56,1.0394285714285714,20.0,15.0
2011-05-15,22197,POPCORN HOLDER,381.0,345.95,0.9994557823129251,32.0,19.0
2011-05-22,22197,POPCORN HOLDER,1300.0,1002.04,0.9356349206349206,28.0,21.0
2011-05-29,22197,POPCORN HOLDER,4562.0,3331.1800000000003,1.045,20.0,14.0
2011-06-05,22197,POPCORN HOLDER,533.0,422.63,0.975578231292517,19.0,14.0
2011-06-12,22197,POPCORN HOLDER,410.0,334.97999999999996,0.8904591836734693,22.0,18.0
2011-06-19,22197,POPCORN HOLDER,437.0,354.81,0.9567857142857142,22.0,18.0
2011-06-26,22197,POPCORN HOLDER,345.0,294.28999999999996,1.0370408163265306,25.0,18.0
2011-07-03,22197,POPCORN HOLDER,430.0,351.2,0.926142857142857,19.0,14.0
2011-07-10,22197,POPCORN HOLDER,636.0,525.26,1.0620841063698205,32.0,19.0
2011-07-17,22197,POPCORN HOLDER,157.0,147.49,0.9985714285714286,16.0,12.0
2011-07-24,22197,POPCORN HOLDER,621.0,494.31,0.8626020408163264,27.0,23.0
2011-07-31,22197,POPCORN HOLDER,436.0,350.84,1.045,17.0,11.0
2011-08-07,22197,POPCORN HOLDER,2178.0,1603.78,0.953469387755102,19.0,16.0
2011-08-14,22197,POPCORN HOLDER,1735.0,1307.83,0.9639047619047618,16.0,13.0
2011-08-21,22197,POPCORN HOLDER,518.0,421.32,0.8844897959183673,17.0,16.0
2011-08-28,22197,POPCORN HOLDER,826.0,645.9399999999999,0.9341904761904762,20.0,18.0
2011-09-04,22197,POPCORN HOLDER,956.0,778.54,1.003656462585034,26.0,17.0
2011-09-11,22197,POPCORN HOLDER,516.0,446.92,1.036156462585034,29.0,21.0
2011-09-18,22197,POPCORN HOLDER,570.0,632.18,1.0330612244897959,23.0,18.0
2011-09-25,22197,POPCORN HOLDER,682.0,628.5799999999999,1.097280612244898,30.0,20.0
2011-10-02,22197,POPCORN HOLDER,1675.0,1308.54,1.02125,30.0,24.0
2011-10-09,22197,POPCORN HOLDER,835.0,727.5500000000001,1.0961349206349207,35.0,26.0
2011-10-16,22197,POPCORN HOLDER,884.0,807.13,1.0317602040816325,31.0,25.0
2011-10-23,22197,POPCORN HOLDER,1164.0,941.93,1.0836309523809524,30.0,24.0
2011-10-30,22197,POPCORN HOLDER,2775.0,2109.05,1.0577579365079364,36.0,30.0
2011-11-06,22197,POPCORN HOLDER,1156.0,975.3199999999999,0.9479126984126983,45.0,39.0
2011-11-13,22197,POPCORN HOLDER,3900.0,5394.5199999999995,1.0747579365079365,46.0,35.0
2011-11-20,22197,POPCORN HOLDER,3145.0,4110.95,1.0349444444444444,59.0,48.0
2011-11-27,22197,POPCORN HOLDER,2955.0,2575.75,1.0373098845598845,56.0,41.0
2011-12-04,22197,POPCORN HOLDER,3275.0,2868.37,0.980181803490627,68.0,53.0
2009-12-13,22355,CHARLOTTE BAG SUKI DESIGN,351.0,325.3,1.008190476190476,21.0,15.0
2009-12-20,22355,CHARLOTTE BAG SUKI DESIGN,281.0,298.35,1.1039880952380952,25.0,14.0
2009-12-27,22355,CHARLOTTE BAG SUKI DESIGN,35.0,42.5,0.9714285714285714,6.0,1.0
2010-01-03,22355,CHARLOTTE BAG SUKI DESIGN,0.0,0.0,0.85,0.0,0.0
2010-01-10,22355,CHARLOTTE BAG SUKI DESIGN,30.0,25.5,0.85,2.0,2.0
2010-01-17,22355,CHARLOTTE BAG SUKI DESIGN,76.0,76.87,1.200952380952381,14.0,7.0
2010-01-24,22355,CHARLOTTE BAG SUKI DESIGN,129.0,117.75,1.062142857142857,16.0,11.0
2010-01-31,22355,CHARLOTTE BAG SUKI DESIGN,319.0,248.39,0.9248571428571429,16.0,13.0
2010-02-07,22355,CHARLOTTE BAG SUKI DESIGN,198.0,163.23000000000002,1.0663095238095237,13.0,7.0
2010-02-14,22355,CHARLOTTE BAG SUKI DESIGN,235.0,177.8,0.9971428571428571,8.0,5.0
2010-02-21,22355,CHARLOTTE BAG SUKI DESIGN,102.0,87.51,0.9657142857142856,9.0,8.0
2010-02-28,22355,CHARLOTTE BAG SUKI DESIGN,133.0,110.11,1.1878571428571427,11.0,7.0
2010-03-07,22355,CHARLOTTE BAG SUKI DESIGN,165.0,132.92,1.134642857142857,14.0,9.0
2010-03-14,22355,CHARLOTTE BAG SUKI DESIGN,108.0,101.52,1.1392857142857142,15.0,9.0
2010-03-21,22355,CHARLOTTE BAG SUKI DESIGN,239.0,189.32,1.0952380952380951,15.0,11.0
2010-03-28,22355,CHARLOTTE BAG SUKI DESIGN,122.0,108.56,1.0717857142857141,16.0,12.0
2010-04-04,22355,CHARLOTTE BAG SUKI DESIGN,306.0,240.36,0.9351190476190476,16.0,11.0
2010-04-11,22355,CHARLOTTE BAG SUKI DESIGN,208.0,170.28,1.0929761904761903,13.0,9.0
2010-04-18,22355,CHARLOTTE BAG SUKI DESIGN,163.0,125.55,0.8376190476190476,8.0,8.0
2010-04-25,22355,CHARLOTTE BAG SUKI DESIGN,222.0,188.66,1.0972789115646258,19.0,11.0
2010-05-02,22355,CHARLOTTE BAG SUKI DESIGN,198.0,182.07,1.2048571428571428,23.0,15.0
2010-05-09,22355,CHARLOTTE BAG SUKI DESIGN,347.0,264.88,1.015,16.0,13.0
2010-05-16,22355,CHARLOTTE BAG SUKI DESIGN,147.0,125.75999999999999,1.197142857142857,12.0,11.0
2010-05-23,22355,CHARLOTTE BAG SUKI DESIGN,200.0,158.45,0.9161904761904761,13.0,11.0
2010-05-30,22355,CHARLOTTE BAG SUKI DESIGN,240.0,199.74,1.1037619047619047,22.0,13.0
2010-06-06,22355,CHARLOTTE BAG SUKI DESIGN,193.0,168.87,1.2102380952380951,17.0,9.0
2010-06-13,22355,CHARLOTTE BAG SUKI DESIGN,475.0,370.71999999999997,1.0311904761904762,18.0,14.0
2010-06-20,22355,CHARLOTTE BAG SUKI DESIGN,222.0,202.79,0.9806938775510204,24.0,18.0
2010-06-27,22355,CHARLOTTE BAG SUKI DESIGN,256.0,259.1,1.228095238095238,26.0,12.0
2010-07-04,22355,CHARLOTTE BAG SUKI DESIGN,278.0,227.67,0.9358730158730159,17.0,14.0
2010-07-11,22355,CHARLOTTE BAG SUKI DESIGN,320.0,250.05,1.0432142857142856,18.0,13.0
2010-07-18,22355,CHARLOTTE BAG SUKI DESIGN,88.0,71.53999999999999,0.9864285714285713,7.0,4.0
2010-07-25,22355,CHARLOTTE BAG SUKI DESIGN,175.0,151.99,0.934030612244898,20.0,16.0
2010-08-01,22355,CHARLOTTE BAG SUKI DESIGN,119.0,103.58,0.9271428571428572,15.0,12.0
2010-08-08,22355,CHARLOTTE BAG SUKI DESIGN,207.0,189.55,0.9272857142857143,14.0,11.0
2010-08-15,22355,CHARLOTTE BAG SUKI DESIGN,754.0,1772.9399999999998,1.3103571428571428,15.0,6.0
2010-08-22,22355,CHARLOTTE BAG SUKI DESIGN,131.0,117.83,1.0814285714285714,15.0,11.0
2010-08-29,22355,CHARLOTTE BAG SUKI DESIGN,276.0,226.46,1.0817142857142856,18.0,14.0
2010-09-05,22355,CHARLOTTE BAG SUKI DESIGN,541.0,824.55,1.0873809523809523,14.0,9.0
2010-09-12,22355,CHARLOTTE BAG SUKI DESIGN,426.0,329.58,0.8956190476190475,20.0,18.0
2010-09-19,22355,CHARLOTTE BAG SUKI DESIGN,108.0,93.42,0.9174999999999999,16.0,14.0
2010-09-26,22355,CHARLOTTE BAG SUKI DESIGN,227.0,402.03,1.0158333333333334,15.0,12.0
2010-10-03,22355,CHARLOTTE BAG SUKI DESIGN,453.0,622.06,1.0141071428571429,18.0,15.0
2010-10-10,22355,CHARLOTTE BAG SUKI DESIGN,343.0,497.68999999999994,1.1359523809523808,20.0,14.0
2010-10-17,22355,CHARLOTTE BAG SUKI DESIGN,493.0,584.56,1.0449659863945577,27.0,20.0
2010-10-24,22355,CHARLOTTE BAG SUKI DESIGN,214.0,370.13,1.3166666666666664,17.0,10.0
2010-10-31,22355,CHARLOTTE BAG SUKI DESIGN,448.0,572.81,1.0782380952380952,20.0,16.0
2010-11-07,22355,CHARLOTTE BAG SUKI DESIGN,308.0,259.33,1.075238095238095,20.0,16.0
2010-11-14,22355,CHARLOTTE BAG SUKI DESIGN,448.0,886.0099999999999,1.297,21.0,13.0
2010-11-21,22355,CHARLOTTE BAG SUKI DESIGN,464.0,754.14,1.1539795918367346,31.0,22.0
2010-11-28,22355,CHARLOTTE BAG SUKI DESIGN,801.0,1130.6299999999999,1.2516190476190476,21.0,13.0
2010-12-05,22355,CHARLOTTE BAG SUKI DESIGN,920.0,1475.9899999999998,1.2992261904761904,21.0,13.0
2010-12-12,22355,CHARLOTTE BAG SUKI DESIGN,1017.0,2221.74,1.4574047619047619,18.0,9.0
2010-12-19,22355,CHARLOTTE BAG SUKI DESIGN,462.0,743.81,1.1829999999999998,20.0,14.0
2010-12-26,22355,CHARLOTTE BAG SUKI DESIGN,567.0,970.25,2.055612244897959,15.0,5.0
2011-01-02,22355,CHARLOTTE BAG SUKI DESIGN,0.0,0.0,2.5100000000000002,0.0,0.0
2011-01-09,22355,CHARLOTTE BAG SUKI DESIGN,173.0,287.29999999999995,1.2977142857142856,12.0,9.0
2011-01-16,22355,CHARLOTTE BAG SUKI DESIGN,463.0,673.48,1.360642857142857,18.0,9.0
2011-01-23,22355,CHARLOTTE BAG SUKI DESIGN,191.0,402.71999999999997,1.4514285714285715,15.0,5.0
2011-01-30,22355,CHARLOTTE BAG SUKI DESIGN,457.0,620.53,1.0886904761904763,15.0,12.0
2011-02-06,22355,CHARLOTTE BAG SUKI DESIGN,148.0,335.78,1.937142857142857,6.0,2.0
2011-02-13,22355,CHARLOTTE BAG SUKI DESIGN,212.0,465.75,1.6775,7.0,3.0
2011-02-20,22355,CHARLOTTE BAG SUKI DESIGN,370.0,502.70000000000005,0.9447619047619048,17.0,15.0
2011-02-27,22355,CHARLOTTE BAG SUKI DESIGN,480.0,593.5699999999999,1.198095238095238,10.0,7.0
2011-03-06,22355,CHARLOTTE BAG SUKI DESIGN,68.0,63.26,1.2567142857142855,13.0,8.0
2011-03-13,22355,CHARLOTTE BAG SUKI DESIGN,418.0,876.8399999999999,1.3714285714285714,13.0,8.0
2011-03-20,22355,CHARLOTTE BAG SUKI DESIGN,334.0,387.09000000000003,1.4394217687074828,19.0,11.0
2011-03-27,22355,CHARLOTTE BAG SUKI DESIGN,344.0,348.40999999999997,1.0922619047619049,13.0,9.0
2011-04-03,22355,CHARLOTTE BAG SUKI DESIGN,534.0,986.54,1.0206428571428572,15.0,10.0
2011-04-10,22355,CHARLOTTE BAG SUKI DESIGN,184.0,365.65,1.2192857142857143,10.0,7.0
2011-04-17,22355,CHARLOTTE BAG SUKI DESIGN,227.0,400.64,1.2716666666666667,12.0,10.0
2011-04-24,22355,CHARLOTTE BAG SUKI DESIGN,279.0,308.15,1.1121984126984126,22.0,13.0
2011-05-01,22355,CHARLOTTE BAG SUKI DESIGN,179.0,246.2,0.9589693877551019,13.0,10.0
2011-05-08,22355,CHARLOTTE BAG SUKI DESIGN,173.0,270.87,1.0024149659863946,17.0,11.0
2011-05-15,22355,CHARLOTTE BAG SUKI DESIGN,578.0,680.77,1.6480272108843539,17.0,12.0
2011-05-22,22355,CHARLOTTE BAG SUKI DESIGN,247.0,312.11,0.9446428571428571,16.0,14.0
2011-05-29,22355,CHARLOTTE BAG SUKI DESIGN,354.0,526.8599999999999,1.0661224489795917,19.0,15.0
2011-06-05,22355,CHARLOTTE BAG SUKI DESIGN,152.0,161.4,0.9075,15.0,14.0
2011-06-12,22355,CHARLOTTE BAG SUKI DESIGN,243.0,442.23999999999995,1.2001190476190475,19.0,13.0
2011-06-19,22355,CHARLOTTE BAG SUKI DESIGN,405.0,481.59,1.098857142857143,19.0,15.0
2011-06-26,22355,CHARLOTTE BAG SUKI DESIGN,161.0,235.79,1.065357142857143,14.0,10.0
2011-07-03,22355,CHARLOTTE BAG SUKI DESIGN,316.0,444.59999999999997,0.964251700680272,18.0,14.0
2011-07-10,22355,CHARLOTTE BAG SUKI DESIGN,247.0,400.26,1.542,24.0,12.0
2011-07-17,22355,CHARLOTTE BAG SUKI DESIGN,194.0,295.93999999999994,1.116095238095238,17.0,12.0
2011-07-24,22355,CHARLOTTE BAG SUKI DESIGN,280.0,510.03999999999996,1.0782142857142858,15.0,10.0
2011-07-31,22355,CHARLOTTE BAG SUKI DESIGN,287.0,295.2,1.0508333333333333,18.0,12.0
2011-08-07,22355,CHARLOTTE BAG SUKI DESIGN,229.0,377.31,1.0282142857142857,17.0,13.0
2011-08-14,22355,CHARLOTTE BAG SUKI DESIGN,550.0,615.0999999999999,0.9663095238095237,18.0,14.0
2011-08-21,22355,CHARLOTTE BAG SUKI DESIGN,183.0,294.01,0.965,10.0,8.0
2011-08-28,22355,CHARLOTTE BAG SUKI DESIGN,432.0,677.76,1.143857142857143,20.0,17.0
2011-09-04,22355,CHARLOTTE BAG SUKI DESIGN,261.0,396.41999999999996,1.1459220779220778,19.0,5.0
2011-09-11,22355,CHARLOTTE BAG SUKI DESIGN,229.0,417.51,1.2669047619047618,18.0,13.0
2011-09-18,22355,CHARLOTTE BAG SUKI DESIGN,421.0,597.52,1.1004761904761904,23.0,14.0
2011-09-25,22355,CHARLOTTE BAG SUKI DESIGN,207.0,366.55999999999995,1.391190476190476,16.0,11.0
2011-10-02,22355,CHARLOTTE BAG SUKI DESIGN,170.0,260.27,1.4589285714285716,15.0,11.0
2011-10-09,22355,CHARLOTTE BAG SUKI DESIGN,364.0,600.64,1.2675,11.0,7.0
2011-10-16,22355,CHARLOTTE BAG SUKI DESIGN,281.0,481.71,1.1202142857142856,21.0,14.0
2011-10-23,22355,CHARLOTTE BAG SUKI DESIGN,316.0,555.81,1.4897142857142855,17.0,13.0
2011-10-30,22355,CHARLOTTE BAG SUKI DESIGN,535.0,687.76,1.4470918367346939,24.0,18.0
2011-11-06,22355,CHARLOTTE BAG SUKI DESIGN,274.0,509.47,1.1977380952380954,19.0,13.0
2011-11-13,22355,CHARLOTTE BAG SUKI DESIGN,470.0,711.47,1.0801785714285714,26.0,17.0
2011-11-20,22355,CHARLOTTE BAG SUKI DESIGN,441.0,896.52,1.2702857142857142,24.0,15.0
2011-11-27,22355,CHARLOTTE BAG SUKI DESIGN,671.0,1312.0900000000001,1.374625850340136,22.0,12.0
2011-12-04,22355,CHARLOTTE BAG SUKI DESIGN,712.0,1569.87,1.7248333333333332,19.0,10.0
2009-12-13,22386,JUMBO BAG PINK POLKADOT,0.0,0.0,1.8499999999999999,0.0,0.0
2009-12-20,22386,JUMBO BAG PINK POLKADOT,0.0,0.0,1.8499999999999999,0.0,0.0
2009-12-27,22386,JUMBO BAG PINK POLKADOT,0.0,0.0,1.8499999999999999,0.0,0.0
2010-01-03,22386,JUMBO BAG PINK POLKADOT,0.0,0.0,1.8499999999999999,0.0,0.0
2010-01-10,22386,JUMBO BAG PINK POLKADOT,0.0,0.0,1.8499999999999999,0.0,0.0
2010-01-17,22386,JUMBO BAG PINK POLKADOT,0.0,0.0,1.8499999999999999,0.0,0.0
2010-01-24,22386,JUMBO BAG PINK POLKADOT,0.0,0.0,1.8499999999999999,0.0,0.0
2010-01-31,22386,JUMBO BAG PINK POLKADOT,114.0,192.3,1.8499999999999999,3.0,3.0
2010-02-07,22386,JUMBO BAG PINK POLKADOT,338.0,601.36,1.9774285714285713,18.0,17.0
2010-02-14,22386,JUMBO BAG PINK POLKADOT,314.0,613.9399999999999,2.7383333333333333,28.0,23.0
2010-02-21,22386,JUMBO BAG PINK POLKADOT,720.0,1244.34,2.4908571428571427,24.0,19.0
2010-02-28,22386,JUMBO BAG PINK POLKADOT,551.0,978.45,1.9339285714285714,32.0,31.0
2010-03-07,22386,JUMBO BAG PINK POLKADOT,306.0,578.0,1.910408163265306,24.0,23.0
2010-03-14,22386,JUMBO BAG PINK POLKADOT,405.0,715.57,2.6124761904761904,22.0,16.0
2010-03-21,22386,JUMBO BAG PINK POLKADOT,179.0,351.31,2.0576190476190477,17.0,15.0
2010-03-28,22386,JUMBO BAG PINK POLKADOT,467.0,852.91,2.1566666666666667,28.0,27.0
2010-04-04,22386,JUMBO BAG PINK POLKADOT,331.0,858.61,1.974421768707483,16.0,13.0
2010-04-11,22386,JUMBO BAG PINK POLKADOT,164.0,294.32,1.9914285714285713,6.0,5.0
2010-04-18,22386,JUMBO BAG PINK POLKADOT,218.0,395.1,1.9357142857142855,17.0,16.0
2010-04-25,22386,JUMBO BAG PINK POLKADOT,248.0,494.16,2.1060714285714286,28.0,23.0
2010-05-02,22386,JUMBO BAG PINK POLKADOT,386.0,677.96,2.149523809523809,26.0,25.0
2010-05-09,22386,JUMBO BAG PINK POLKADOT,751.0,1283.75,2.0192176870748297,23.0,20.0
2010-05-16,22386,JUMBO BAG PINK POLKADOT,300.0,559.52,2.1509523809523805,24.0,21.0
2010-05-23,22386,JUMBO BAG PINK POLKADOT,512.0,812.92,2.3434285714285714,18.0,16.0
2010-05-30,22386,JUMBO BAG PINK POLKADOT,279.0,536.65,2.2406349206349208,24.0,21.0
2010-06-06,22386,JUMBO BAG PINK POLKADOT,236.0,455.06,2.4881428571428574,19.0,15.0
2010-06-13,22386,JUMBO BAG PINK POLKADOT,429.0,773.59,1.9717142857142858,27.0,25.0
2010-06-20,22386,JUMBO BAG PINK POLKADOT,362.0,650.4200000000001,2.023690476190476,24.0,22.0
2010-06-27,22386,JUMBO BAG PINK POLKADOT,460.0,864.12,2.180047619047619,23.0,19.0
2010-07-04,22386,JUMBO BAG PINK POLKADOT,598.0,1085.14,2.0385396825396827,27.0,25.0
2010-07-11,22386,JUMBO BAG PINK POLKADOT,331.0,601.27,2.412857142857143,18.0,15.0
2010-07-18,22386,JUMBO BAG PINK POLKADOT,240.0,442.52000000000004,2.097142857142857,22.0,21.0
2010-07-25,22386,JUMBO BAG PINK POLKADOT,729.0,1278.33,1.9948299319727891,28.0,26.0
2010-08-01,22386,JUMBO BAG PINK POLKADOT,171.0,340.23,1.9903571428571427,20.0,19.0
2010-08-08,22386,JUMBO BAG PINK POLKADOT,354.0,655.0799999999999,2.024387755102041,24.0,22.0
2010-08-15,22386,JUMBO BAG PINK POLKADOT,460.0,1172.57,2.5075,28.0,22.0
2010-08-22,22386,JUMBO BAG PINK POLKADOT,677.0,1183.71,2.2483333333333335,26.0,22.0
2010-08-29,22386,JUMBO BAG PINK POLKADOT,338.0,661.36,1.9903571428571427,27.0,25.0
2010-09-05,22386,JUMBO BAG PINK POLKADOT,652.0,1161.55,2.3452142857142855,26.0,20.0
2010-09-12,22386,JUMBO BAG PINK POLKADOT,617.0,1098.97,2.2452380952380953,30.0,27.0
2010-09-19,22386,JUMBO BAG PINK POLKADOT,305.0,576.05,2.3698095238095234,23.0,19.0
2010-09-26,22386,JUMBO BAG PINK POLKADOT,354.0,634.82,1.9878571428571428,25.0,24.0
2010-10-03,22386,JUMBO BAG PINK POLKADOT,518.0,981.74,2.1423809523809525,30.0,25.0
2010-10-10,22386,JUMBO BAG PINK POLKADOT,258.0,479.88,2.359047619047619,23.0,20.0
2010-10-17,22386,JUMBO BAG PINK POLKADOT,917.0,1580.41,1.9752380952380952,24.0,23.0
2010-10-24,22386,JUMBO BAG PINK POLKADOT,144.0,315.84,3.188333333333333,22.0,14.0
2010-10-31,22386,JUMBO BAG PINK POLKADOT,137.0,265.89,2.6407142857142856,12.0,9.0
2010-11-07,22386,JUMBO BAG PINK POLKADOT,347.0,646.03,2.170901360544218,24.0,21.0
2010-11-14,22386,JUMBO BAG PINK POLKADOT,659.0,1549.3799999999999,2.3269712430426712,33.0,27.0
2010-11-21,22386,JUMBO BAG PINK POLKADOT,699.0,1627.75,2.5338503401360546,31.0,24.0
2010-11-28,22386,JUMBO BAG PINK POLKADOT,273.0,520.16,2.17843537414966,25.0,22.0
2010-12-05,22386,JUMBO BAG PINK POLKADOT,370.0,759.34,2.787428571428571,23.0,17.0
2010-12-12,22386,JUMBO BAG PINK POLKADOT,535.0,1012.0100000000001,3.2588095238095236,23.0,12.0
2010-12-19,22386,JUMBO BAG PINK POLKADOT,107.0,219.95,2.2728571428571427,13.0,11.0
2010-12-26,22386,JUMBO BAG PINK POLKADOT,9.0,45.54,4.615714285714285,5.0,0.0
2011-01-02,22386,JUMBO BAG PINK POLKADOT,0.0,0.0,5.06,0.0,0.0
2011-01-09,22386,JUMBO BAG PINK POLKADOT,543.0,947.89,2.4634285714285715,16.0,15.0
2011-01-16,22386,JUMBO BAG PINK POLKADOT,323.0,648.87,2.796071428571428,18.0,11.0
2011-01-23,22386,JUMBO BAG PINK POLKADOT,73.0,193.63,3.25647619047619,19.0,8.0
2011-01-30,22386,JUMBO BAG PINK POLKADOT,199.0,405.21,2.320952380952381,21.0,15.0
2011-02-06,22386,JUMBO BAG PINK POLKADOT,225.0,443.63,2.8102857142857145,18.0,12.0
2011-02-13,22386,JUMBO BAG PINK POLKADOT,95.0,204.87,2.3911904761904763,16.0,9.0
2011-02-20,22386,JUMBO BAG PINK POLKADOT,409.0,755.51,2.356785714285714,18.0,9.0
2011-02-27,22386,JUMBO BAG PINK POLKADOT,260.0,462.26,2.156285714285714,11.0,7.0
2011-03-06,22386,JUMBO BAG PINK POLKADOT,174.0,348.02,2.0389795918367346,19.0,17.0
2011-03-13,22386,JUMBO BAG PINK POLKADOT,374.0,704.18,2.0877857142857144,25.0,19.0
2011-03-20,22386,JUMBO BAG PINK POLKADOT,1083.0,1917.87,2.581904761904762,23.0,13.0
2011-03-27,22386,JUMBO BAG PINK POLKADOT,586.0,1064.12,2.2597959183673466,25.0,16.0
2011-04-03,22386,JUMBO BAG PINK POLKADOT,675.0,1212.61,2.514047619047619,26.0,17.0
2011-04-10,22386,JUMBO BAG PINK POLKADOT,125.0,271.75,2.4,15.0,13.0
2011-04-17,22386,JUMBO BAG PINK POLKADOT,119.0,280.32000000000005,2.833061224489796,24.0,12.0
2011-04-24,22386,JUMBO BAG PINK POLKADOT,155.0,340.85,2.328928571428572,19.0,15.0
2011-05-01,22386,JUMBO BAG PINK POLKADOT,282.0,578.91,2.5401071428571425,20.0,11.0
2011-05-08,22386,JUMBO BAG PINK POLKADOT,154.0,323.12,2.2352721088435374,19.0,15.0
2011-05-15,22386,JUMBO BAG PINK POLKADOT,401.0,843.73,2.5618932573029207,38.0,19.0
2011-05-22,22386,JUMBO BAG PINK POLKADOT,179.0,440.71999999999997,2.5235544217687074,25.0,15.0
2011-05-29,22386,JUMBO BAG PINK POLKADOT,560.0,1093.8999999999999,2.576468253968254,28.0,20.0
2011-06-05,22386,JUMBO BAG PINK POLKADOT,410.0,774.0,2.277083333333333,20.0,16.0
2011-06-12,22386,JUMBO BAG PINK POLKADOT,478.0,1005.04,2.6735952380952384,41.0,25.0
2011-06-19,22386,JUMBO BAG PINK POLKADOT,243.0,505.24,2.5655102040816327,22.0,15.0
2011-06-26,22386,JUMBO BAG PINK POLKADOT,611.0,1185.63,2.326688311688312,28.0,20.0
2011-07-03,22386,JUMBO BAG PINK POLKADOT,456.0,907.83,2.726122448979592,25.0,15.0
2011-07-10,22386,JUMBO BAG PINK POLKADOT,454.0,939.32,3.054704343275772,31.0,13.0
2011-07-17,22386,JUMBO BAG PINK POLKADOT,315.0,636.1500000000001,2.4629761904761907,20.0,15.0
2011-07-24,22386,JUMBO BAG PINK POLKADOT,307.0,641.86,2.340357142857143,32.0,22.0
2011-07-31,22386,JUMBO BAG PINK POLKADOT,403.0,781.3900000000001,2.1097619047619047,26.0,20.0
2011-08-07,22386,JUMBO BAG PINK POLKADOT,382.0,741.81,2.2586666666666666,24.0,21.0
2011-08-14,22386,JUMBO BAG PINK POLKADOT,551.0,1276.68,2.647074829931973,30.0,24.0
2011-08-21,22386,JUMBO BAG PINK POLKADOT,586.0,1143.98,2.1036785714285715,23.0,22.0
2011-08-28,22386,JUMBO BAG PINK POLKADOT,619.0,1232.22,2.265357142857143,23.0,21.0
2011-09-04,22386,JUMBO BAG PINK POLKADOT,248.0,573.29,2.6554931972789118,25.0,15.0
2011-09-11,22386,JUMBO BAG PINK POLKADOT,657.0,1326.41,2.4415419501133786,36.0,32.0
2011-09-18,22386,JUMBO BAG PINK POLKADOT,478.0,985.14,2.329761904761905,22.0,18.0
2011-09-25,22386,JUMBO BAG PINK POLKADOT,809.0,1576.1200000000001,2.4838061224489794,28.0,22.0
2011-10-02,22386,JUMBO BAG PINK POLKADOT,665.0,1263.25,2.470928571428572,23.0,19.0
2011-10-09,22386,JUMBO BAG PINK POLKADOT,1649.0,3027.97,2.182959183673469,29.0,26.0
2011-10-16,22386,JUMBO BAG PINK POLKADOT,437.0,850.91,2.2889761904761907,22.0,18.0
2011-10-23,22386,JUMBO BAG PINK POLKADOT,334.0,669.52,2.2135374149659865,18.0,16.0
2011-10-30,22386,JUMBO BAG PINK POLKADOT,743.0,1422.69,2.227551020408163,23.0,18.0
2011-11-06,22386,JUMBO BAG PINK POLKADOT,313.0,683.0400000000001,2.451488095238095,25.0,19.0
2011-11-13,22386,JUMBO BAG PINK POLKADOT,516.0,1070.33,2.616547619047619,30.0,22.0
2011-11-20,22386,JUMBO BAG PINK POLKADOT,522.0,1035.76,2.3186507936507934,32.0,27.0
2011-11-27,22386,JUMBO BAG PINK POLKADOT,253.0,562.84,2.4978333333333333,25.0,20.0
2011-12-04,22386,JUMBO BAG PINK POLKADOT,436.0,862.9300000000001,2.6686666666666667,23.0,14.0
2009-12-13,22411,JUMBO SHOPPER VINTAGE RED PAISLEY,0.0,0.0,1.7999999999999996,0.0,0.0
2009-12-20,22411,JUMBO SHOPPER VINTAGE RED PAISLEY,0.0,0.0,1.7999999999999996,0.0,0.0
2009-12-27,22411,JUMBO SHOPPER VINTAGE RED PAISLEY,0.0,0.0,1.7999999999999996,0.0,0.0
2010-01-03,22411,JUMBO SHOPPER VINTAGE RED PAISLEY,0.0,0.0,1.7999999999999996,0.0,0.0
2010-01-10,22411,JUMBO SHOPPER VINTAGE RED PAISLEY,0.0,0.0,1.7999999999999996,0.0,0.0
2010-01-17,22411,JUMBO SHOPPER VINTAGE RED PAISLEY,0.0,0.0,1.7999999999999996,0.0,0.0
2010-01-24,22411,JUMBO SHOPPER VINTAGE RED PAISLEY,0.0,0.0,1.7999999999999996,0.0,0.0
2010-01-31,22411,JUMBO SHOPPER VINTAGE RED PAISLEY,310.0,514.5,1.7785714285714285,4.0,4.0
2010-02-07,22411,JUMBO SHOPPER VINTAGE RED PAISLEY,224.0,411.32,1.9878571428571428,17.0,14.0
2010-02-14,22411,JUMBO SHOPPER VINTAGE RED PAISLEY,134.0,277.12,2.488095238095238,15.0,12.0
2010-02-21,22411,JUMBO SHOPPER VINTAGE RED PAISLEY,624.0,1110.36,2.3088571428571427,29.0,26.0
2010-02-28,22411,JUMBO SHOPPER VINTAGE RED PAISLEY,419.0,744.3100000000001,1.9867142857142857,24.0,22.0
2010-03-07,22411,JUMBO SHOPPER VINTAGE RED PAISLEY,223.0,434.85,1.95,25.0,25.0
2010-03-14,22411,JUMBO SHOPPER VINTAGE RED PAISLEY,219.0,412.87,2.3777210884353743,22.0,17.0
2010-03-21,22411,JUMBO SHOPPER VINTAGE RED PAISLEY,347.0,616.65,1.9128571428571426,20.0,19.0
2010-03-28,22411,JUMBO SHOPPER VINTAGE RED PAISLEY,372.0,672.1800000000001,2.254047619047619,25.0,22.0
2010-04-04,22411,JUMBO SHOPPER VINTAGE RED PAISLEY,102.0,199.68,2.158095238095238,15.0,13.0
2010-04-11,22411,JUMBO SHOPPER VINTAGE RED PAISLEY,384.0,693.32,2.116904761904762,18.0,16.0
2010-04-18,22411,JUMBO SHOPPER VINTAGE RED PAISLEY,296.0,517.2,1.9285714285714286,15.0,15.0
2010-04-25,22411,JUMBO SHOPPER VINTAGE RED PAISLEY,183.0,370.41,2.1356428571428574,23.0,19.0
2010-05-02,22411,JUMBO SHOPPER VINTAGE RED PAISLEY,303.0,563.11,2.046904761904762,27.0,23.0
2010-05-09,22411,JUMBO SHOPPER VINTAGE RED PAISLEY,309.0,567.33,2.0685714285714285,22.0,18.0
2010-05-16,22411,JUMBO SHOPPER VINTAGE RED PAISLEY,378.0,677.1,1.907142857142857,22.0,22.0
2010-05-23,22411,JUMBO SHOPPER VINTAGE RED PAISLEY,98.0,195.62,2.0576190476190477,18.0,17.0
2010-05-30,22411,JUMBO SHOPPER VINTAGE RED PAISLEY,366.0,690.48,2.1913095238095237,31.0,27.0
2010-06-06,22411,JUMBO SHOPPER VINTAGE RED PAISLEY,88.0,187.42000000000002,2.6226190476190476,16.0,12.0
2010-06-13,22411,JUMBO SHOPPER VINTAGE RED PAISLEY,248.0,485.86,2.165238095238095,29.0,27.0
2010-06-20,22411,JUMBO SHOPPER VINTAGE RED PAISLEY,131.0,271.27,2.0606938775510204,19.0,17.0
2010-06-27,22411,JUMBO SHOPPER VINTAGE RED PAISLEY,250.0,476.43,2.491642857142857,21.0,15.0
2010-07-04,22411,JUMBO SHOPPER VINTAGE RED PAISLEY,395.0,717.03,2.02,18.0,17.0
2010-07-11,22411,JUMBO SHOPPER VINTAGE RED PAISLEY,711.0,1215.49,2.148190476190476,19.0,16.0
2010-07-18,22411,JUMBO SHOPPER VINTAGE RED PAISLEY,357.0,636.15,1.9357142857142855,19.0,17.0
2010-07-25,22411,JUMBO SHOPPER VINTAGE RED PAISLEY,448.0,792.64,2.2945238095238096,21.0,18.0
2010-08-01,22411,JUMBO SHOPPER VINTAGE RED PAISLEY,156.0,317.76,2.0934920634920635,24.0,19.0
2010-08-08,22411,JUMBO SHOPPER VINTAGE RED PAISLEY,387.0,720.91,1.999095238095238,25.0,24.0
2010-08-15,22411,JUMBO SHOPPER VINTAGE RED PAISLEY,262.0,627.63,2.5091156462585036,23.0,18.0
2010-08-22,22411,JUMBO SHOPPER VINTAGE RED PAISLEY,356.0,640.98,2.176190476190476,16.0,14.0
2010-08-29,22411,JUMBO SHOPPER VINTAGE RED PAISLEY,266.0,525.48,2.3266666666666667,24.0,22.0
2010-09-05,22411,JUMBO SHOPPER VINTAGE RED PAISLEY,433.0,893.53,2.045654761904762,26.0,22.0
2010-09-12,22411,JUMBO SHOPPER VINTAGE RED PAISLEY,509.0,943.85,2.1006938775510204,31.0,28.0
2010-09-19,22411,JUMBO SHOPPER VINTAGE RED PAISLEY,241.0,485.77,2.337428571428571,25.0,21.0
2010-09-26,22411,JUMBO SHOPPER VINTAGE RED PAISLEY,552.0,993.18,2.1303571428571426,25.0,22.0
2010-10-03,22411,JUMBO SHOPPER VINTAGE RED PAISLEY,372.0,717.38,2.0820238095238093,29.0,25.0
2010-10-10,22411,JUMBO SHOPPER VINTAGE RED PAISLEY,196.0,440.96000000000004,2.488095238095238,20.0,17.0
2010-10-17,22411,JUMBO SHOPPER VINTAGE RED PAISLEY,629.0,1160.79,2.1112755102040817,34.0,31.0
2010-10-24,22411,JUMBO SHOPPER VINTAGE RED PAISLEY,365.0,710.51,2.746428571428571,24.0,21.0
2010-10-31,22411,JUMBO SHOPPER VINTAGE RED PAISLEY,182.0,418.96000000000004,2.274714285714286,20.0,17.0
2010-11-07,22411,JUMBO SHOPPER VINTAGE RED PAISLEY,366.0,658.22,2.016952380952381,28.0,24.0
2010-11-14,22411,JUMBO SHOPPER VINTAGE RED PAISLEY,688.0,1765.94,2.5448717948717947,28.0,22.0
2010-11-21,22411,JUMBO SHOPPER VINTAGE RED PAISLEY,507.0,1464.41,2.2947278911564624,40.0,35.0
2010-11-28,22411,JUMBO SHOPPER VINTAGE RED PAISLEY,266.0,626.56,2.4020272108843534,31.0,24.0
2010-12-05,22411,JUMBO SHOPPER VINTAGE RED PAISLEY,427.0,966.93,2.3020820449391874,34.0,18.0
2010-12-12,22411,JUMBO SHOPPER VINTAGE RED PAISLEY,502.0,1131.34,2.585,20.0,13.0
2010-12-19,22411,JUMBO SHOPPER VINTAGE RED PAISLEY,244.0,484.21999999999997,2.5665986394557825,23.0,17.0
2010-12-26,22411,JUMBO SHOPPER VINTAGE RED PAISLEY,57.0,192.51,2.703333333333333,5.0,3.0
2011-01-02,22411,JUMBO SHOPPER VINTAGE RED PAISLEY,0.0,0.0,2.703333333333333,0.0,0.0
2011-01-09,22411,JUMBO SHOPPER VINTAGE RED PAISLEY,108.0,298.73999999999995,3.2414285714285715,12.0,8.0
2011-01-16,22411,JUMBO SHOPPER VINTAGE RED PAISLEY,168.0,541.4,3.057142857142857,12.0,6.0
2011-01-23,22411,JUMBO SHOPPER VINTAGE RED PAISLEY,106.0,353.78,2.9695,16.0,9.0
2011-01-30,22411,JUMBO SHOPPER VINTAGE RED PAISLEY,136.0,364.24,3.4807823129251703,14.0,8.0
2011-02-06,22411,JUMBO SHOPPER VINTAGE RED PAISLEY,114.0,289.88,2.680374149659864,19.0,11.0
2011-02-13,22411,JUMBO SHOPPER VINTAGE RED PAISLEY,113.0,277.03000000000003,2.394897959183673,16.0,9.0
2011-02-20,22411,JUMBO SHOPPER VINTAGE RED PAISLEY,182.0,372.82,2.374047619047619,17.0,9.0
2011-02-27,22411,JUMBO SHOPPER VINTAGE RED PAISLEY,198.0,380.08,2.3742857142857146,17.0,12.0
2011-03-06,22411,JUMBO SHOPPER VINTAGE RED PAISLEY,134.0,272.2,2.1783809523809525,19.0,16.0
2011-03-13,22411,JUMBO SHOPPER VINTAGE RED PAISLEY,135.0,306.85,2.2243537414965986,19.0,13.0
2011-03-20,22411,JUMBO SHOPPER VINTAGE RED PAISLEY,244.0,526.1800000000001,2.449251700680272,22.0,12.0
2011-03-27,22411,JUMBO SHOPPER VINTAGE RED PAISLEY,345.0,673.79,2.300952380952381,24.0,16.0
2011-04-03,22411,JUMBO SHOPPER VINTAGE RED PAISLEY,301.0,647.51,2.6925,29.0,16.0
2011-04-10,22411,JUMBO SHOPPER VINTAGE RED PAISLEY,53.0,123.29,2.6595238095238094,14.0,12.0
2011-04-17,22411,JUMBO SHOPPER VINTAGE RED PAISLEY,155.0,422.85,2.823406593406593,23.0,12.0
2011-04-24,22411,JUMBO SHOPPER VINTAGE RED PAISLEY,235.0,478.25,2.7916326530612245,19.0,13.0
2011-05-01,22411,JUMBO SHOPPER VINTAGE RED PAISLEY,162.0,391.01,2.4192142857142858,17.0,9.0
2011-05-08,22411,JUMBO SHOPPER VINTAGE RED PAISLEY,169.0,357.67,2.236190476190476,21.0,18.0
2011-05-15,22411,JUMBO SHOPPER VINTAGE RED PAISLEY,525.0,1255.8500000000001,2.5166666666666666,43.0,18.0
2011-05-22,22411,JUMBO SHOPPER VINTAGE RED PAISLEY,404.0,873.2700000000001,2.3987142857142856,28.0,19.0
2011-05-29,22411,JUMBO SHOPPER VINTAGE RED PAISLEY,338.0,749.59,2.9383673469387754,27.0,15.0
2011-06-05,22411,JUMBO SHOPPER VINTAGE RED PAISLEY,85.0,209.60000000000002,2.6169047619047623,17.0,10.0
2011-06-12,22411,JUMBO SHOPPER VINTAGE RED PAISLEY,188.0,552.99,3.1314965986394556,33.0,15.0
2011-06-19,22411,JUMBO SHOPPER VINTAGE RED PAISLEY,144.0,354.87,2.6169047619047623,21.0,12.0
2011-06-26,22411,JUMBO SHOPPER VINTAGE RED PAISLEY,231.0,519.13,2.440892857142857,22.0,12.0
2011-07-03,22411,JUMBO SHOPPER VINTAGE RED PAISLEY,289.0,625.12,2.8189285714285717,19.0,9.0
2011-07-10,22411,JUMBO SHOPPER VINTAGE RED PAISLEY,198.0,588.14,3.0289965986394556,35.0,14.0
2011-07-17,22411,JUMBO SHOPPER VINTAGE RED PAISLEY,93.0,240.59,2.568095238095238,14.0,8.0
2011-07-24,22411,JUMBO SHOPPER VINTAGE RED PAISLEY,315.0,698.6500000000001,2.444591836734694,25.0,15.0
2011-07-31,22411,JUMBO SHOPPER VINTAGE RED PAISLEY,118.0,255.69000000000003,2.397261904761905,21.0,14.0
2011-08-07,22411,JUMBO SHOPPER VINTAGE RED PAISLEY,410.0,809.15,2.396190476190476,30.0,26.0
2011-08-14,22411,JUMBO SHOPPER VINTAGE RED PAISLEY,239.0,593.17,2.345047619047619,17.0,13.0
2011-08-21,22411,JUMBO SHOPPER VINTAGE RED PAISLEY,363.0,726.0400000000001,2.074081632653061,24.0,24.0
2011-08-28,22411,JUMBO SHOPPER VINTAGE RED PAISLEY,312.0,700.01,2.190238095238095,22.0,20.0
2011-09-04,22411,JUMBO SHOPPER VINTAGE RED PAISLEY,155.0,400.65000000000003,2.831071428571429,23.0,15.0
2011-09-11,22411,JUMBO SHOPPER VINTAGE RED PAISLEY,284.0,653.97,2.471952380952381,23.0,19.0
2011-09-18,22411,JUMBO SHOPPER VINTAGE RED PAISLEY,335.0,776.4499999999999,2.363373015873016,27.0,22.0
2011-09-25,22411,JUMBO SHOPPER VINTAGE RED PAISLEY,552.0,1194.76,2.520404761904762,22.0,17.0
2011-10-02,22411,JUMBO SHOPPER VINTAGE RED PAISLEY,489.0,1039.12,2.4428231292517006,25.0,18.0
2011-10-09,22411,JUMBO SHOPPER VINTAGE RED PAISLEY,213.0,419.69,2.3625000000000003,18.0,15.0
2011-10-16,22411,JUMBO SHOPPER VINTAGE RED PAISLEY,250.0,558.65,2.504047619047619,22.0,17.0
2011-10-23,22411,JUMBO SHOPPER VINTAGE RED PAISLEY,91.0,277.42999999999995,2.531488095238095,17.0,12.0
2011-10-30,22411,JUMBO SHOPPER VINTAGE RED PAISLEY,156.0,385.98,2.519285714285714,20.0,17.0
2011-11-06,22411,JUMBO SHOPPER VINTAGE RED PAISLEY,91.0,259.33,2.8052380952380953,17.0,11.0
2011-11-13,22411,JUMBO SHOPPER VINTAGE RED PAISLEY,627.0,1292.71,2.2534353741496598,39.0,33.0
2011-11-20,22411,JUMBO SHOPPER VINTAGE RED PAISLEY,290.0,633.6500000000001,2.5081606488749344,33.0,27.0
2011-11-27,22411,JUMBO SHOPPER VINTAGE RED PAISLEY,356.0,772.6800000000001,2.8597619047619043,27.0,18.0
2011-12-04,22411,JUMBO SHOPPER VINTAGE RED PAISLEY,340.0,716.65,2.5539764996907857,33.0,23.0
2009-12-13,22423,REGENCY CAKESTAND 3 TIER,0.0,0.0,12.75,0.0,0.0
2009-12-20,22423,REGENCY CAKESTAND 3 TIER,0.0,0.0,12.75,0.0,0.0
2009-12-27,22423,REGENCY CAKESTAND 3 TIER,0.0,0.0,12.75,0.0,0.0
2010-01-03,22423,REGENCY CAKESTAND 3 TIER,0.0,0.0,12.75,0.0,0.0
2010-01-10,22423,REGENCY CAKESTAND 3 TIER,0.0,0.0,12.75,0.0,0.0
2010-01-17,22423,REGENCY CAKESTAND 3 TIER,0.0,0.0,12.75,0.0,0.0
2010-01-24,22423,REGENCY CAKESTAND 3 TIER,0.0,0.0,12.75,0.0,0.0
2010-01-31,22423,REGENCY CAKESTAND 3 TIER,0.0,0.0,12.75,0.0,0.0
2010-02-07,22423,REGENCY CAKESTAND 3 TIER,0.0,0.0,12.75,0.0,0.0
2010-02-14,22423,REGENCY CAKESTAND 3 TIER,0.0,0.0,12.75,0.0,0.0
2010-02-21,22423,REGENCY CAKESTAND 3 TIER,0.0,0.0,12.75,0.0,0.0
2010-02-28,22423,REGENCY CAKESTAND 3 TIER,0.0,0.0,12.75,0.0,0.0
2010-03-07,22423,REGENCY CAKESTAND 3 TIER,0.0,0.0,12.75,0.0,0.0
2010-03-14,22423,REGENCY CAKESTAND 3 TIER,0.0,0.0,12.75,0.0,0.0
2010-03-21,22423,REGENCY CAKESTAND 3 TIER,200.0,2511.24,13.516178932178931,41.0,38.0
2010-03-28,22423,REGENCY CAKESTAND 3 TIER,423.0,4966.25,13.791420634920636,54.0,46.0
2010-04-04,22423,REGENCY CAKESTAND 3 TIER,187.0,3107.77,13.746677386105958,44.0,36.0
2010-04-11,22423,REGENCY CAKESTAND 3 TIER,231.0,2811.79,15.46825912183055,41.0,33.0
2010-04-18,22423,REGENCY CAKESTAND 3 TIER,296.0,3457.2,12.493076923076924,53.0,52.0
2010-04-25,22423,REGENCY CAKESTAND 3 TIER,355.0,4443.21,14.183372448979593,59.0,48.0
2010-05-02,22423,REGENCY CAKESTAND 3 TIER,280.0,3578.34,14.103116883116883,70.0,55.0
2010-05-09,22423,REGENCY CAKESTAND 3 TIER,311.0,3730.99,13.528355342136853,58.0,47.0
2010-05-16,22423,REGENCY CAKESTAND 3 TIER,132.0,1647.56,15.038857142857141,39.0,34.0
2010-05-23,22423,REGENCY CAKESTAND 3 TIER,28.0,407.96,20.029999999999998,11.0,9.0
2010-05-30,22423,REGENCY CAKESTAND 3 TIER,15.0,383.27000000000004,25.497301587301585,12.0,0.0
2010-06-06,22423,REGENCY CAKESTAND 3 TIER,93.0,1290.45,20.90111111111111,20.0,13.0
2010-06-13,22423,REGENCY CAKESTAND 3 TIER,458.0,5517.46,13.88278879015721,74.0,63.0
2010-06-20,22423,REGENCY CAKESTAND 3 TIER,449.0,5198.049999999999,13.125194963766392,52.0,46.0
2010-06-27,22423,REGENCY CAKESTAND 3 TIER,178.0,2456.3199999999997,15.162460317460317,53.0,38.0
2010-07-04,22423,REGENCY CAKESTAND 3 TIER,391.0,4554.09,13.475492063492064,59.0,53.0
2010-07-11,22423,REGENCY CAKESTAND 3 TIER,176.0,2342.06,15.223420634920634,44.0,31.0
2010-07-18,22423,REGENCY CAKESTAND 3 TIER,160.0,2123.1,14.786142857142858,36.0,28.0
2010-07-25,22423,REGENCY CAKESTAND 3 TIER,456.0,5645.679999999999,14.787826839826838,68.0,50.0
2010-08-01,22423,REGENCY CAKESTAND 3 TIER,581.0,6806.85,13.905294117647058,60.0,53.0
2010-08-08,22423,REGENCY CAKESTAND 3 TIER,296.0,3665.4799999999996,14.073357142857143,43.0,34.0
2010-08-15,22423,REGENCY CAKESTAND 3 TIER,227.0,3058.79,14.43583261183261,43.0,33.0
2010-08-22,22423,REGENCY CAKESTAND 3 TIER,196.0,2446.96,14.811261183261182,38.0,30.0
2010-08-29,22423,REGENCY CAKESTAND 3 TIER,263.0,3265.21,14.880940476190474,57.0,48.0
2010-09-05,22423,REGENCY CAKESTAND 3 TIER,449.0,5262.869999999999,13.786468253968254,33.0,26.0
2010-09-12,22423,REGENCY CAKESTAND 3 TIER,300.0,3750.2599999999998,14.09909523809524,48.0,40.0
2010-09-19,22423,REGENCY CAKESTAND 3 TIER,380.0,4493.62,13.249754578754578,53.0,47.0
2010-09-26,22423,REGENCY CAKESTAND 3 TIER,624.0,7503.0,14.45176479076479,58.0,45.0
2010-10-03,22423,REGENCY CAKESTAND 3 TIER,429.0,5319.6900000000005,14.649336913712855,84.0,64.0
2010-10-10,22423,REGENCY CAKESTAND 3 TIER,507.0,6009.01,14.245985594237695,67.0,56.0
2010-10-17,22423,REGENCY CAKESTAND 3 TIER,330.0,4291.639999999999,14.831400432900434,61.0,49.0
2010-10-24,22423,REGENCY CAKESTAND 3 TIER,387.0,4843.45,13.490729984301412,60.0,56.0
2010-10-31,22423,REGENCY CAKESTAND 3 TIER,642.0,7558.579999999999,13.75749973835688,54.0,48.0
2010-11-07,22423,REGENCY CAKESTAND 3 TIER,247.0,3004.43,13.474563492063492,54.0,47.0
2010-11-14,22423,REGENCY CAKESTAND 3 TIER,572.0,7716.36,15.12685394157663,69.0,56.0
2010-11-21,22423,REGENCY CAKESTAND 3 TIER,573.0,7144.929999999999,13.69526862026862,62.0,55.0
2010-11-28,22423,REGENCY CAKESTAND 3 TIER,511.0,6552.99,14.737353896103896,69.0,60.0
2010-12-05,22423,REGENCY CAKESTAND 3 TIER,1551.0,19168.52,13.476165520753755,70.0,60.0
2010-12-12,22423,REGENCY CAKESTAND 3 TIER,1287.0,16663.62,14.1315086996337,61.0,47.0
2010-12-19,22423,REGENCY CAKESTAND 3 TIER,442.0,5919.719999999999,14.442806431663573,49.0,41.0
2010-12-26,22423,REGENCY CAKESTAND 3 TIER,178.0,3329.6999999999994,17.63489795918367,21.0,13.0
2011-01-02,22423,REGENCY CAKESTAND 3 TIER,0.0,0.0,19.119999999999997,0.0,0.0
2011-01-09,22423,REGENCY CAKESTAND 3 TIER,251.0,3033.0099999999998,14.116948051948052,31.0,27.0
2011-01-16,22423,REGENCY CAKESTAND 3 TIER,407.0,4919.5599999999995,13.72390476190476,31.0,27.0
2011-01-23,22423,REGENCY CAKESTAND 3 TIER,139.0,1823.6100000000001,13.488928571428572,24.0,17.0
2011-01-30,22423,REGENCY CAKESTAND 3 TIER,231.0,2873.58,14.006428571428572,40.0,33.0
2011-02-06,22423,REGENCY CAKESTAND 3 TIER,150.0,1890.6,14.313666666666666,33.0,27.0
2011-02-13,22423,REGENCY CAKESTAND 3 TIER,139.0,1860.24,15.561551020408162,29.0,22.0
2011-02-20,22423,REGENCY CAKESTAND 3 TIER,400.0,4651.74,13.558147959183673,33.0,29.0
2011-02-27,22423,REGENCY CAKESTAND 3 TIER,204.0,2529.33,13.380489795918367,33.0,30.0
2011-03-06,22423,REGENCY CAKESTAND 3 TIER,349.0,4096.8,13.677206959706961,45.0,38.0
2011-03-13,22423,REGENCY CAKESTAND 3 TIER,190.0,2616.0,14.319183673469386,31.0,25.0
2011-03-20,22423,REGENCY CAKESTAND 3 TIER,308.0,3740.45,13.876944444444446,39.0,34.0
2011-03-27,22423,REGENCY CAKESTAND 3 TIER,329.0,4451.82,13.727274725274725,50.0,42.0
2011-04-03,22423,REGENCY CAKESTAND 3 TIER,334.0,4189.3,13.169255922648778,47.0,41.0
2011-04-10,22423,REGENCY CAKESTAND 3 TIER,282.0,3655.95,13.109764705882354,54.0,50.0
2011-04-17,22423,REGENCY CAKESTAND 3 TIER,366.0,4422.03,13.25701530612245,50.0,45.0
2011-04-24,22423,REGENCY CAKESTAND 3 TIER,186.0,2500.5,14.176301020408163,42.0,34.0
2011-05-01,22423,REGENCY CAKESTAND 3 TIER,325.0,3804.27,12.986173469387754,25.0,22.0
2011-05-08,22423,REGENCY CAKESTAND 3 TIER,171.0,2115.3,13.759604681033252,44.0,40.0
2011-05-15,22423,REGENCY CAKESTAND 3 TIER,366.0,4290.54,12.768814935064936,48.0,43.0
2011-05-22,22423,REGENCY CAKESTAND 3 TIER,307.0,3532.3,13.099126373626374,52.0,47.0
2011-05-29,22423,REGENCY CAKESTAND 3 TIER,169.0,2116.26,14.531076530612244,34.0,28.0
2011-06-05,22423,REGENCY CAKESTAND 3 TIER,263.0,3041.7,13.807785714285714,31.0,26.0
2011-06-12,22423,REGENCY CAKESTAND 3 TIER,208.0,2711.19,13.680466141001856,38.0,32.0
2011-06-19,22423,REGENCY CAKESTAND 3 TIER,174.0,2094.7,13.45063775510204,33.0,28.0
2011-06-26,22423,REGENCY CAKESTAND 3 TIER,143.0,1769.1,12.77875,30.0,27.0
2011-07-03,22423,REGENCY CAKESTAND 3 TIER,85.0,1172.67,13.442142857142857,22.0,19.0
2011-07-10,22423,REGENCY CAKESTAND 3 TIER,131.0,2015.5800000000002,14.905943877551021,28.0,21.0
2011-07-17,22423,REGENCY CAKESTAND 3 TIER,292.0,3441.8999999999996,14.456285714285714,29.0,25.0
2011-07-24,22423,REGENCY CAKESTAND 3 TIER,341.0,4069.3199999999997,13.59109693877551,40.0,36.0
2011-07-31,22423,REGENCY CAKESTAND 3 TIER,342.0,3944.1599999999994,13.843928571428572,34.0,28.0
2011-08-07,22423,REGENCY CAKESTAND 3 TIER,180.0,2308.95,13.476818181818183,33.0,30.0
2011-08-14,22423,REGENCY CAKESTAND 3 TIER,178.0,2210.04,12.992448979591838,28.0,25.0
2011-08-21,22423,REGENCY CAKESTAND 3 TIER,210.0,2544.7799999999997,12.867428571428572,33.0,32.0
2011-08-28,22423,REGENCY CAKESTAND 3 TIER,242.0,2907.39,13.755551020408163,33.0,29.0
2011-09-04,22423,REGENCY CAKESTAND 3 TIER,147.0,1991.04,15.60207142857143,27.0,19.0
2011-09-11,22423,REGENCY CAKESTAND 3 TIER,150.0,1825.1699999999998,14.111357142857143,28.0,23.0
2011-09-18,22423,REGENCY CAKESTAND 3 TIER,219.0,2622.8999999999996,14.292738095238095,39.0,35.0
2011-09-25,22423,REGENCY CAKESTAND 3 TIER,147.0,1954.4099999999999,15.072190476190476,39.0,35.0
2011-10-02,22423,REGENCY CAKESTAND 3 TIER,149.0,1852.65,14.460850340136053,32.0,28.0
2011-10-09,22423,REGENCY CAKESTAND 3 TIER,409.0,4883.58,14.431777365491651,36.0,30.0
2011-10-16,22423,REGENCY CAKESTAND 3 TIER,214.0,2729.2200000000003,14.13078440607012,50.0,44.0
2011-10-23,22423,REGENCY CAKESTAND 3 TIER,268.0,3205.71,14.32245918367347,38.0,32.0
2011-10-30,22423,REGENCY CAKESTAND 3 TIER,135.0,1679.31,14.06013605442177,30.0,27.0
2011-11-06,22423,REGENCY CAKESTAND 3 TIER,279.0,3466.7999999999997,14.503408163265306,50.0,44.0
2011-11-13,22423,REGENCY CAKESTAND 3 TIER,169.0,2357.0099999999998,14.310153061224488,40.0,35.0
2011-11-20,22423,REGENCY CAKESTAND 3 TIER,235.0,3020.0699999999997,14.158647186147187,47.0,40.0
2011-11-27,22423,REGENCY CAKESTAND 3 TIER,261.0,3543.6,15.085465367965368,50.0,40.0
2011-12-04,22423,REGENCY CAKESTAND 3 TIER,236.0,3254.04,16.222785714285713,45.0,34.0
2009-12-13,22469,HEART OF WICKER SMALL,0.0,0.0,1.6499999999999997,0.0,0.0
2009-12-20,22469,HEART OF WICKER SMALL,0.0,0.0,1.6499999999999997,0.0,0.0
2009-12-27,22469,HEART OF WICKER SMALL,0.0,0.0,1.6499999999999997,0.0,0.0
2010-01-03,22469,HEART OF WICKER SMALL,0.0,0.0,1.6499999999999997,0.0,0.0
2010-01-10,22469,HEART OF WICKER SMALL,0.0,0.0,1.6499999999999997,0.0,0.0
2010-01-17,22469,HEART OF WICKER SMALL,0.0,0.0,1.6499999999999997,0.0,0.0
2010-01-24,22469,HEART OF WICKER SMALL,0.0,0.0,1.6499999999999997,0.0,0.0
2010-01-31,22469,HEART OF WICKER SMALL,0.0,0.0,1.6499999999999997,0.0,0.0
2010-02-07,22469,HEART OF WICKER SMALL,0.0,0.0,1.6499999999999997,0.0,0.0
2010-02-14,22469,HEART OF WICKER SMALL,0.0,0.0,1.6499999999999997,0.0,0.0
2010-02-21,22469,HEART OF WICKER SMALL,0.0,0.0,1.6499999999999997,0.0,0.0
2010-02-28,22469,HEART OF WICKER SMALL,0.0,0.0,1.6499999999999997,0.0,0.0
2010-03-07,22469,HEART OF WICKER SMALL,0.0,0.0,1.6499999999999997,0.0,0.0
2010-03-14,22469,HEART OF WICKER SMALL,0.0,0.0,1.6499999999999997,0.0,0.0
2010-03-21,22469,HEART OF WICKER SMALL,0.0,0.0,1.6499999999999997,0.0,0.0
2010-03-28,22469,HEART OF WICKER SMALL,0.0,0.0,1.6499999999999997,0.0,0.0
2010-04-04,22469,HEART OF WICKER SMALL,0.0,0.0,1.6499999999999997,0.0,0.0
2010-04-11,22469,HEART OF WICKER SMALL,0.0,0.0,1.6499999999999997,0.0,0.0
2010-04-18,22469,HEART OF WICKER SMALL,0.0,0.0,1.6499999999999997,0.0,0.0
2010-04-25,22469,HEART OF WICKER SMALL,110.0,181.5,1.65,15.0,15.0
2010-05-02,22469,HEART OF WICKER SMALL,218.0,395.60999999999996,1.9248214285714285,32.0,26.0
2010-05-09,22469,HEART OF WICKER SMALL,145.0,251.21999999999997,1.9064999999999999,21.0,16.0
2010-05-16,22469,HEART OF WICKER SMALL,391.0,624.5699999999999,1.8369047619047618,34.0,32.0
2010-05-23,22469,HEART OF WICKER SMALL,262.0,443.06999999999994,1.8677857142857142,36.0,32.0
2010-05-30,22469,HEART OF WICKER SMALL,333.0,553.42,1.868941176470588,37.0,31.0
2010-06-06,22469,HEART OF WICKER SMALL,257.0,446.8299999999999,2.2813265306122448,29.0,23.0
2010-06-13,22469,HEART OF WICKER SMALL,358.0,597.54,1.8047142857142855,42.0,38.0
2010-06-20,22469,HEART OF WICKER SMALL,218.0,373.38,1.8820714285714286,31.0,26.0
2010-06-27,22469,HEART OF WICKER SMALL,307.0,547.54,2.032671768707483,31.0,24.0
2010-07-04,22469,HEART OF WICKER SMALL,319.0,558.2299999999999,1.8335396825396824,36.0,30.0
2010-07-11,22469,HEART OF WICKER SMALL,178.0,306.77,2.413775510204082,23.0,14.0
2010-07-18,22469,HEART OF WICKER SMALL,265.0,470.28999999999996,2.056964285714286,30.0,24.0
2010-07-25,22469,HEART OF WICKER SMALL,367.0,616.3599999999999,1.8051071428571426,38.0,33.0
2010-08-01,22469,HEART OF WICKER SMALL,340.0,563.81,1.7909070294784577,33.0,28.0
2010-08-08,22469,HEART OF WICKER SMALL,406.0,659.5799999999999,1.6785281385281383,37.0,34.0
2010-08-15,22469,HEART OF WICKER SMALL,240.0,448.15,2.1078571428571427,33.0,24.0
2010-08-22,22469,HEART OF WICKER SMALL,455.0,721.56,2.075753401360544,33.0,28.0
2010-08-29,22469,HEART OF WICKER SMALL,482.0,760.98,1.9538008658008656,38.0,34.0
2010-09-05,22469,HEART OF WICKER SMALL,88.0,175.08999999999997,3.2631349206349207,12.0,7.0
2010-09-12,22469,HEART OF WICKER SMALL,0.0,0.0,4.21,0.0,0.0
2010-09-19,22469,HEART OF WICKER SMALL,0.0,0.0,4.21,0.0,0.0
2010-09-26,22469,HEART OF WICKER SMALL,614.0,942.28,2.3976085818942963,27.0,25.0
2010-10-03,22469,HEART OF WICKER SMALL,889.0,1580.7599999999998,1.8863754895897753,51.0,42.0
2010-10-10,22469,HEART OF WICKER SMALL,603.0,975.4599999999999,1.8404615384615384,50.0,46.0
2010-10-17,22469,HEART OF WICKER SMALL,538.0,853.1899999999999,1.7518658008658008,58.0,52.0
2010-10-24,22469,HEART OF WICKER SMALL,133.0,229.68999999999997,2.3814285714285712,19.0,16.0
2010-10-31,22469,HEART OF WICKER SMALL,8.0,15.759999999999998,2.3814285714285712,5.0,4.0
2010-11-07,22469,HEART OF WICKER SMALL,40.0,66.0,1.65,8.0,8.0
2010-11-14,22469,HEART OF WICKER SMALL,22.0,90.06,3.4785714285714286,3.0,1.0
2010-11-21,22469,HEART OF WICKER SMALL,19.0,79.99000000000001,4.21,2.0,0.0
2010-11-28,22469,HEART OF WICKER SMALL,1046.0,1806.28,1.7130017041781744,81.0,77.0
2010-12-05,22469,HEART OF WICKER SMALL,954.0,1776.2199999999998,2.1197134853941573,59.0,50.0
2010-12-12,22469,HEART OF WICKER SMALL,1652.0,3227.66,2.1676123876123876,57.0,42.0
2010-12-19,22469,HEART OF WICKER SMALL,404.0,726.94,2.2827922077922076,34.0,26.0
2010-12-26,22469,HEART OF WICKER SMALL,204.0,347.62,2.4115918367346936,16.0,8.0
2011-01-02,22469,HEART OF WICKER SMALL,0.0,0.0,2.405,0.0,0.0
2011-01-09,22469,HEART OF WICKER SMALL,366.0,572.01,1.775068027210884,30.0,29.0
2011-01-16,22469,HEART OF WICKER SMALL,1574.0,3003.09,2.250380952380952,26.0,20.0
2011-01-23,22469,HEART OF WICKER SMALL,405.0,692.6899999999999,2.1291904761904763,35.0,26.0
2011-01-30,22469,HEART OF WICKER SMALL,555.0,904.91,1.7926437847866417,40.0,35.0
2011-02-06,22469,HEART OF WICKER SMALL,368.0,631.7199999999999,2.082987012987013,40.0,31.0
2011-02-13,22469,HEART OF WICKER SMALL,206.0,359.18,2.2667619047619048,24.0,17.0
2011-02-20,22469,HEART OF WICKER SMALL,239.0,432.46999999999997,2.5653333333333337,26.0,17.0
2011-02-27,22469,HEART OF WICKER SMALL,454.0,758.0999999999999,2.09474025974026,39.0,29.0
2011-03-06,22469,HEART OF WICKER SMALL,220.0,341.48,1.6876190476190476,20.0,14.0
2011-03-13,22469,HEART OF WICKER SMALL,708.0,1365.96,1.8017142857142854,21.0,11.0
2011-03-20,22469,HEART OF WICKER SMALL,8.0,22.24,3.0614285714285714,3.0,0.0
2011-03-27,22469,HEART OF WICKER SMALL,0.0,0.0,1.65,0.0,0.0
2011-04-03,22469,HEART OF WICKER SMALL,68.0,262.02000000000004,1.9157142857142857,5.0,0.0
2011-04-10,22469,HEART OF WICKER SMALL,12.0,29.64,2.4699999999999998,5.0,0.0
2011-04-17,22469,HEART OF WICKER SMALL,0.0,0.0,1.65,0.0,0.0
2011-04-24,22469,HEART OF WICKER SMALL,30.0,59.339999999999996,2.1185714285714288,7.0,1.0
2011-05-01,22469,HEART OF WICKER SMALL,0.0,0.0,2.1185714285714288,0.0,0.0
2011-05-08,22469,HEART OF WICKER SMALL,0.0,0.0,2.1185714285714288,0.0,0.0
2011-05-15,22469,HEART OF WICKER SMALL,0.0,0.0,2.1185714285714288,0.0,0.0
2011-05-22,22469,HEART OF WICKER SMALL,783.0,1200.87,1.7864625850340137,37.0,35.0
2011-05-29,22469,HEART OF WICKER SMALL,1205.0,2253.17,1.7854761904761904,31.0,27.0
2011-06-05,22469,HEART OF WICKER SMALL,421.0,736.41,1.9163333333333334,37.0,30.0
2011-06-12,22469,HEART OF WICKER SMALL,366.0,617.2199999999999,2.261825396825397,35.0,29.0
2011-06-19,22469,HEART OF WICKER SMALL,261.0,413.10999999999996,1.6186190476190476,19.0,14.0
2011-06-26,22469,HEART OF WICKER SMALL,154.0,253.79999999999998,1.7932380952380953,14.0,10.0
2011-07-03,22469,HEART OF WICKER SMALL,236.0,375.88,1.7514285714285711,18.0,16.0
2011-07-10,22469,HEART OF WICKER SMALL,336.0,540.76,2.143142857142857,25.0,17.0
2011-07-17,22469,HEART OF WICKER SMALL,317.0,555.37,1.6659183673469387,20.0,19.0
2011-07-24,22469,HEART OF WICKER SMALL,302.0,484.34,1.9928571428571427,24.0,20.0
2011-07-31,22469,HEART OF WICKER SMALL,125.0,245.17,2.3908571428571426,18.0,10.0
2011-08-07,22469,HEART OF WICKER SMALL,199.0,356.42999999999995,1.7926031746031745,20.0,17.0
2011-08-14,22469,HEART OF WICKER SMALL,149.0,259.04999999999995,1.990190476190476,16.0,13.0
2011-08-21,22469,HEART OF WICKER SMALL,78.0,128.7,1.65,8.0,8.0
2011-08-28,22469,HEART OF WICKER SMALL,117.0,197.45,1.8128571428571427,8.0,7.0
2011-09-04,22469,HEART OF WICKER SMALL,130.0,228.01999999999998,2.1657142857142855,12.0,8.0
2011-09-11,22469,HEART OF WICKER SMALL,237.0,388.80999999999995,1.803142857142857,26.0,22.0
2011-09-18,22469,HEART OF WICKER SMALL,359.0,568.03,1.7085714285714284,22.0,20.0
2011-09-25,22469,HEART OF WICKER SMALL,1055.0,1970.35,1.8670408163265306,28.0,23.0
2011-10-02,22469,HEART OF WICKER SMALL,226.0,390.9599999999999,1.9060408163265306,32.0,28.0
2011-10-09,22469,HEART OF WICKER SMALL,255.0,393.71999999999997,1.6819591836734695,18.0,16.0
2011-10-16,22469,HEART OF WICKER SMALL,100.0,171.55999999999997,1.884285714285714,16.0,14.0
2011-10-23,22469,HEART OF WICKER SMALL,336.0,492.68,1.7743809523809522,30.0,28.0
2011-10-30,22469,HEART OF WICKER SMALL,383.0,624.43,1.8708163265306121,38.0,32.0
2011-11-06,22469,HEART OF WICKER SMALL,1042.0,1824.96,1.6544348508634223,39.0,38.0
2011-11-13,22469,HEART OF WICKER SMALL,305.0,675.4699999999999,2.040380952380952,31.0,26.0
2011-11-20,22469,HEART OF WICKER SMALL,361.0,863.13,2.0982539682539683,37.0,30.0
2011-11-27,22469,HEART OF WICKER SMALL,213.0,356.60999999999996,1.9048027210884353,30.0,26.0
2011-12-04,22469,HEART OF WICKER SMALL,809.0,1534.01,1.927374149659864,30.0,25.0
2009-12-13,22492,MINI PAINT SET VINTAGE,0.0,0.0,0.6300000000000001,0.0,0.0
2009-12-20,22492,MINI PAINT SET VINTAGE,0.0,0.0,0.6300000000000001,0.0,0.0
2009-12-27,22492,MINI PAINT SET VINTAGE,0.0,0.0,0.6300000000000001,0.0,0.0
2010-01-03,22492,MINI PAINT SET VINTAGE,0.0,0.0,0.6300000000000001,0.0,0.0
2010-01-10,22492,MINI PAINT SET VINTAGE,0.0,0.0,0.6300000000000001,0.0,0.0
2010-01-17,22492,MINI PAINT SET VINTAGE,0.0,0.0,0.6300000000000001,0.0,0.0
2010-01-24,22492,MINI PAINT SET VINTAGE,0.0,0.0,0.6300000000000001,0.0,0.0
2010-01-31,22492,MINI PAINT SET VINTAGE,0.0,0.0,0.6300000000000001,0.0,0.0
2010-02-07,22492,MINI PAINT SET VINTAGE,0.0,0.0,0.6300000000000001,0.0,0.0
2010-02-14,22492,MINI PAINT SET VINTAGE,0.0,0.0,0.6300000000000001,0.0,0.0
2010-02-21,22492,MINI PAINT SET VINTAGE,0.0,0.0,0.6300000000000001,0.0,0.0
2010-02-28,22492,MINI PAINT SET VINTAGE,0.0,0.0,0.6300000000000001,0.0,0.0
2010-03-07,22492,MINI PAINT SET VINTAGE,0.0,0.0,0.6300000000000001,0.0,0.0
2010-03-14,22492,MINI PAINT SET VINTAGE,0.0,0.0,0.6300000000000001,0.0,0.0
2010-03-21,22492,MINI PAINT SET VINTAGE,0.0,0.0,0.6300000000000001,0.0,0.0
2010-03-28,22492,MINI PAINT SET VINTAGE,0.0,0.0,0.6300000000000001,0.0,0.0
2010-04-04,22492,MINI PAINT SET VINTAGE,0.0,0.0,0.6300000000000001,0.0,0.0
2010-04-11,22492,MINI PAINT SET VINTAGE,0.0,0.0,0.6300000000000001,0.0,0.0
2010-04-18,22492,MINI PAINT SET VINTAGE,0.0,0.0,0.6300000000000001,0.0,0.0
2010-04-25,22492,MINI PAINT SET VINTAGE,0.0,0.0,0.6300000000000001,0.0,0.0
2010-05-02,22492,MINI PAINT SET VINTAGE,0.0,0.0,0.6300000000000001,0.0,0.0
2010-05-09,22492,MINI PAINT SET VINTAGE,900.0,523.8000000000001,0.6290476190476192,9.0,8.0
2010-05-16,22492,MINI PAINT SET VINTAGE,544.0,357.64000000000004,0.8423809523809523,15.0,13.0
2010-05-23,22492,MINI PAINT SET VINTAGE,720.0,439.2,0.6476190476190476,12.0,12.0
2010-05-30,22492,MINI PAINT SET VINTAGE,540.0,351.0,0.65,13.0,13.0
2010-06-06,22492,MINI PAINT SET VINTAGE,331.0,222.22000000000003,1.082857142857143,12.0,8.0
2010-06-13,22492,MINI PAINT SET VINTAGE,684.0,415.8,0.6404761904761905,10.0,10.0
2010-06-20,22492,MINI PAINT SET VINTAGE,721.0,469.6600000000001,0.6860714285714286,14.0,13.0
2010-06-27,22492,MINI PAINT SET VINTAGE,294.0,196.15,0.8183333333333334,11.0,9.0
2010-07-04,22492,MINI PAINT SET VINTAGE,252.0,163.8,0.65,6.0,6.0
2010-07-11,22492,MINI PAINT SET VINTAGE,592.0,372.16,0.755952380952381,8.0,6.0
2010-07-18,22492,MINI PAINT SET VINTAGE,470.0,307.52000000000004,0.6788571428571428,12.0,10.0
2010-07-25,22492,MINI PAINT SET VINTAGE,471.0,309.18,0.7990952380952381,16.0,13.0
2010-08-01,22492,MINI PAINT SET VINTAGE,360.0,234.0,0.65,9.0,9.0
2010-08-08,22492,MINI PAINT SET VINTAGE,223.0,141.22,0.78,5.0,4.0
2010-08-15,22492,MINI PAINT SET VINTAGE,576.0,374.40000000000003,0.65,6.0,6.0
2010-08-22,22492,MINI PAINT SET VINTAGE,830.0,541.5200000000001,0.7221428571428571,13.0,12.0
2010-08-29,22492,MINI PAINT SET VINTAGE,253.0,165.46,0.9385714285714286,8.0,7.0
2010-09-05,22492,MINI PAINT SET VINTAGE,73.0,48.46,0.9385714285714286,3.0,2.0
2010-09-12,22492,MINI PAINT SET VINTAGE,1542.0,1020.48,0.6980952380952381,12.0,11.0
2010-09-19,22492,MINI PAINT SET VINTAGE,218.0,143.72000000000003,0.9385714285714286,7.0,5.0
2010-09-26,22492,MINI PAINT SET VINTAGE,756.0,491.40000000000003,0.65,19.0,18.0
2010-10-03,22492,MINI PAINT SET VINTAGE,658.0,427.7,0.65,15.0,15.0
2010-10-10,22492,MINI PAINT SET VINTAGE,758.0,494.72,0.7221428571428571,15.0,14.0
2010-10-17,22492,MINI PAINT SET VINTAGE,1010.0,600.9200000000001,0.7319047619047618,10.0,9.0
2010-10-24,22492,MINI PAINT SET VINTAGE,396.0,250.20000000000002,0.6428571428571429,9.0,7.0
2010-10-31,22492,MINI PAINT SET VINTAGE,657.0,435.13,0.8904761904761905,19.0,15.0
2010-11-07,22492,MINI PAINT SET VINTAGE,260.0,177.08,1.0107142857142857,8.0,5.0
2010-11-14,22492,MINI PAINT SET VINTAGE,515.0,344.85,0.7221428571428571,16.0,14.0
2010-11-21,22492,MINI PAINT SET VINTAGE,797.0,523.1,0.8904761904761905,20.0,17.0
2010-11-28,22492,MINI PAINT SET VINTAGE,472.0,307.24,0.8563571428571429,16.0,13.0
2010-12-05,22492,MINI PAINT SET VINTAGE,1052.0,663.08,0.8376190476190476,13.0,11.0
2010-12-12,22492,MINI PAINT SET VINTAGE,3409.0,1946.14,0.8232857142857143,12.0,9.0
2010-12-19,22492,MINI PAINT SET VINTAGE,227.0,147.56,0.8616666666666666,7.0,6.0
2010-12-26,22492,MINI PAINT SET VINTAGE,181.0,118.66000000000001,0.7942857142857144,4.0,3.0
2011-01-02,22492,MINI PAINT SET VINTAGE,0.0,0.0,0.65,0.0,0.0
2011-01-09,22492,MINI PAINT SET VINTAGE,648.0,363.6,0.6357142857142858,3.0,3.0
2011-01-16,22492,MINI PAINT SET VINTAGE,219.0,134.58,0.7271428571428571,6.0,4.0
2011-01-23,22492,MINI PAINT SET VINTAGE,38.0,26.660000000000004,1.49,2.0,1.0
2011-01-30,22492,MINI PAINT SET VINTAGE,793.0,516.4300000000001,0.72,7.0,6.0
2011-02-06,22492,MINI PAINT SET VINTAGE,541.0,351.65000000000003,0.65,9.0,9.0
2011-02-13,22492,MINI PAINT SET VINTAGE,216.0,140.4,0.65,4.0,4.0
2011-02-20,22492,MINI PAINT SET VINTAGE,108.0,70.2,0.65,3.0,3.0
2011-02-27,22492,MINI PAINT SET VINTAGE,180.0,117.00000000000001,0.65,5.0,5.0
2011-03-06,22492,MINI PAINT SET VINTAGE,108.0,70.20000000000002,0.65,3.0,2.0
2011-03-13,22492,MINI PAINT SET VINTAGE,1261.0,734.23,0.6919047619047619,10.0,9.0
2011-03-20,22492,MINI PAINT SET VINTAGE,792.0,514.8000000000001,0.65,7.0,7.0
2011-03-27,22492,MINI PAINT SET VINTAGE,252.0,163.8,0.65,6.0,6.0
2011-04-03,22492,MINI PAINT SET VINTAGE,427.0,317.53000000000003,0.7585714285714286,9.0,7.0
2011-04-10,22492,MINI PAINT SET VINTAGE,324.0,210.60000000000002,0.65,5.0,5.0
2011-04-17,22492,MINI PAINT SET VINTAGE,216.0,140.4,0.65,6.0,6.0
2011-04-24,22492,MINI PAINT SET VINTAGE,800.0,470.24,0.7514285714285714,8.0,5.0
2011-05-01,22492,MINI PAINT SET VINTAGE,180.0,117.00000000000001,0.65,5.0,5.0
2011-05-08,22492,MINI PAINT SET VINTAGE,216.0,140.4,0.65,4.0,4.0
2011-05-15,22492,MINI PAINT SET VINTAGE,795.0,519.69,0.79,8.0,7.0
2011-05-22,22492,MINI PAINT SET VINTAGE,469.0,277.03000000000003,0.9157142857142857,6.0,5.0
2011-05-29,22492,MINI PAINT SET VINTAGE,288.0,187.20000000000002,0.65,7.0,7.0
2011-06-05,22492,MINI PAINT SET VINTAGE,108.0,70.2,0.65,3.0,3.0
2011-06-12,22492,MINI PAINT SET VINTAGE,361.0,235.63,0.7433333333333333,9.0,8.0
2011-06-19,22492,MINI PAINT SET VINTAGE,761.0,439.01000000000005,0.6823809523809523,8.0,7.0
2011-06-26,22492,MINI PAINT SET VINTAGE,219.0,145.29000000000002,0.9999999999999999,6.0,4.0
2011-07-03,22492,MINI PAINT SET VINTAGE,72.0,46.800000000000004,0.72,2.0,2.0
2011-07-10,22492,MINI PAINT SET VINTAGE,432.0,280.8,0.65,5.0,4.0
2011-07-17,22492,MINI PAINT SET VINTAGE,794.0,460.46000000000004,0.6823809523809523,6.0,5.0
2011-07-24,22492,MINI PAINT SET VINTAGE,396.0,257.40000000000003,0.65,4.0,4.0
2011-07-31,22492,MINI PAINT SET VINTAGE,252.0,163.8,0.65,6.0,6.0
2011-08-07,22492,MINI PAINT SET VINTAGE,291.0,192.09,0.6849999999999999,8.0,7.0
2011-08-14,22492,MINI PAINT SET VINTAGE,180.0,117.0,0.65,5.0,5.0
2011-08-21,22492,MINI PAINT SET VINTAGE,792.0,457.2,0.6285714285714287,7.0,7.0
2011-08-28,22492,MINI PAINT SET VINTAGE,324.0,210.60000000000002,0.65,9.0,9.0
2011-09-04,22492,MINI PAINT SET VINTAGE,1336.0,757.12,1.205238095238095,8.0,6.0
2011-09-11,22492,MINI PAINT SET VINTAGE,192.0,136.56,0.79,7.0,4.0
2011-09-18,22492,MINI PAINT SET VINTAGE,937.0,610.0300000000001,0.6966666666666667,8.0,8.0
2011-09-25,22492,MINI PAINT SET VINTAGE,334.0,226.90000000000003,1.0116666666666665,11.0,8.0
2011-10-02,22492,MINI PAINT SET VINTAGE,576.0,374.40000000000003,0.65,10.0,10.0
2011-10-09,22492,MINI PAINT SET VINTAGE,760.0,440.32,0.7614285714285715,7.0,6.0
2011-10-16,22492,MINI PAINT SET VINTAGE,257.0,167.05,0.65,8.0,7.0
2011-10-23,22492,MINI PAINT SET VINTAGE,1334.0,807.86,0.6842857142857143,7.0,6.0
2011-10-30,22492,MINI PAINT SET VINTAGE,792.0,514.8000000000001,0.65,14.0,13.0
2011-11-06,22492,MINI PAINT SET VINTAGE,226.0,152.78000000000003,0.8833333333333332,9.0,6.0
2011-11-13,22492,MINI PAINT SET VINTAGE,1724.0,1232.6,1.0483333333333333,13.0,8.0
2011-11-20,22492,MINI PAINT SET VINTAGE,679.0,619.1700000000001,0.9647619047619047,13.0,10.0
2011-11-27,22492,MINI PAINT SET VINTAGE,402.0,266.2,0.958,14.0,10.0
2011-12-04,22492,MINI PAINT SET VINTAGE,301.0,208.39000000000001,0.8250000000000001,12.0,8.0
2009-12-13,22616,PACK OF 12 LONDON TISSUES,0.0,0.0,0.29,0.0,0.0
2009-12-20,22616,PACK OF 12 LONDON TISSUES,0.0,0.0,0.29,0.0,0.0
2009-12-27,22616,PACK OF 12 LONDON TISSUES,0.0,0.0,0.29,0.0,0.0
2010-01-03,22616,PACK OF 12 LONDON TISSUES,0.0,0.0,0.29,0.0,0.0
2010-01-10,22616,PACK OF 12 LONDON TISSUES,0.0,0.0,0.29,0.0,0.0
2010-01-17,22616,PACK OF 12 LONDON TISSUES,0.0,0.0,0.29,0.0,0.0
2010-01-24,22616,PACK OF 12 LONDON TISSUES,0.0,0.0,0.29,0.0,0.0
2010-01-31,22616,PACK OF 12 LONDON TISSUES,0.0,0.0,0.29,0.0,0.0
2010-02-07,22616,PACK OF 12 LONDON TISSUES,0.0,0.0,0.29,0.0,0.0
2010-02-14,22616,PACK OF 12 LONDON TISSUES,0.0,0.0,0.29,0.0,0.0
2010-02-21,22616,PACK OF 12 LONDON TISSUES,0.0,0.0,0.29,0.0,0.0
2010-02-28,22616,PACK OF 12 LONDON TISSUES,0.0,0.0,0.29,0.0,0.0
2010-03-07,22616,PACK OF 12 LONDON TISSUES,0.0,0.0,0.29,0.0,0.0
2010-03-14,22616,PACK OF 12 LONDON TISSUES,0.0,0.0,0.29,0.0,0.0
2010-03-21,22616,PACK OF 12 LONDON TISSUES,0.0,0.0,0.29,0.0,0.0
2010-03-28,22616,PACK OF 12 LONDON TISSUES,0.0,0.0,0.29,0.0,0.0
2010-04-04,22616,PACK OF 12 LONDON TISSUES,0.0,0.0,0.29,0.0,0.0
2010-04-11,22616,PACK OF 12 LONDON TISSUES,0.0,0.0,0.29,0.0,0.0
2010-04-18,22616,PACK OF 12 LONDON TISSUES,0.0,0.0,0.29,0.0,0.0
2010-04-25,22616,PACK OF 12 LONDON TISSUES,0.0,0.0,0.29,0.0,0.0
2010-05-02,22616,PACK OF 12 LONDON TISSUES,0.0,0.0,0.29,0.0,0.0
2010-05-09,22616,PACK OF 12 LONDON TISSUES,492.0,125.4,0.27285714285714285,3.0,3.0
2010-05-16,22616,PACK OF 12 LONDON TISSUES,339.0,124.31,0.3895238095238095,12.0,9.0
2010-05-23,22616,PACK OF 12 LONDON TISSUES,316.0,93.19999999999999,0.4571428571428572,15.0,13.0
2010-05-30,22616,PACK OF 12 LONDON TISSUES,331.0,96.66999999999999,0.36238095238095236,11.0,10.0
2010-06-06,22616,PACK OF 12 LONDON TISSUES,245.0,72.08999999999999,0.35438095238095235,15.0,13.0
2010-06-13,22616,PACK OF 12 LONDON TISSUES,679.0,196.90999999999997,0.29,12.0,12.0
2010-06-20,22616,PACK OF 12 LONDON TISSUES,53.0,16.41,0.5128571428571429,5.0,3.0
2010-06-27,22616,PACK OF 12 LONDON TISSUES,122.0,38.49999999999999,0.31476190476190474,6.0,5.0
2010-07-04,22616,PACK OF 12 LONDON TISSUES,161.0,47.209999999999994,0.31971428571428573,6.0,5.0
2010-07-11,22616,PACK OF 12 LONDON TISSUES,222.0,64.38,0.29,8.0,8.0
2010-07-18,22616,PACK OF 12 LONDON TISSUES,147.0,44.309999999999995,0.32999999999999996,7.0,6.0
2010-07-25,22616,PACK OF 12 LONDON TISSUES,255.0,75.63,0.37,7.0,6.0
2010-08-01,22616,PACK OF 12 LONDON TISSUES,232.0,67.27999999999999,0.29,9.0,9.0
2010-08-08,22616,PACK OF 12 LONDON TISSUES,829.0,223.13,0.2814285714285714,5.0,5.0
2010-08-15,22616,PACK OF 12 LONDON TISSUES,124.0,35.959999999999994,0.29,6.0,5.0
2010-08-22,22616,PACK OF 12 LONDON TISSUES,162.0,47.53999999999999,0.33,7.0,6.0
2010-08-29,22616,PACK OF 12 LONDON TISSUES,745.0,199.32999999999998,0.36428571428571427,6.0,5.0
2010-09-05,22616,PACK OF 12 LONDON TISSUES,9.0,4.85,0.6900000000000001,5.0,2.0
2010-09-12,22616,PACK OF 12 LONDON TISSUES,70.0,23.099999999999998,0.5033333333333333,6.0,4.0
2010-09-19,22616,PACK OF 12 LONDON TISSUES,62.0,18.54,0.45,5.0,4.0
2010-09-26,22616,PACK OF 12 LONDON TISSUES,633.0,185.77,0.5242857142857142,10.0,7.0
2010-10-03,22616,PACK OF 12 LONDON TISSUES,163.0,48.949999999999996,0.47000000000000003,9.0,7.0
2010-10-10,22616,PACK OF 12 LONDON TISSUES,378.0,112.97999999999999,0.35666666666666663,14.0,10.0
2010-10-17,22616,PACK OF 12 LONDON TISSUES,102.0,31.259999999999994,0.5459999999999999,10.0,6.0
2010-10-24,22616,PACK OF 12 LONDON TISSUES,715.0,210.70999999999998,0.418,19.0,14.0
2010-10-31,22616,PACK OF 12 LONDON TISSUES,308.0,90.99999999999999,0.61,9.0,6.0
2010-11-07,22616,PACK OF 12 LONDON TISSUES,313.0,95.24999999999999,0.49266666666666664,14.0,9.0
2010-11-14,22616,PACK OF 12 LONDON TISSUES,3263.0,1269.0600000000002,0.4985930735930736,24.0,17.0
2010-11-21,22616,PACK OF 12 LONDON TISSUES,1121.0,691.56,0.35401360544217686,19.0,15.0
2010-11-28,22616,PACK OF 12 LONDON TISSUES,394.0,120.41999999999997,0.3993333333333333,25.0,20.0
2010-12-05,22616,PACK OF 12 LONDON TISSUES,1542.0,450.53999999999996,0.306,16.0,15.0
2010-12-12,22616,PACK OF 12 LONDON TISSUES,549.0,176.56999999999996,0.4976190476190476,25.0,16.0
2010-12-19,22616,PACK OF 12 LONDON TISSUES,223.0,71.38999999999999,0.458,12.0,6.0
2010-12-26,22616,PACK OF 12 LONDON TISSUES,1423.0,363.03000000000003,0.4972380952380952,10.0,6.0
2011-01-02,22616,PACK OF 12 LONDON TISSUES,0.0,0.0,0.4766666666666666,0.0,0.0
2011-01-09,22616,PACK OF 12 LONDON TISSUES,110.0,33.019999999999996,0.5566666666666666,5.0,3.0
2011-01-16,22616,PACK OF 12 LONDON TISSUES,101.0,32.089999999999996,0.65,5.0,3.0
2011-01-23,22616,PACK OF 12 LONDON TISSUES,85.0,31.129999999999995,0.5599999999999999,10.0,5.0
2011-01-30,22616,PACK OF 12 LONDON TISSUES,169.0,49.55,0.3671428571428571,5.0,4.0
2011-02-06,22616,PACK OF 12 LONDON TISSUES,968.0,285.03999999999996,0.3671428571428571,7.0,6.0
2011-02-13,22616,PACK OF 12 LONDON TISSUES,611.0,165.85,0.34714285714285714,8.0,7.0
2011-02-20,22616,PACK OF 12 LONDON TISSUES,1014.0,259.32,0.455,8.0,6.0
2011-02-27,22616,PACK OF 12 LONDON TISSUES,118.0,39.62,0.5214285714285714,7.0,4.0
2011-03-06,22616,PACK OF 12 LONDON TISSUES,122.0,36.459999999999994,0.4057142857142857,5.0,4.0
2011-03-13,22616,PACK OF 12 LONDON TISSUES,1420.0,344.84,0.3945714285714285,12.0,9.0
2011-03-20,22616,PACK OF 12 LONDON TISSUES,1456.0,372.56,0.3909523809523809,10.0,8.0
2011-03-27,22616,PACK OF 12 LONDON TISSUES,134.0,39.94,0.5985714285714285,10.0,8.0
2011-04-03,22616,PACK OF 12 LONDON TISSUES,1432.0,488.4799999999999,0.3397142857142857,16.0,13.0
2011-04-10,22616,PACK OF 12 LONDON TISSUES,610.0,139.1,0.3628571428571429,8.0,6.0
2011-04-17,22616,PACK OF 12 LONDON TISSUES,402.0,116.57999999999998,0.29,11.0,11.0
2011-04-24,22616,PACK OF 12 LONDON TISSUES,93.0,31.829999999999995,0.7308163265306122,8.0,3.0
2011-05-01,22616,PACK OF 12 LONDON TISSUES,216.0,62.63999999999999,0.3671428571428571,5.0,5.0
2011-05-08,22616,PACK OF 12 LONDON TISSUES,128.0,38.199999999999996,0.32857142857142857,7.0,6.0
2011-05-15,22616,PACK OF 12 LONDON TISSUES,130.0,38.779999999999994,0.4057142857142857,9.0,6.0
2011-05-22,22616,PACK OF 12 LONDON TISSUES,1120.0,292.4,0.3338095238095238,11.0,9.0
2011-05-29,22616,PACK OF 12 LONDON TISSUES,84.0,24.359999999999996,0.29,3.0,3.0
2011-06-05,22616,PACK OF 12 LONDON TISSUES,80.0,31.839999999999996,0.3542857142857142,6.0,4.0
2011-06-12,22616,PACK OF 12 LONDON TISSUES,46.0,21.979999999999997,0.6371428571428571,6.0,3.0
2011-06-19,22616,PACK OF 12 LONDON TISSUES,1512.0,403.91999999999996,0.2842857142857143,8.0,8.0
2011-06-26,22616,PACK OF 12 LONDON TISSUES,280.0,83.35999999999999,0.5085714285714286,9.0,5.0
2011-07-03,22616,PACK OF 12 LONDON TISSUES,537.0,139.53,0.3614285714285714,7.0,5.0
2011-07-10,22616,PACK OF 12 LONDON TISSUES,75.0,23.369999999999997,0.4442857142857143,8.0,5.0
2011-07-17,22616,PACK OF 12 LONDON TISSUES,78.0,27.479999999999997,0.42499999999999993,10.0,6.0
2011-07-24,22616,PACK OF 12 LONDON TISSUES,936.0,244.56,0.2871428571428571,11.0,11.0
2011-07-31,22616,PACK OF 12 LONDON TISSUES,172.0,57.98,0.49571428571428566,11.0,4.0
2011-08-07,22616,PACK OF 12 LONDON TISSUES,1715.0,472.51000000000005,0.4642857142857143,10.0,8.0
2011-08-14,22616,PACK OF 12 LONDON TISSUES,138.0,42.68,0.41666666666666663,10.0,7.0
2011-08-21,22616,PACK OF 12 LONDON TISSUES,149.0,43.209999999999994,0.29,7.0,7.0
2011-08-28,22616,PACK OF 12 LONDON TISSUES,413.0,108.27,0.3080952380952381,8.0,7.0
2011-09-04,22616,PACK OF 12 LONDON TISSUES,485.0,134.95,0.4228571428571429,7.0,3.0
2011-09-11,22616,PACK OF 12 LONDON TISSUES,76.0,28.119999999999997,0.5014285714285714,6.0,5.0
2011-09-18,22616,PACK OF 12 LONDON TISSUES,200.0,78.4,0.4185714285714286,12.0,11.0
2011-09-25,22616,PACK OF 12 LONDON TISSUES,291.0,117.41,0.4657142857142857,12.0,9.0
2011-10-02,22616,PACK OF 12 LONDON TISSUES,577.0,195.23000000000002,0.41285714285714287,4.0,3.0
2011-10-09,22616,PACK OF 12 LONDON TISSUES,525.0,210.91,0.5,14.0,11.0
2011-10-16,22616,PACK OF 12 LONDON TISSUES,65.0,26.669999999999998,0.4423809523809524,8.0,7.0
2011-10-23,22616,PACK OF 12 LONDON TISSUES,666.0,220.38,0.40190476190476193,7.0,6.0
2011-10-30,22616,PACK OF 12 LONDON TISSUES,293.0,115.11,0.46809523809523806,11.0,9.0
2011-11-06,22616,PACK OF 12 LONDON TISSUES,702.0,246.18,0.4826190476190476,15.0,12.0
2011-11-13,22616,PACK OF 12 LONDON TISSUES,254.0,184.56,0.6814285714285714,12.0,9.0
2011-11-20,22616,PACK OF 12 LONDON TISSUES,1351.0,591.24,0.5043367346938775,17.0,12.0
2011-11-27,22616,PACK OF 12 LONDON TISSUES,101.0,42.91,0.45704761904761904,13.0,10.0
2011-12-04,22616,PACK OF 12 LONDON TISSUES,636.0,223.52,0.4571428571428572,18.0,13.0
2009-12-13,22952,60 CAKE CASES VINTAGE CHRISTMAS,0.0,0.0,0.55,0.0,0.0
2009-12-20,22952,60 CAKE CASES VINTAGE CHRISTMAS,0.0,0.0,0.55,0.0,0.0
2009-12-27,22952,60 CAKE CASES VINTAGE CHRISTMAS,0.0,0.0,0.55,0.0,0.0
2010-01-03,22952,60 CAKE CASES VINTAGE CHRISTMAS,0.0,0.0,0.55,0.0,0.0
2010-01-10,22952,60 CAKE CASES VINTAGE CHRISTMAS,0.0,0.0,0.55,0.0,0.0
2010-01-17,22952,60 CAKE CASES VINTAGE CHRISTMAS,0.0,0.0,0.55,0.0,0.0
2010-01-24,22952,60 CAKE CASES VINTAGE CHRISTMAS,0.0,0.0,0.55,0.0,0.0
2010-01-31,22952,60 CAKE CASES VINTAGE CHRISTMAS,0.0,0.0,0.55,0.0,0.0
2010-02-07,22952,60 CAKE CASES VINTAGE CHRISTMAS,0.0,0.0,0.55,0.0,0.0
2010-02-14,22952,60 CAKE CASES VINTAGE CHRISTMAS,0.0,0.0,0.55,0.0,0.0
2010-02-21,22952,60 CAKE CASES VINTAGE CHRISTMAS,0.0,0.0,0.55,0.0,0.0
2010-02-28,22952,60 CAKE CASES VINTAGE CHRISTMAS,0.0,0.0,0.55,0.0,0.0
2010-03-07,22952,60 CAKE CASES VINTAGE CHRISTMAS,0.0,0.0,0.55,0.0,0.0
2010-03-14,22952,60 CAKE CASES VINTAGE CHRISTMAS,0.0,0.0,0.55,0.0,0.0
2010-03-21,22952,60 CAKE CASES VINTAGE CHRISTMAS,0.0,0.0,0.55,0.0,0.0
2010-03-28,22952,60 CAKE CASES VINTAGE CHRISTMAS,0.0,0.0,0.55,0.0,0.0
2010-04-04,22952,60 CAKE CASES VINTAGE CHRISTMAS,0.0,0.0,0.55,0.0,0.0
2010-04-11,22952,60 CAKE CASES VINTAGE CHRISTMAS,0.0,0.0,0.55,0.0,0.0
2010-04-18,22952,60 CAKE CASES VINTAGE CHRISTMAS,0.0,0.0,0.55,0.0,0.0
2010-04-25,22952,60 CAKE CASES VINTAGE CHRISTMAS,0.0,0.0,0.55,0.0,0.0
2010-05-02,22952,60 CAKE CASES VINTAGE CHRISTMAS,0.0,0.0,0.55,0.0,0.0
2010-05-09,22952,60 CAKE CASES VINTAGE CHRISTMAS,0.0,0.0,0.55,0.0,0.0
2010-05-16,22952,60 CAKE CASES VINTAGE CHRISTMAS,0.0,0.0,0.55,0.0,0.0
2010-05-23,22952,60 CAKE CASES VINTAGE CHRISTMAS,0.0,0.0,0.55,0.0,0.0
2010-05-30,22952,60 CAKE CASES VINTAGE CHRISTMAS,0.0,0.0,0.55,0.0,0.0
2010-06-06,22952,60 CAKE CASES VINTAGE CHRISTMAS,0.0,0.0,0.55,0.0,0.0
2010-06-13,22952,60 CAKE CASES VINTAGE CHRISTMAS,0.0,0.0,0.55,0.0,0.0
2010-06-20,22952,60 CAKE CASES VINTAGE CHRISTMAS,0.0,0.0,0.55,0.0,0.0
2010-06-27,22952,60 CAKE CASES VINTAGE CHRISTMAS,0.0,0.0,0.55,0.0,0.0
2010-07-04,22952,60 CAKE CASES VINTAGE CHRISTMAS,0.0,0.0,0.55,0.0,0.0
2010-07-11,22952,60 CAKE CASES VINTAGE CHRISTMAS,0.0,0.0,0.55,0.0,0.0
2010-07-18,22952,60 CAKE CASES VINTAGE CHRISTMAS,0.0,0.0,0.55,0.0,0.0
2010-07-25,22952,60 CAKE CASES VINTAGE CHRISTMAS,0.0,0.0,0.55,0.0,0.0
2010-08-01,22952,60 CAKE CASES VINTAGE CHRISTMAS,0.0,0.0,0.55,0.0,0.0
2010-08-08,22952,60 CAKE CASES VINTAGE CHRISTMAS,0.0,0.0,0.55,0.0,0.0
2010-08-15,22952,60 CAKE CASES VINTAGE CHRISTMAS,0.0,0.0,0.55,0.0,0.0
2010-08-22,22952,60 CAKE CASES VINTAGE CHRISTMAS,0.0,0.0,0.55,0.0,0.0
2010-08-29,22952,60 CAKE CASES VINTAGE CHRISTMAS,0.0,0.0,0.55,0.0,0.0
2010-09-05,22952,60 CAKE CASES VINTAGE CHRISTMAS,0.0,0.0,0.55,0.0,0.0
2010-09-12,22952,60 CAKE CASES VINTAGE CHRISTMAS,0.0,0.0,0.55,0.0,0.0
2010-09-19,22952,60 CAKE CASES VINTAGE CHRISTMAS,182.0,84.5,0.5453571428571429,5.0,4.0
2010-09-26,22952,60 CAKE CASES VINTAGE CHRISTMAS,2238.0,1103.64,0.6104308390022676,58.0,50.0
2010-10-03,22952,60 CAKE CASES VINTAGE CHRISTMAS,2596.0,1262.29,0.6312840136054422,62.0,53.0
2010-10-10,22952,60 CAKE CASES VINTAGE CHRISTMAS,1126.0,605.01,0.6881337868480726,45.0,38.0
2010-10-17,22952,60 CAKE CASES VINTAGE CHRISTMAS,1455.0,754.27,0.731031746031746,46.0,36.0
2010-10-24,22952,60 CAKE CASES VINTAGE CHRISTMAS,1132.0,632.3000000000001,0.6941153846153847,52.0,42.0
2010-10-31,22952,60 CAKE CASES VINTAGE CHRISTMAS,676.0,381.37,0.726370486656201,36.0,30.0
2010-11-07,22952,60 CAKE CASES VINTAGE CHRISTMAS,3083.0,1423.94,0.6324285714285715,54.0,45.0
2010-11-14,22952,60 CAKE CASES VINTAGE CHRISTMAS,1366.0,1165.22,0.7579979385693673,52.0,41.0
2010-11-21,22952,60 CAKE CASES VINTAGE CHRISTMAS,2109.0,1644.32,0.7298636363636364,49.0,39.0
2010-11-28,22952,60 CAKE CASES VINTAGE CHRISTMAS,824.0,544.33,0.7817930242272347,53.0,43.0
2010-12-05,22952,60 CAKE CASES VINTAGE CHRISTMAS,1013.0,725.75,0.7464625850340136,37.0,29.0
2010-12-12,22952,60 CAKE CASES VINTAGE CHRISTMAS,726.0,588.58,0.849012987012987,35.0,25.0
2010-12-19,22952,60 CAKE CASES VINTAGE CHRISTMAS,529.0,255.95,0.8183571428571429,18.0,10.0
2010-12-26,22952,60 CAKE CASES VINTAGE CHRISTMAS,25.0,14.48,0.9671428571428572,2.0,1.0
2011-01-02,22952,60 CAKE CASES VINTAGE CHRISTMAS,0.0,0.0,1.28,0.0,0.0
2011-01-09,22952,60 CAKE CASES VINTAGE CHRISTMAS,6.0,7.680000000000001,1.28,3.0,0.0
2011-01-16,22952,60 CAKE CASES VINTAGE CHRISTMAS,0.0,0.0,1.28,0.0,0.0
2011-01-23,22952,60 CAKE CASES VINTAGE CHRISTMAS,1.0,1.25,1.25,1.0,0.0
2011-01-30,22952,60 CAKE CASES VINTAGE CHRISTMAS,2.0,2.5,1.25,1.0,0.0
2011-02-06,22952,60 CAKE CASES VINTAGE CHRISTMAS,0.0,0.0,1.25,0.0,0.0
2011-02-13,22952,60 CAKE CASES VINTAGE CHRISTMAS,1.0,1.25,1.25,1.0,0.0
2011-02-20,22952,60 CAKE CASES VINTAGE CHRISTMAS,0.0,0.0,1.25,0.0,0.0
2011-02-27,22952,60 CAKE CASES VINTAGE CHRISTMAS,1.0,1.25,1.25,1.0,0.0
2011-03-06,22952,60 CAKE CASES VINTAGE CHRISTMAS,1.0,1.25,1.25,1.0,0.0
2011-03-13,22952,60 CAKE CASES VINTAGE CHRISTMAS,0.0,0.0,1.25,0.0,0.0
2011-03-20,22952,60 CAKE CASES VINTAGE CHRISTMAS,0.0,0.0,1.25,0.0,0.0
2011-03-27,22952,60 CAKE CASES VINTAGE CHRISTMAS,24.0,13.200000000000001,0.6500000000000001,1.0,1.0
2011-04-03,22952,60 CAKE CASES VINTAGE CHRISTMAS,0.0,0.0,0.55,0.0,0.0
2011-04-10,22952,60 CAKE CASES VINTAGE CHRISTMAS,1.0,1.25,0.9500000000000001,1.0,0.0
2011-04-17,22952,60 CAKE CASES VINTAGE CHRISTMAS,0.0,0.0,1.25,0.0,0.0
2011-04-24,22952,60 CAKE CASES VINTAGE CHRISTMAS,0.0,0.0,1.25,0.0,0.0
2011-05-01,22952,60 CAKE CASES VINTAGE CHRISTMAS,1.0,1.25,1.25,1.0,0.0
2011-05-08,22952,60 CAKE CASES VINTAGE CHRISTMAS,0.0,0.0,1.25,0.0,0.0
2011-05-15,22952,60 CAKE CASES VINTAGE CHRISTMAS,1.0,0.55,0.85,1.0,1.0
2011-05-22,22952,60 CAKE CASES VINTAGE CHRISTMAS,0.0,0.0,0.55,0.0,0.0
2011-05-29,22952,60 CAKE CASES VINTAGE CHRISTMAS,0.0,0.0,0.55,0.0,0.0
2011-06-05,22952,60 CAKE CASES VINTAGE CHRISTMAS,0.0,0.0,0.55,0.0,0.0
2011-06-12,22952,60 CAKE CASES VINTAGE CHRISTMAS,0.0,0.0,0.55,0.0,0.0
2011-06-19,22952,60 CAKE CASES VINTAGE CHRISTMAS,2.0,2.5,1.1500000000000001,2.0,0.0
2011-06-26,22952,60 CAKE CASES VINTAGE CHRISTMAS,3.0,2.35,1.1500000000000001,2.0,1.0
2011-07-03,22952,60 CAKE CASES VINTAGE CHRISTMAS,27.0,15.55,0.85,3.0,2.0
2011-07-10,22952,60 CAKE CASES VINTAGE CHRISTMAS,144.0,63.6,0.4571428571428572,2.0,2.0
2011-07-17,22952,60 CAKE CASES VINTAGE CHRISTMAS,176.0,82.73,0.75,7.0,6.0
2011-07-24,22952,60 CAKE CASES VINTAGE CHRISTMAS,37.0,25.509999999999998,0.8740476190476191,8.0,5.0
2011-07-31,22952,60 CAKE CASES VINTAGE CHRISTMAS,843.0,403.35,0.7283333333333334,12.0,8.0
2011-08-07,22952,60 CAKE CASES VINTAGE CHRISTMAS,288.0,127.2,0.5066666666666667,3.0,3.0
2011-08-14,22952,60 CAKE CASES VINTAGE CHRISTMAS,101.0,63.2,0.9871428571428572,5.0,4.0
2011-08-21,22952,60 CAKE CASES VINTAGE CHRISTMAS,299.0,139.37,0.7592857142857143,6.0,5.0
2011-08-28,22952,60 CAKE CASES VINTAGE CHRISTMAS,118.0,66.43,0.6046428571428571,8.0,7.0
2011-09-04,22952,60 CAKE CASES VINTAGE CHRISTMAS,470.0,218.7,0.8938095238095238,12.0,5.0
2011-09-11,22952,60 CAKE CASES VINTAGE CHRISTMAS,723.0,352.95,0.6419047619047619,19.0,17.0
2011-09-18,22952,60 CAKE CASES VINTAGE CHRISTMAS,1327.0,650.72,0.7790476190476191,21.0,17.0
2011-09-25,22952,60 CAKE CASES VINTAGE CHRISTMAS,861.0,450.57000000000005,0.698968253968254,34.0,29.0
2011-10-02,22952,60 CAKE CASES VINTAGE CHRISTMAS,340.0,204.45000000000002,0.8906190476190476,20.0,14.0
2011-10-09,22952,60 CAKE CASES VINTAGE CHRISTMAS,634.0,344.82,0.6904761904761906,32.0,25.0
2011-10-16,22952,60 CAKE CASES VINTAGE CHRISTMAS,314.0,190.1,0.7145238095238096,19.0,14.0
2011-10-23,22952,60 CAKE CASES VINTAGE CHRISTMAS,1551.0,804.4200000000001,0.6187142857142858,30.0,28.0
2011-10-30,22952,60 CAKE CASES VINTAGE CHRISTMAS,1250.0,646.26,0.656248299319728,35.0,30.0
2011-11-06,22952,60 CAKE CASES VINTAGE CHRISTMAS,568.0,329.86,0.7686666666666667,31.0,23.0
2011-11-13,22952,60 CAKE CASES VINTAGE CHRISTMAS,1296.0,968.3100000000001,0.7817755102040816,49.0,38.0
2011-11-20,22952,60 CAKE CASES VINTAGE CHRISTMAS,1088.0,952.2600000000001,0.7855952380952382,47.0,37.0
2011-11-27,22952,60 CAKE CASES VINTAGE CHRISTMAS,619.0,492.55,0.7806764663907522,47.0,36.0
2011-12-04,22952,60 CAKE CASES VINTAGE CHRISTMAS,1033.0,630.44,0.8321487441130299,43.0,29.0
2009-12-13,23084,RABBIT NIGHT LIGHT,0.0,0.0,2.08,0.0,0.0
2009-12-20,23084,RABBIT NIGHT LIGHT,0.0,0.0,2.08,0.0,0.0
2009-12-27,23084,RABBIT NIGHT LIGHT,0.0,0.0,2.08,0.0,0.0
2010-01-03,23084,RABBIT NIGHT LIGHT,0.0,0.0,2.08,0.0,0.0
2010-01-10,23084,RABBIT NIGHT LIGHT,0.0,0.0,2.08,0.0,0.0
2010-01-17,23084,RABBIT NIGHT LIGHT,0.0,0.0,2.08,0.0,0.0
2010-01-24,23084,RABBIT NIGHT LIGHT,0.0,0.0,2.08,0.0,0.0
2010-01-31,23084,RABBIT NIGHT LIGHT,0.0,0.0,2.08,0.0,0.0
2010-02-07,23084,RABBIT NIGHT LIGHT,0.0,0.0,2.08,0.0,0.0
2010-02-14,23084,RABBIT NIGHT LIGHT,0.0,0.0,2.08,0.0,0.0
2010-02-21,23084,RABBIT NIGHT LIGHT,0.0,0.0,2.08,0.0,0.0
2010-02-28,23084,RABBIT NIGHT LIGHT,0.0,0.0,2.08,0.0,0.0
2010-03-07,23084,RABBIT NIGHT LIGHT,0.0,0.0,2.08,0.0,0.0
2010-03-14,23084,RABBIT NIGHT LIGHT,0.0,0.0,2.08,0.0,0.0
2010-03-21,23084,RABBIT NIGHT LIGHT,0.0,0.0,2.08,0.0,0.0
2010-03-28,23084,RABBIT NIGHT LIGHT,0.0,0.0,2.08,0.0,0.0
2010-04-04,23084,RABBIT NIGHT LIGHT,0.0,0.0,2.08,0.0,0.0
2010-04-11,23084,RABBIT NIGHT LIGHT,0.0,0.0,2.08,0.0,0.0
2010-04-18,23084,RABBIT NIGHT LIGHT,0.0,0.0,2.08,0.0,0.0
2010-04-25,23084,RABBIT NIGHT LIGHT,0.0,0.0,2.08,0.0,0.0
2010-05-02,23084,RABBIT NIGHT LIGHT,0.0,0.0,2.08,0.0,0.0
2010-05-09,23084,RABBIT NIGHT LIGHT,0.0,0.0,2.08,0.0,0.0
2010-05-16,23084,RABBIT NIGHT LIGHT,0.0,0.0,2.08,0.0,0.0
2010-05-23,23084,RABBIT NIGHT LIGHT,0.0,0.0,2.08,0.0,0.0
2010-05-30,23084,RABBIT NIGHT LIGHT,0.0,0.0,2.08,0.0,0.0
2010-06-06,23084,RABBIT NIGHT LIGHT,0.0,0.0,2.08,0.0,0.0
2010-06-13,23084,RABBIT NIGHT LIGHT,0.0,0.0,2.08,0.0,0.0
2010-06-20,23084,RABBIT NIGHT LIGHT,0.0,0.0,2.08,0.0,0.0
2010-06-27,23084,RABBIT NIGHT LIGHT,0.0,0.0,2.08,0.0,0.0
2010-07-04,23084,RABBIT NIGHT LIGHT,0.0,0.0,2.08,0.0,0.0
2010-07-11,23084,RABBIT NIGHT LIGHT,0.0,0.0,2.08,0.0,0.0
2010-07-18,23084,RABBIT NIGHT LIGHT,0.0,0.0,2.08,0.0,0.0
2010-07-25,23084,RABBIT NIGHT LIGHT,0.0,0.0,2.08,0.0,0.0
2010-08-01,23084,RABBIT NIGHT LIGHT,0.0,0.0,2.08,0.0,0.0
2010-08-08,23084,RABBIT NIGHT LIGHT,0.0,0.0,2.08,0.0,0.0
2010-08-15,23084,RABBIT NIGHT LIGHT,0.0,0.0,2.08,0.0,0.0
2010-08-22,23084,RABBIT NIGHT LIGHT,0.0,0.0,2.08,0.0,0.0
2010-08-29,23084,RABBIT NIGHT LIGHT,0.0,0.0,2.08,0.0,0.0
2010-09-05,23084,RABBIT NIGHT LIGHT,0.0,0.0,2.08,0.0,0.0
2010-09-12,23084,RABBIT NIGHT LIGHT,0.0,0.0,2.08,0.0,0.0
2010-09-19,23084,RABBIT NIGHT LIGHT,0.0,0.0,2.08,0.0,0.0
2010-09-26,23084,RABBIT NIGHT LIGHT,0.0,0.0,2.08,0.0,0.0
2010-10-03,23084,RABBIT NIGHT LIGHT,0.0,0.0,2.08,0.0,0.0
2010-10-10,23084,RABBIT NIGHT LIGHT,0.0,0.0,2.08,0.0,0.0
2010-10-17,23084,RABBIT NIGHT LIGHT,0.0,0.0,2.08,0.0,0.0
2010-10-24,23084,RABBIT NIGHT LIGHT,0.0,0.0,2.08,0.0,0.0
2010-10-31,23084,RABBIT NIGHT LIGHT,0.0,0.0,2.08,0.0,0.0
2010-11-07,23084,RABBIT NIGHT LIGHT,0.0,0.0,2.08,0.0,0.0
2010-11-14,23084,RABBIT NIGHT LIGHT,0.0,0.0,2.08,0.0,0.0
2010-11-21,23084,RABBIT NIGHT LIGHT,0.0,0.0,2.08,0.0,0.0
2010-11-28,23084,RABBIT NIGHT LIGHT,0.0,0.0,2.08,0.0,0.0
2010-12-05,23084,RABBIT NIGHT LIGHT,0.0,0.0,2.08,0.0,0.0
2010-12-12,23084,RABBIT NIGHT LIGHT,0.0,0.0,2.08,0.0,0.0
2010-12-19,23084,RABBIT NIGHT LIGHT,0.0,0.0,2.08,0.0,0.0
2010-12-26,23084,RABBIT NIGHT LIGHT,0.0,0.0,2.08,0.0,0.0
2011-01-02,23084,RABBIT NIGHT LIGHT,0.0,0.0,2.08,0.0,0.0
2011-01-09,23084,RABBIT NIGHT LIGHT,0.0,0.0,2.08,0.0,0.0
2011-01-16,23084,RABBIT NIGHT LIGHT,0.0,0.0,2.08,0.0,0.0
2011-01-23,23084,RABBIT NIGHT LIGHT,0.0,0.0,2.08,0.0,0.0
2011-01-30,23084,RABBIT NIGHT LIGHT,0.0,0.0,2.08,0.0,0.0
2011-02-06,23084,RABBIT NIGHT LIGHT,0.0,0.0,2.08,0.0,0.0
2011-02-13,23084,RABBIT NIGHT LIGHT,0.0,0.0,2.08,0.0,0.0
2011-02-20,23084,RABBIT NIGHT LIGHT,0.0,0.0,2.08,0.0,0.0
2011-02-27,23084,RABBIT NIGHT LIGHT,0.0,0.0,2.08,0.0,0.0
2011-03-06,23084,RABBIT NIGHT LIGHT,0.0,0.0,2.08,0.0,0.0
2011-03-13,23084,RABBIT NIGHT LIGHT,0.0,0.0,2.08,0.0,0.0
2011-03-20,23084,RABBIT NIGHT LIGHT,0.0,0.0,2.08,0.0,0.0
2011-03-27,23084,RABBIT NIGHT LIGHT,0.0,0.0,2.08,0.0,0.0
2011-04-03,23084,RABBIT NIGHT LIGHT,0.0,0.0,2.08,0.0,0.0
2011-04-10,23084,RABBIT NIGHT LIGHT,0.0,0.0,2.08,0.0,0.0
2011-04-17,23084,RABBIT NIGHT LIGHT,0.0,0.0,2.08,0.0,0.0
2011-04-24,23084,RABBIT NIGHT LIGHT,0.0,0.0,2.08,0.0,0.0
2011-05-01,23084,RABBIT NIGHT LIGHT,0.0,0.0,2.08,0.0,0.0
2011-05-08,23084,RABBIT NIGHT LIGHT,0.0,0.0,2.08,0.0,0.0
2011-05-15,23084,RABBIT NIGHT LIGHT,344.0,651.14,2.0592857142857146,22.0,18.0
2011-05-22,23084,RABBIT NIGHT LIGHT,256.0,545.21,2.2815668934240363,33.0,27.0
2011-05-29,23084,RABBIT NIGHT LIGHT,454.0,937.7900000000001,2.312261904761905,30.0,23.0
2011-06-05,23084,RABBIT NIGHT LIGHT,135.0,281.66,3.3264761904761904,15.0,7.0
2011-06-12,23084,RABBIT NIGHT LIGHT,199.0,404.1,2.6608403361344535,23.0,21.0
2011-06-19,23084,RABBIT NIGHT LIGHT,642.0,1183.48,2.2126428571428574,25.0,22.0
2011-06-26,23084,RABBIT NIGHT LIGHT,651.0,1235.0,2.1790249433106577,30.0,25.0
2011-07-03,23084,RABBIT NIGHT LIGHT,174.0,395.04,3.0042619047619046,16.0,9.0
2011-07-10,23084,RABBIT NIGHT LIGHT,140.0,337.97,3.575047619047619,20.0,7.0
2011-07-17,23084,RABBIT NIGHT LIGHT,128.0,241.69,3.5028571428571427,8.0,1.0
2011-07-24,23084,RABBIT NIGHT LIGHT,2.0,8.26,4.13,2.0,0.0
2011-07-31,23084,RABBIT NIGHT LIGHT,13.0,53.690000000000005,4.13,5.0,0.0
2011-08-07,23084,RABBIT NIGHT LIGHT,6.0,24.78,4.13,3.0,0.0
2011-08-14,23084,RABBIT NIGHT LIGHT,10.0,39.25,3.983571428571428,4.0,0.0
2011-08-21,23084,RABBIT NIGHT LIGHT,1.0,4.13,4.13,1.0,0.0
2011-08-28,23084,RABBIT NIGHT LIGHT,768.0,1531.13,3.084285714285714,14.0,12.0
2011-09-04,23084,RABBIT NIGHT LIGHT,1161.0,2154.98,2.8233333333333337,30.0,18.0
2011-09-11,23084,RABBIT NIGHT LIGHT,10.0,41.3,4.13,7.0,0.0
2011-09-18,23084,RABBIT NIGHT LIGHT,13.0,53.69,4.13,5.0,0.0
2011-09-25,23084,RABBIT NIGHT LIGHT,35.0,144.55,4.13,7.0,0.0
2011-10-02,23084,RABBIT NIGHT LIGHT,58.0,239.54000000000002,4.13,7.0,1.0
2011-10-09,23084,RABBIT NIGHT LIGHT,373.0,698.0899999999999,4.018571428571429,7.0,2.0
2011-10-16,23084,RABBIT NIGHT LIGHT,3.0,10.34,2.3728571428571428,2.0,1.0
2011-10-23,23084,RABBIT NIGHT LIGHT,14.0,57.82,3.837142857142857,3.0,0.0
2011-10-30,23084,RABBIT NIGHT LIGHT,5593.0,10739.380000000001,2.5447339961625675,43.0,42.0
2011-11-06,23084,RABBIT NIGHT LIGHT,2672.0,5249.900000000001,2.1720694539378753,97.0,86.0
2011-11-13,23084,RABBIT NIGHT LIGHT,2646.0,7521.29,2.2738835677995897,115.0,98.0
2011-11-20,23084,RABBIT NIGHT LIGHT,4279.0,10687.69,2.223019806886909,123.0,109.0
2011-11-27,23084,RABBIT NIGHT LIGHT,2343.0,5109.7699999999995,2.299450780312125,106.0,90.0
2011-12-04,23084,RABBIT NIGHT LIGHT,4460.0,9265.64,2.2151647451963243,116.0,104.0
2009-12-13,23166,MEDIUM CERAMIC TOP STORAGE JAR,0.0,0.0,1.04,0.0,0.0
2009-12-20,23166,MEDIUM CERAMIC TOP STORAGE JAR,0.0,0.0,1.04,0.0,0.0
2009-12-27,23166,MEDIUM CERAMIC TOP STORAGE JAR,0.0,0.0,1.04,0.0,0.0
2010-01-03,23166,MEDIUM CERAMIC TOP STORAGE JAR,0.0,0.0,1.04,0.0,0.0
2010-01-10,23166,MEDIUM CERAMIC TOP STORAGE JAR,0.0,0.0,1.04,0.0,0.0
2010-01-17,23166,MEDIUM CERAMIC TOP STORAGE JAR,0.0,0.0,1.04,0.0,0.0
2010-01-24,23166,MEDIUM CERAMIC TOP STORAGE JAR,0.0,0.0,1.04,0.0,0.0
2010-01-31,23166,MEDIUM CERAMIC TOP STORAGE JAR,0.0,0.0,1.04,0.0,0.0
2010-02-07,23166,MEDIUM CERAMIC TOP STORAGE JAR,0.0,0.0,1.04,0.0,0.0
2010-02-14,23166,MEDIUM CERAMIC TOP STORAGE JAR,0.0,0.0,1.04,0.0,0.0
2010-02-21,23166,MEDIUM CERAMIC TOP STORAGE JAR,0.0,0.0,1.04,0.0,0.0
2010-02-28,23166,MEDIUM CERAMIC TOP STORAGE JAR,0.0,0.0,1.04,0.0,0.0
2010-03-07,23166,MEDIUM CERAMIC TOP STORAGE JAR,0.0,0.0,1.04,0.0,0.0
2010-03-14,23166,MEDIUM CERAMIC TOP STORAGE JAR,0.0,0.0,1.04,0.0,0.0
2010-03-21,23166,MEDIUM CERAMIC TOP STORAGE JAR,0.0,0.0,1.04,0.0,0.0
2010-03-28,23166,MEDIUM CERAMIC TOP STORAGE JAR,0.0,0.0,1.04,0.0,0.0
2010-04-04,23166,MEDIUM CERAMIC TOP STORAGE JAR,0.0,0.0,1.04,0.0,0.0
2010-04-11,23166,MEDIUM CERAMIC TOP STORAGE JAR,0.0,0.0,1.04,0.0,0.0
2010-04-18,23166,MEDIUM CERAMIC TOP STORAGE JAR,0.0,0.0,1.04,0.0,0.0
2010-04-25,23166,MEDIUM CERAMIC TOP STORAGE JAR,0.0,0.0,1.04,0.0,0.0
2010-05-02,23166,MEDIUM CERAMIC TOP STORAGE JAR,0.0,0.0,1.04,0.0,0.0
2010-05-09,23166,MEDIUM CERAMIC TOP STORAGE JAR,0.0,0.0,1.04,0.0,0.0
2010-05-16,23166,MEDIUM CERAMIC TOP STORAGE JAR,0.0,0.0,1.04,0.0,0.0
2010-05-23,23166,MEDIUM CERAMIC TOP STORAGE JAR,0.0,0.0,1.04,0.0,0.0
2010-05-30,23166,MEDIUM CERAMIC TOP STORAGE JAR,0.0,0.0,1.04,0.0,0.0
2010-06-06,23166,MEDIUM CERAMIC TOP STORAGE JAR,0.0,0.0,1.04,0.0,0.0
2010-06-13,23166,MEDIUM CERAMIC TOP STORAGE JAR,0.0,0.0,1.04,0.0,0.0
2010-06-20,23166,MEDIUM CERAMIC TOP STORAGE JAR,0.0,0.0,1.04,0.0,0.0
2010-06-27,23166,MEDIUM CERAMIC TOP STORAGE JAR,0.0,0.0,1.04,0.0,0.0
2010-07-04,23166,MEDIUM CERAMIC TOP STORAGE JAR,0.0,0.0,1.04,0.0,0.0
2010-07-11,23166,MEDIUM CERAMIC TOP STORAGE JAR,0.0,0.0,1.04,0.0,0.0
2010-07-18,23166,MEDIUM CERAMIC TOP STORAGE JAR,0.0,0.0,1.04,0.0,0.0
2010-07-25,23166,MEDIUM CERAMIC TOP STORAGE JAR,0.0,0.0,1.04,0.0,0.0
2010-08-01,23166,MEDIUM CERAMIC TOP STORAGE JAR,0.0,0.0,1.04,0.0,0.0
2010-08-08,23166,MEDIUM CERAMIC TOP STORAGE JAR,0.0,0.0,1.04,0.0,0.0
2010-08-15,23166,MEDIUM CERAMIC TOP STORAGE JAR,0.0,0.0,1.04,0.0,0.0
2010-08-22,23166,MEDIUM CERAMIC TOP STORAGE JAR,0.0,0.0,1.04,0.0,0.0
2010-08-29,23166,MEDIUM CERAMIC TOP STORAGE JAR,0.0,0.0,1.04,0.0,0.0
2010-09-05,23166,MEDIUM CERAMIC TOP STORAGE JAR,0.0,0.0,1.04,0.0,0.0
2010-09-12,23166,MEDIUM CERAMIC TOP STORAGE JAR,0.0,0.0,1.04,0.0,0.0
2010-09-19,23166,MEDIUM CERAMIC TOP STORAGE JAR,0.0,0.0,1.04,0.0,0.0
2010-09-26,23166,MEDIUM CERAMIC TOP STORAGE JAR,0.0,0.0,1.04,0.0,0.0
2010-10-03,23166,MEDIUM CERAMIC TOP STORAGE JAR,0.0,0.0,1.04,0.0,0.0
2010-10-10,23166,MEDIUM CERAMIC TOP STORAGE JAR,0.0,0.0,1.04,0.0,0.0
2010-10-17,23166,MEDIUM CERAMIC TOP STORAGE JAR,0.0,0.0,1.04,0.0,0.0
2010-10-24,23166,MEDIUM CERAMIC TOP STORAGE JAR,0.0,0.0,1.04,0.0,0.0
2010-10-31,23166,MEDIUM CERAMIC TOP STORAGE JAR,0.0,0.0,1.04,0.0,0.0
2010-11-07,23166,MEDIUM CERAMIC TOP STORAGE JAR,0.0,0.0,1.04,0.0,0.0
2010-11-14,23166,MEDIUM CERAMIC TOP STORAGE JAR,0.0,0.0,1.04,0.0,0.0
2010-11-21,23166,MEDIUM CERAMIC TOP STORAGE JAR,0.0,0.0,1.04,0.0,0.0
2010-11-28,23166,MEDIUM CERAMIC TOP STORAGE JAR,0.0,0.0,1.04,0.0,0.0
2010-12-05,23166,MEDIUM CERAMIC TOP STORAGE JAR,0.0,0.0,1.04,0.0,0.0
2010-12-12,23166,MEDIUM CERAMIC TOP STORAGE JAR,0.0,0.0,1.04,0.0,0.0
2010-12-19,23166,MEDIUM CERAMIC TOP STORAGE JAR,0.0,0.0,1.04,0.0,0.0
2010-12-26,23166,MEDIUM CERAMIC TOP STORAGE JAR,0.0,0.0,1.04,0.0,0.0
2011-01-02,23166,MEDIUM CERAMIC TOP STORAGE JAR,0.0,0.0,1.04,0.0,0.0
2011-01-09,23166,MEDIUM CERAMIC TOP STORAGE JAR,0.0,0.0,1.04,0.0,0.0
2011-01-16,23166,MEDIUM CERAMIC TOP STORAGE JAR,0.0,0.0,1.04,0.0,0.0
2011-01-23,23166,MEDIUM CERAMIC TOP STORAGE JAR,74215.0,77183.6,1.04,1.0,1.0
2011-01-30,23166,MEDIUM CERAMIC TOP STORAGE JAR,0.0,0.0,1.04,0.0,0.0
2011-02-06,23166,MEDIUM CERAMIC TOP STORAGE JAR,0.0,0.0,1.04,0.0,0.0
2011-02-13,23166,MEDIUM CERAMIC TOP STORAGE JAR,0.0,0.0,1.04,0.0,0.0
2011-02-20,23166,MEDIUM CERAMIC TOP STORAGE JAR,0.0,0.0,1.04,0.0,0.0
2011-02-27,23166,MEDIUM CERAMIC TOP STORAGE JAR,0.0,0.0,1.04,0.0,0.0
2011-03-06,23166,MEDIUM CERAMIC TOP STORAGE JAR,0.0,0.0,1.04,0.0,0.0
2011-03-13,23166,MEDIUM CERAMIC TOP STORAGE JAR,0.0,0.0,1.04,0.0,0.0
2011-03-20,23166,MEDIUM CERAMIC TOP STORAGE JAR,0.0,0.0,1.04,0.0,0.0
2011-03-27,23166,MEDIUM CERAMIC TOP STORAGE JAR,0.0,0.0,1.04,0.0,0.0
2011-04-03,23166,MEDIUM CERAMIC TOP STORAGE JAR,0.0,0.0,1.04,0.0,0.0
2011-04-10,23166,MEDIUM CERAMIC TOP STORAGE JAR,0.0,0.0,1.04,0.0,0.0
2011-04-17,23166,MEDIUM CERAMIC TOP STORAGE JAR,0.0,0.0,1.04,0.0,0.0
2011-04-24,23166,MEDIUM CERAMIC TOP STORAGE JAR,0.0,0.0,1.04,0.0,0.0
2011-05-01,23166,MEDIUM CERAMIC TOP STORAGE JAR,0.0,0.0,1.04,0.0,0.0
2011-05-08,23166,MEDIUM CERAMIC TOP STORAGE JAR,0.0,0.0,1.04,0.0,0.0
2011-05-15,23166,MEDIUM CERAMIC TOP STORAGE JAR,192.0,209.76,1.1300000000000001,8.0,8.0
2011-05-22,23166,MEDIUM CERAMIC TOP STORAGE JAR,393.0,435.61,1.3547619047619046,14.0,12.0
2011-05-29,23166,MEDIUM CERAMIC TOP STORAGE JAR,215.0,243.35000000000002,1.2814285714285716,12.0,10.0
2011-06-05,23166,MEDIUM CERAMIC TOP STORAGE JAR,67.0,84.96000000000001,1.5807142857142857,7.0,6.0
2011-06-12,23166,MEDIUM CERAMIC TOP STORAGE JAR,145.0,176.01,1.3928571428571428,12.0,10.0
2011-06-19,23166,MEDIUM CERAMIC TOP STORAGE JAR,125.0,136.09,1.2349999999999999,5.0,5.0
2011-06-26,23166,MEDIUM CERAMIC TOP STORAGE JAR,54.0,69.92,1.6821428571428572,8.0,6.0
2011-07-03,23166,MEDIUM CERAMIC TOP STORAGE JAR,7.0,8.75,1.25,2.0,2.0
2011-07-10,23166,MEDIUM CERAMIC TOP STORAGE JAR,82.0,100.89,2.185714285714286,9.0,4.0
2011-07-17,23166,MEDIUM CERAMIC TOP STORAGE JAR,94.0,112.26,1.5657142857142858,8.0,6.0
2011-07-24,23166,MEDIUM CERAMIC TOP STORAGE JAR,193.0,200.93,1.2164285714285714,3.0,3.0
2011-07-31,23166,MEDIUM CERAMIC TOP STORAGE JAR,362.0,443.63,1.3478571428571429,6.0,3.0
2011-08-07,23166,MEDIUM CERAMIC TOP STORAGE JAR,128.0,169.68,1.422857142857143,13.0,12.0
2011-08-14,23166,MEDIUM CERAMIC TOP STORAGE JAR,59.0,79.8,1.6389285714285715,7.0,5.0
2011-08-21,23166,MEDIUM CERAMIC TOP STORAGE JAR,141.0,156.09,1.2349999999999999,5.0,5.0
2011-08-28,23166,MEDIUM CERAMIC TOP STORAGE JAR,82.0,107.34,1.5092857142857141,10.0,8.0
2011-09-04,23166,MEDIUM CERAMIC TOP STORAGE JAR,24.0,37.26,1.984642857142857,6.0,2.0
2011-09-11,23166,MEDIUM CERAMIC TOP STORAGE JAR,129.0,144.72,1.2176190476190476,6.0,5.0
2011-09-18,23166,MEDIUM CERAMIC TOP STORAGE JAR,39.0,48.75,1.25,5.0,5.0
2011-09-25,23166,MEDIUM CERAMIC TOP STORAGE JAR,92.0,104.92,1.205,7.0,7.0
2011-10-02,23166,MEDIUM CERAMIC TOP STORAGE JAR,79.0,98.75,1.25,8.0,8.0
2011-10-09,23166,MEDIUM CERAMIC TOP STORAGE JAR,42.0,56.13,1.9414285714285715,5.0,3.0
2011-10-16,23166,MEDIUM CERAMIC TOP STORAGE JAR,82.0,97.26,1.3552380952380951,6.0,4.0
2011-10-23,23166,MEDIUM CERAMIC TOP STORAGE JAR,57.0,72.46000000000001,1.3364285714285715,9.0,8.0
2011-10-30,23166,MEDIUM CERAMIC TOP STORAGE JAR,63.0,84.8,1.5092857142857141,9.0,8.0
2011-11-06,23166,MEDIUM CERAMIC TOP STORAGE JAR,33.0,43.67,1.3364285714285715,5.0,4.0
2011-11-13,23166,MEDIUM CERAMIC TOP STORAGE JAR,85.0,113.11000000000001,1.8638095238095238,8.0,4.0
2011-11-20,23166,MEDIUM CERAMIC TOP STORAGE JAR,36.0,48.63,1.5957142857142856,8.0,5.0
2011-11-27,23166,MEDIUM CERAMIC TOP STORAGE JAR,422.0,473.07,1.4024761904761907,12.0,7.0
2011-12-04,23166,MEDIUM CERAMIC TOP STORAGE JAR,119.0,150.77,1.989047619047619,13.0,8.0
2009-12-13,23843,"PAPER CRAFT , LITTLE BIRDIE",0.0,0.0,2.08,0.0,0.0
2009-12-20,23843,"PAPER CRAFT , LITTLE BIRDIE",0.0,0.0,2.08,0.0,0.0
2009-12-27,23843,"PAPER CRAFT , LITTLE BIRDIE",0.0,0.0,2.08,0.0,0.0
2010-01-03,23843,"PAPER CRAFT , LITTLE BIRDIE",0.0,0.0,2.08,0.0,0.0
2010-01-10,23843,"PAPER CRAFT , LITTLE BIRDIE",0.0,0.0,2.08,0.0,0.0
2010-01-17,23843,"PAPER CRAFT , LITTLE BIRDIE",0.0,0.0,2.08,0.0,0.0
2010-01-24,23843,"PAPER CRAFT , LITTLE BIRDIE",0.0,0.0,2.08,0.0,0.0
2010-01-31,23843,"PAPER CRAFT , LITTLE BIRDIE",0.0,0.0,2.08,0.0,0.0
2010-02-07,23843,"PAPER CRAFT , LITTLE BIRDIE",0.0,0.0,2.08,0.0,0.0
2010-02-14,23843,"PAPER CRAFT , LITTLE BIRDIE",0.0,0.0,2.08,0.0,0.0
2010-02-21,23843,"PAPER CRAFT , LITTLE BIRDIE",0.0,0.0,2.08,0.0,0.0
2010-02-28,23843,"PAPER CRAFT , LITTLE BIRDIE",0.0,0.0,2.08,0.0,0.0
2010-03-07,23843,"PAPER CRAFT , LITTLE BIRDIE",0.0,0.0,2.08,0.0,0.0
2010-03-14,23843,"PAPER CRAFT , LITTLE BIRDIE",0.0,0.0,2.08,0.0,0.0
2010-03-21,23843,"PAPER CRAFT , LITTLE BIRDIE",0.0,0.0,2.08,0.0,0.0
2010-03-28,23843,"PAPER CRAFT , LITTLE BIRDIE",0.0,0.0,2.08,0.0,0.0
2010-04-04,23843,"PAPER CRAFT , LITTLE BIRDIE",0.0,0.0,2.08,0.0,0.0
2010-04-11,23843,"PAPER CRAFT , LITTLE BIRDIE",0.0,0.0,2.08,0.0,0.0
2010-04-18,23843,"PAPER CRAFT , LITTLE BIRDIE",0.0,0.0,2.08,0.0,0.0
2010-04-25,23843,"PAPER CRAFT , LITTLE BIRDIE",0.0,0.0,2.08,0.0,0.0
2010-05-02,23843,"PAPER CRAFT , LITTLE BIRDIE",0.0,0.0,2.08,0.0,0.0
2010-05-09,23843,"PAPER CRAFT , LITTLE BIRDIE",0.0,0.0,2.08,0.0,0.0
2010-05-16,23843,"PAPER CRAFT , LITTLE BIRDIE",0.0,0.0,2.08,0.0,0.0
2010-05-23,23843,"PAPER CRAFT , LITTLE BIRDIE",0.0,0.0,2.08,0.0,0.0
2010-05-30,23843,"PAPER CRAFT , LITTLE BIRDIE",0.0,0.0,2.08,0.0,0.0
2010-06-06,23843,"PAPER CRAFT , LITTLE BIRDIE",0.0,0.0,2.08,0.0,0.0
2010-06-13,23843,"PAPER CRAFT , LITTLE BIRDIE",0.0,0.0,2.08,0.0,0.0
2010-06-20,23843,"PAPER CRAFT , LITTLE BIRDIE",0.0,0.0,2.08,0.0,0.0
2010-06-27,23843,"PAPER CRAFT , LITTLE BIRDIE",0.0,0.0,2.08,0.0,0.0
2010-07-04,23843,"PAPER CRAFT , LITTLE BIRDIE",0.0,0.0,2.08,0.0,0.0
2010-07-11,23843,"PAPER CRAFT , LITTLE BIRDIE",0.0,0.0,2.08,0.0,0.0
2010-07-18,23843,"PAPER CRAFT , LITTLE BIRDIE",0.0,0.0,2.08,0.0,0.0
2010-07-25,23843,"PAPER CRAFT , LITTLE BIRDIE",0.0,0.0,2.08,0.0,0.0
2010-08-01,23843,"PAPER CRAFT , LITTLE BIRDIE",0.0,0.0,2.08,0.0,0.0
2010-08-08,23843,"PAPER CRAFT , LITTLE BIRDIE",0.0,0.0,2.08,0.0,0.0
2010-08-15,23843,"PAPER CRAFT , LITTLE BIRDIE",0.0,0.0,2.08,0.0,0.0
2010-08-22,23843,"PAPER CRAFT , LITTLE BIRDIE",0.0,0.0,2.08,0.0,0.0
2010-08-29,23843,"PAPER CRAFT , LITTLE BIRDIE",0.0,0.0,2.08,0.0,0.0
2010-09-05,23843,"PAPER CRAFT , LITTLE BIRDIE",0.0,0.0,2.08,0.0,0.0
2010-09-12,23843,"PAPER CRAFT , LITTLE BIRDIE",0.0,0.0,2.08,0.0,0.0
2010-09-19,23843,"PAPER CRAFT , LITTLE BIRDIE",0.0,0.0,2.08,0.0,0.0
2010-09-26,23843,"PAPER CRAFT , LITTLE BIRDIE",0.0,0.0,2.08,0.0,0.0
2010-10-03,23843,"PAPER CRAFT , LITTLE BIRDIE",0.0,0.0,2.08,0.0,0.0
2010-10-10,23843,"PAPER CRAFT , LITTLE BIRDIE",0.0,0.0,2.08,0.0,0.0
2010-10-17,23843,"PAPER CRAFT , LITTLE BIRDIE",0.0,0.0,2.08,0.0,0.0
2010-10-24,23843,"PAPER CRAFT , LITTLE BIRDIE",0.0,0.0,2.08,0.0,0.0
2010-10-31,23843,"PAPER CRAFT , LITTLE BIRDIE",0.0,0.0,2.08,0.0,0.0
2010-11-07,23843,"PAPER CRAFT , LITTLE BIRDIE",0.0,0.0,2.08,0.0,0.0
2010-11-14,23843,"PAPER CRAFT , LITTLE BIRDIE",0.0,0.0,2.08,0.0,0.0
2010-11-21,23843,"PAPER CRAFT , LITTLE BIRDIE",0.0,0.0,2.08,0.0,0.0
2010-11-28,23843,"PAPER CRAFT , LITTLE BIRDIE",0.0,0.0,2.08,0.0,0.0
2010-12-05,23843,"PAPER CRAFT , LITTLE BIRDIE",0.0,0.0,2.08,0.0,0.0
2010-12-12,23843,"PAPER CRAFT , LITTLE BIRDIE",0.0,0.0,2.08,0.0,0.0
2010-12-19,23843,"PAPER CRAFT , LITTLE BIRDIE",0.0,0.0,2.08,0.0,0.0
2010-12-26,23843,"PAPER CRAFT , LITTLE BIRDIE",0.0,0.0,2.08,0.0,0.0
2011-01-02,23843,"PAPER CRAFT , LITTLE BIRDIE",0.0,0.0,2.08,0.0,0.0
2011-01-09,23843,"PAPER CRAFT , LITTLE BIRDIE",0.0,0.0,2.08,0.0,0.0
2011-01-16,23843,"PAPER CRAFT , LITTLE BIRDIE",0.0,0.0,2.08,0.0,0.0
2011-01-23,23843,"PAPER CRAFT , LITTLE BIRDIE",0.0,0.0,2.08,0.0,0.0
2011-01-30,23843,"PAPER CRAFT , LITTLE BIRDIE",0.0,0.0,2.08,0.0,0.0
2011-02-06,23843,"PAPER CRAFT , LITTLE BIRDIE",0.0,0.0,2.08,0.0,0.0
2011-02-13,23843,"PAPER CRAFT , LITTLE BIRDIE",0.0,0.0,2.08,0.0,0.0
2011-02-20,23843,"PAPER CRAFT , LITTLE BIRDIE",0.0,0.0,2.08,0.0,0.0
2011-02-27,23843,"PAPER CRAFT , LITTLE BIRDIE",0.0,0.0,2.08,0.0,0.0
2011-03-06,23843,"PAPER CRAFT , LITTLE BIRDIE",0.0,0.0,2.08,0.0,0.0
2011-03-13,23843,"PAPER CRAFT , LITTLE BIRDIE",0.0,0.0,2.08,0.0,0.0
2011-03-20,23843,"PAPER CRAFT , LITTLE BIRDIE",0.0,0.0,2.08,0.0,0.0
2011-03-27,23843,"PAPER CRAFT , LITTLE BIRDIE",0.0,0.0,2.08,0.0,0.0
2011-04-03,23843,"PAPER CRAFT , LITTLE BIRDIE",0.0,0.0,2.08,0.0,0.0
2011-04-10,23843,"PAPER CRAFT , LITTLE BIRDIE",0.0,0.0,2.08,0.0,0.0
2011-04-17,23843,"PAPER CRAFT , LITTLE BIRDIE",0.0,0.0,2.08,0.0,0.0
2011-04-24,23843,"PAPER CRAFT , LITTLE BIRDIE",0.0,0.0,2.08,0.0,0.0
2011-05-01,23843,"PAPER CRAFT , LITTLE BIRDIE",0.0,0.0,2.08,0.0,0.0
2011-05-08,23843,"PAPER CRAFT , LITTLE BIRDIE",0.0,0.0,2.08,0.0,0.0
2011-05-15,23843,"PAPER CRAFT , LITTLE BIRDIE",0.0,0.0,2.08,0.0,0.0
2011-05-22,23843,"PAPER CRAFT , LITTLE BIRDIE",0.0,0.0,2.08,0.0,0.0
2011-05-29,23843,"PAPER CRAFT , LITTLE BIRDIE",0.0,0.0,2.08,0.0,0.0
2011-06-05,23843,"PAPER CRAFT , LITTLE BIRDIE",0.0,0.0,2.08,0.0,0.0
2011-06-12,23843,"PAPER CRAFT , LITTLE BIRDIE",0.0,0.0,2.08,0.0,0.0
2011-06-19,23843,"PAPER CRAFT , LITTLE BIRDIE",0.0,0.0,2.08,0.0,0.0
2011-06-26,23843,"PAPER CRAFT , LITTLE BIRDIE",0.0,0.0,2.08,0.0,0.0
2011-07-03,23843,"PAPER CRAFT , LITTLE BIRDIE",0.0,0.0,2.08,0.0,0.0
2011-07-10,23843,"PAPER CRAFT , LITTLE BIRDIE",0.0,0.0,2.08,0.0,0.0
2011-07-17,23843,"PAPER CRAFT , LITTLE BIRDIE",0.0,0.0,2.08,0.0,0.0
2011-07-24,23843,"PAPER CRAFT , LITTLE BIRDIE",0.0,0.0,2.08,0.0,0.0
2011-07-31,23843,"PAPER CRAFT , LITTLE BIRDIE",0.0,0.0,2.08,0.0,0.0
2011-08-07,23843,"PAPER CRAFT , LITTLE BIRDIE",0.0,0.0,2.08,0.0,0.0
2011-08-14,23843,"PAPER CRAFT , LITTLE BIRDIE",0.0,0.0,2.08,0.0,0.0
2011-08-21,23843,"PAPER CRAFT , LITTLE BIRDIE",0.0,0.0,2.08,0.0,0.0
2011-08-28,23843,"PAPER CRAFT , LITTLE BIRDIE",0.0,0.0,2.08,0.0,0.0
2011-09-04,23843,"PAPER CRAFT , LITTLE BIRDIE",0.0,0.0,2.08,0.0,0.0
2011-09-11,23843,"PAPER CRAFT , LITTLE BIRDIE",0.0,0.0,2.08,0.0,0.0
2011-09-18,23843,"PAPER CRAFT , LITTLE BIRDIE",0.0,0.0,2.08,0.0,0.0
2011-09-25,23843,"PAPER CRAFT , LITTLE BIRDIE",0.0,0.0,2.08,0.0,0.0
2011-10-02,23843,"PAPER CRAFT , LITTLE BIRDIE",0.0,0.0,2.08,0.0,0.0
2011-10-09,23843,"PAPER CRAFT , LITTLE BIRDIE",0.0,0.0,2.08,0.0,0.0
2011-10-16,23843,"PAPER CRAFT , LITTLE BIRDIE",0.0,0.0,2.08,0.0,0.0
2011-10-23,23843,"PAPER CRAFT , LITTLE BIRDIE",0.0,0.0,2.08,0.0,0.0
2011-10-30,23843,"PAPER CRAFT , LITTLE BIRDIE",0.0,0.0,2.08,0.0,0.0
2011-11-06,23843,"PAPER CRAFT , LITTLE BIRDIE",0.0,0.0,2.08,0.0,0.0
2011-11-13,23843,"PAPER CRAFT , LITTLE BIRDIE",0.0,0.0,2.08,0.0,0.0
2011-11-20,23843,"PAPER CRAFT , LITTLE BIRDIE",0.0,0.0,2.08,0.0,0.0
2011-11-27,23843,"PAPER CRAFT , LITTLE BIRDIE",0.0,0.0,2.08,0.0,0.0
2011-12-04,23843,"PAPER CRAFT , LITTLE BIRDIE",0.0,0.0,2.08,0.0,0.0
2009-12-13,47566,PARTY BUNTING,19.0,96.35000000000001,6.935714285714286,6.0,4.0
2009-12-20,47566,PARTY BUNTING,52.0,269.8,6.078571428571429,13.0,9.0
2009-12-27,47566,PARTY BUNTING,1.0,8.65,8.07857142857143,1.0,0.0
2010-01-03,47566,PARTY BUNTING,0.0,0.0,8.65,0.0,0.0
2010-01-10,47566,PARTY BUNTING,47.0,218.55,4.65,7.0,7.0
2010-01-17,47566,PARTY BUNTING,64.0,328.52,6.395238095238095,12.0,7.0
2010-01-24,47566,PARTY BUNTING,49.0,254.59,6.741904761904763,10.0,7.0
2010-01-31,47566,PARTY BUNTING,186.0,783.6399999999999,5.361428571428571,14.0,11.0
2010-02-07,47566,PARTY BUNTING,53.0,261.73,5.55952380952381,13.0,10.0
2010-02-14,47566,PARTY BUNTING,51.0,256.25,5.232095238095239,14.0,11.0
2010-02-21,47566,PARTY BUNTING,159.0,781.37,5.650476190476191,23.0,18.0
2010-02-28,47566,PARTY BUNTING,79.0,390.27000000000004,4.968333333333334,16.0,14.0
2010-03-07,47566,PARTY BUNTING,78.0,435.28000000000003,6.077952380952381,20.0,13.0
2010-03-14,47566,PARTY BUNTING,262.0,1152.32,4.932428571428572,23.0,17.0
2010-03-21,47566,PARTY BUNTING,224.0,1014.34,5.151360544217687,26.0,22.0
2010-03-28,47566,PARTY BUNTING,212.0,1008.72,5.364625850340137,30.0,26.0
2010-04-04,47566,PARTY BUNTING,149.0,1210.73,6.802478632478633,25.0,12.0
2010-04-11,47566,PARTY BUNTING,179.0,885.31,6.255000000000001,22.0,12.0
2010-04-18,47566,PARTY BUNTING,386.0,1600.5,4.592142857142858,29.0,29.0
2010-04-25,47566,PARTY BUNTING,525.0,2495.37,5.509894867037724,47.0,30.0
2010-05-02,47566,PARTY BUNTING,418.0,2114.56,5.524246031746032,51.0,33.0
2010-05-09,47566,PARTY BUNTING,565.0,2517.71,5.303472789115646,45.0,33.0
2010-05-16,47566,PARTY BUNTING,442.0,1877.24,4.988836734693878,36.0,30.0
2010-05-23,47566,PARTY BUNTING,450.0,2110.88,5.497857142857144,35.0,27.0
2010-05-30,47566,PARTY BUNTING,671.0,3068.73,5.31541628959276,58.0,42.0
2010-06-06,47566,PARTY BUNTING,301.0,1454.81,5.905436507936509,33.0,22.0
2010-06-13,47566,PARTY BUNTING,716.0,3233.52,5.159177489177489,54.0,45.0
2010-06-20,47566,PARTY BUNTING,142.0,744.5,7.068571428571429,15.0,8.0
2010-06-27,47566,PARTY BUNTING,52.0,440.44000000000005,8.47,6.0,0.0
2010-07-04,47566,PARTY BUNTING,51.0,321.19000000000005,7.651428571428572,7.0,0.0
2010-07-11,47566,PARTY BUNTING,52.0,241.8,4.65,7.0,0.0
2010-07-18,47566,PARTY BUNTING,44.0,319.2,5.741428571428572,7.0,0.0
2010-07-25,47566,PARTY BUNTING,52.0,329.66,6.741904761904763,9.0,2.0
2010-08-01,47566,PARTY BUNTING,34.0,287.98,8.47,4.0,0.0
2010-08-08,47566,PARTY BUNTING,57.0,475.15,6.287142857142858,8.0,2.0
2010-08-15,47566,PARTY BUNTING,188.0,1696.49,7.87,14.0,1.0
2010-08-22,47566,PARTY BUNTING,351.0,3220.3600000000006,7.712142857142857,9.0,0.0
2010-08-29,47566,PARTY BUNTING,9.0,76.23,7.651428571428572,1.0,0.0
2010-09-05,47566,PARTY BUNTING,8.0,67.76,8.47,4.0,0.0
2010-09-12,47566,PARTY BUNTING,6.0,31.720000000000006,4.922857142857143,5.0,1.0
2010-09-19,47566,PARTY BUNTING,0.0,0.0,4.65,0.0,0.0
2010-09-26,47566,PARTY BUNTING,99.0,415.35,4.628571428571429,6.0,6.0
2010-10-03,47566,PARTY BUNTING,916.0,3601.04,4.8354693877551025,36.0,32.0
2010-10-10,47566,PARTY BUNTING,262.0,1078.12,4.49452380952381,16.0,14.0
2010-10-17,47566,PARTY BUNTING,333.0,1514.39,5.032163265306123,39.0,34.0
2010-10-24,47566,PARTY BUNTING,167.0,746.83,5.233666666666667,21.0,18.0
2010-10-31,47566,PARTY BUNTING,155.0,634.35,4.607142857142857,16.0,15.0
2010-11-07,47566,PARTY BUNTING,58.0,284.98,6.150714285714287,16.0,12.0
2010-11-14,47566,PARTY BUNTING,98.0,463.34000000000003,5.286666666666668,18.0,16.0
2010-11-21,47566,PARTY BUNTING,286.0,1178.3400000000001,5.849047619047619,21.0,16.0
2010-11-28,47566,PARTY BUNTING,67.0,387.53,6.550119047619048,19.0,9.0
2010-12-05,47566,PARTY BUNTING,88.0,516.6,5.859523809523809,20.0,12.0
2010-12-12,47566,PARTY BUNTING,308.0,1462.74,6.991369047619048,19.0,9.0
2010-12-19,47566,PARTY BUNTING,29.0,154.8,6.347857142857143,10.0,6.0
2010-12-26,47566,PARTY BUNTING,24.0,151.93,5.415654761904762,12.0,4.0
2011-01-02,47566,PARTY BUNTING,0.0,0.0,4.65,0.0,0.0
2011-01-09,47566,PARTY BUNTING,145.0,586.71,5.206190476190478,9.0,7.0
2011-01-16,47566,PARTY BUNTING,85.0,468.89,6.83,14.0,10.0
2011-01-23,47566,PARTY BUNTING,69.0,373.39,6.602142857142857,17.0,10.0
2011-01-30,47566,PARTY BUNTING,171.0,760.4100000000001,5.815714285714286,16.0,13.0
2011-02-06,47566,PARTY BUNTING,232.0,1072.02,6.3022857142857145,20.0,14.0
2011-02-13,47566,PARTY BUNTING,292.0,1254.96,5.9237142857142855,21.0,17.0
2011-02-20,47566,PARTY BUNTING,189.0,908.11,6.165238095238095,17.0,13.0
2011-02-27,47566,PARTY BUNTING,157.0,859.79,5.956095238095238,20.0,16.0
2011-03-06,47566,PARTY BUNTING,255.0,1223.3000000000002,4.930095238095238,27.0,20.0
2011-03-13,47566,PARTY BUNTING,205.0,1301.8300000000002,5.908795918367347,28.0,21.0
2011-03-20,47566,PARTY BUNTING,606.0,2843.54,5.535904761904762,45.0,41.0
2011-03-27,47566,PARTY BUNTING,325.0,1785.71,5.824,35.0,26.0
2011-04-03,47566,PARTY BUNTING,376.0,2469.1200000000003,5.932204081632653,35.0,26.0
2011-04-10,47566,PARTY BUNTING,460.0,2322.28,5.551456480027909,53.0,46.0
2011-04-17,47566,PARTY BUNTING,542.0,3077.7,5.274535147392291,47.0,45.0
2011-04-24,47566,PARTY BUNTING,648.0,3483.92,6.08199775014901,55.0,42.0
2011-05-01,47566,PARTY BUNTING,276.0,1840.1200000000001,5.892508785332315,35.0,28.0
2011-05-08,47566,PARTY BUNTING,984.0,5226.24,5.551080189651619,53.0,45.0
2011-05-15,47566,PARTY BUNTING,756.0,4021.56,6.222231768231768,61.0,48.0
2011-05-22,47566,PARTY BUNTING,754.0,3918.62,5.27930612244898,64.0,57.0
2011-05-29,47566,PARTY BUNTING,839.0,4652.41,5.456530612244898,47.0,38.0
2011-06-05,47566,PARTY BUNTING,434.0,2327.0200000000004,5.748639455782312,45.0,37.0
2011-06-12,47566,PARTY BUNTING,663.0,4019.9300000000003,5.784498599439776,58.0,49.0
2011-06-19,47566,PARTY BUNTING,507.0,2932.77,5.509374149659864,51.0,45.0
2011-06-26,47566,PARTY BUNTING,598.0,2873.7000000000003,5.704221778221778,38.0,32.0
2011-07-03,47566,PARTY BUNTING,276.0,1880.12,5.416802721088436,34.0,30.0
2011-07-10,47566,PARTY BUNTING,901.0,4796.67,5.800595365418895,49.0,39.0
2011-07-17,47566,PARTY BUNTING,354.0,1795.8200000000002,5.640510822510822,41.0,35.0
2011-07-24,47566,PARTY BUNTING,935.0,5009.7300000000005,5.615374149659864,44.0,39.0
2011-07-31,47566,PARTY BUNTING,520.0,2736.68,5.264764378478665,46.0,37.0
2011-08-07,47566,PARTY BUNTING,431.0,2468.21,5.88047619047619,33.0,27.0
2011-08-14,47566,PARTY BUNTING,330.0,1938.94,6.461836734693877,35.0,27.0
2011-08-21,47566,PARTY BUNTING,402.0,2050.94,5.038253968253969,33.0,32.0
2011-08-28,47566,PARTY BUNTING,471.0,2730.41,5.633673469387754,41.0,38.0
2011-09-04,47566,PARTY BUNTING,207.0,1410.0900000000001,7.480666666666666,34.0,20.0
2011-09-11,47566,PARTY BUNTING,300.0,1825.4,6.351999999999999,30.0,23.0
2011-09-18,47566,PARTY BUNTING,334.0,1668.5,5.753047619047619,29.0,26.0
2011-09-25,47566,PARTY BUNTING,158.0,978.5,5.98015873015873,29.0,23.0
2011-10-02,47566,PARTY BUNTING,209.0,1076.31,5.172040816326531,36.0,34.0
2011-10-09,47566,PARTY BUNTING,183.0,1151.13,5.8518231292517005,33.0,29.0
2011-10-16,47566,PARTY BUNTING,106.0,694.06,6.062380952380953,18.0,16.0
2011-10-23,47566,PARTY BUNTING,211.0,1183.85,5.907857142857144,23.0,20.0
2011-10-30,47566,PARTY BUNTING,78.0,432.82000000000005,5.992857142857143,16.0,14.0
2011-11-06,47566,PARTY BUNTING,102.0,635.2199999999999,6.373238095238095,17.0,13.0
2011-11-13,47566,PARTY BUNTING,135.0,785.0500000000001,6.034571428571428,27.0,23.0
2011-11-20,47566,PARTY BUNTING,218.0,1055.74,5.524285714285715,19.0,17.0
2011-11-27,47566,PARTY BUNTING,455.0,2182.49,7.142190476190477,23.0,17.0
2011-12-04,47566,PARTY BUNTING,105.0,735.8299999999999,6.688095238095237,20.0,15.0
2009-12-13,71459,HANGING JAM JAR T-LIGHT HOLDERS,25.0,27.31,2.5814285714285714,3.0,2.0
2009-12-20,71459,HANGING JAM JAR T-LIGHT HOLDERS,196.0,190.84,1.7157142857142857,9.0,8.0
2009-12-27,71459,HANGING JAM JAR T-LIGHT HOLDERS,0.0,0.0,0.85,0.0,0.0
2010-01-03,71459,HANGING JAM JAR T-LIGHT HOLDERS,0.0,0.0,0.85,0.0,0.0
2010-01-10,71459,HANGING JAM JAR T-LIGHT HOLDERS,1128.0,821.52,0.8221428571428572,6.0,6.0
2010-01-17,71459,HANGING JAM JAR T-LIGHT HOLDERS,326.0,251.5,1.6523809523809523,5.0,4.0
2010-01-24,71459,HANGING JAM JAR T-LIGHT HOLDERS,96.0,81.6,0.85,7.0,7.0
2010-01-31,71459,HANGING JAM JAR T-LIGHT HOLDERS,181.0,147.29,1.2357142857142858,7.0,6.0
2010-02-07,71459,HANGING JAM JAR T-LIGHT HOLDERS,12.0,10.2,0.85,1.0,1.0
2010-02-14,71459,HANGING JAM JAR T-LIGHT HOLDERS,433.0,324.05,1.6307142857142856,6.0,5.0
2010-02-21,71459,HANGING JAM JAR T-LIGHT HOLDERS,829.0,610.73,0.9349999999999999,10.0,7.0
2010-02-28,71459,HANGING JAM JAR T-LIGHT HOLDERS,377.0,319.81,1.8885714285714283,15.0,12.0
2010-03-07,71459,HANGING JAM JAR T-LIGHT HOLDERS,132.0,110.64,0.8407142857142856,7.0,7.0
2010-03-14,71459,HANGING JAM JAR T-LIGHT HOLDERS,144.0,122.39999999999999,0.85,9.0,9.0
2010-03-21,71459,HANGING JAM JAR T-LIGHT HOLDERS,288.0,219.84,0.819047619047619,8.0,8.0
2010-03-28,71459,HANGING JAM JAR T-LIGHT HOLDERS,137.0,146.04999999999998,2.682380952380952,12.0,9.0
2010-04-04,71459,HANGING JAM JAR T-LIGHT HOLDERS,165.0,156.45,1.0129523809523808,10.0,9.0
2010-04-11,71459,HANGING JAM JAR T-LIGHT HOLDERS,282.0,250.26000000000002,1.9667857142857141,13.0,9.0
2010-04-18,71459,HANGING JAM JAR T-LIGHT HOLDERS,360.0,281.04,0.8298809523809523,9.0,9.0
2010-04-25,71459,HANGING JAM JAR T-LIGHT HOLDERS,437.0,399.49,1.722673469387755,23.0,19.0
2010-05-02,71459,HANGING JAM JAR T-LIGHT HOLDERS,1468.0,1146.68,1.0299761904761904,37.0,34.0
2010-05-09,71459,HANGING JAM JAR T-LIGHT HOLDERS,326.0,355.29999999999995,1.2858877551020407,21.0,18.0
2010-05-16,71459,HANGING JAM JAR T-LIGHT HOLDERS,782.0,601.66,1.6771428571428568,12.0,11.0
2010-05-23,71459,HANGING JAM JAR T-LIGHT HOLDERS,795.0,631.1099999999999,1.3988492063492062,22.0,20.0
2010-05-30,71459,HANGING JAM JAR T-LIGHT HOLDERS,322.0,284.9,1.7208095238095236,18.0,15.0
2010-06-06,71459,HANGING JAM JAR T-LIGHT HOLDERS,371.0,308.15,1.8901190476190475,12.0,10.0
2010-06-13,71459,HANGING JAM JAR T-LIGHT HOLDERS,756.0,655.88,1.272,28.0,23.0
2010-06-20,71459,HANGING JAM JAR T-LIGHT HOLDERS,756.0,633.84,0.9032596371882086,29.0,24.0
2010-06-27,71459,HANGING JAM JAR T-LIGHT HOLDERS,556.0,451.0,0.8647142857142857,23.0,22.0
2010-07-04,71459,HANGING JAM JAR T-LIGHT HOLDERS,576.0,527.52,0.9462857142857143,24.0,21.0
2010-07-11,71459,HANGING JAM JAR T-LIGHT HOLDERS,1292.0,961.4,1.0698809523809523,19.0,17.0
2010-07-18,71459,HANGING JAM JAR T-LIGHT HOLDERS,280.0,309.52,1.2038095238095237,10.0,7.0
2010-07-25,71459,HANGING JAM JAR T-LIGHT HOLDERS,648.0,541.2,1.0576190476190475,19.0,14.0
2010-08-01,71459,HANGING JAM JAR T-LIGHT HOLDERS,352.0,302.55999999999995,0.91,16.0,15.0
2010-08-08,71459,HANGING JAM JAR T-LIGHT HOLDERS,512.0,410.71999999999997,0.9353571428571428,13.0,11.0
2010-08-15,71459,HANGING JAM JAR T-LIGHT HOLDERS,363.0,291.27,1.2452380952380953,8.0,5.0
2010-08-22,71459,HANGING JAM JAR T-LIGHT HOLDERS,222.0,176.22,0.9038095238095237,10.0,10.0
2010-08-29,71459,HANGING JAM JAR T-LIGHT HOLDERS,164.0,139.39999999999998,0.85,10.0,9.0
2010-09-05,71459,HANGING JAM JAR T-LIGHT HOLDERS,348.0,258.36,0.8221428571428572,5.0,4.0
2010-09-12,71459,HANGING JAM JAR T-LIGHT HOLDERS,1460.0,1202.52,0.7942857142857143,4.0,3.0
2010-09-19,71459,HANGING JAM JAR T-LIGHT HOLDERS,40.0,37.36,1.09,3.0,2.0
2010-09-26,71459,HANGING JAM JAR T-LIGHT HOLDERS,184.0,157.36,1.2053571428571428,6.0,5.0
2010-10-03,71459,HANGING JAM JAR T-LIGHT HOLDERS,132.0,112.19999999999999,0.85,9.0,9.0
2010-10-10,71459,HANGING JAM JAR T-LIGHT HOLDERS,76.0,64.6,0.85,6.0,6.0
2010-10-17,71459,HANGING JAM JAR T-LIGHT HOLDERS,123.0,92.07000000000001,0.8314285714285715,4.0,4.0
2010-10-24,71459,HANGING JAM JAR T-LIGHT HOLDERS,72.0,61.199999999999996,0.85,5.0,5.0
2010-10-31,71459,HANGING JAM JAR T-LIGHT HOLDERS,136.0,103.12,0.8438095238095238,5.0,4.0
2010-11-07,71459,HANGING JAM JAR T-LIGHT HOLDERS,84.0,71.39999999999999,0.85,5.0,4.0
2010-11-14,71459,HANGING JAM JAR T-LIGHT HOLDERS,307.0,242.71,0.9328571428571429,11.0,9.0
2010-11-21,71459,HANGING JAM JAR T-LIGHT HOLDERS,81.0,64.17,0.8453571428571428,6.0,6.0
2010-11-28,71459,HANGING JAM JAR T-LIGHT HOLDERS,136.0,103.12,0.8314285714285715,5.0,5.0
2010-12-05,71459,HANGING JAM JAR T-LIGHT HOLDERS,604.0,464.44,0.9142857142857143,7.0,5.0
2010-12-12,71459,HANGING JAM JAR T-LIGHT HOLDERS,536.0,393.68,0.8771428571428571,3.0,2.0
2010-12-19,71459,HANGING JAM JAR T-LIGHT HOLDERS,32.0,33.92,1.0714285714285714,4.0,2.0
2010-12-26,71459,HANGING JAM JAR T-LIGHT HOLDERS,60.0,51.0,0.85,3.0,3.0
2011-01-02,71459,HANGING JAM JAR T-LIGHT HOLDERS,0.0,0.0,0.85,0.0,0.0
2011-01-09,71459,HANGING JAM JAR T-LIGHT HOLDERS,108.0,91.8,0.85,4.0,4.0
2011-01-16,71459,HANGING JAM JAR T-LIGHT HOLDERS,348.0,252.11999999999998,0.7942857142857143,3.0,3.0
2011-01-23,71459,HANGING JAM JAR T-LIGHT HOLDERS,308.0,236.95999999999998,0.9471428571428572,10.0,9.0
2011-01-30,71459,HANGING JAM JAR T-LIGHT HOLDERS,112.0,98.44,0.8885714285714286,7.0,6.0
2011-02-06,71459,HANGING JAM JAR T-LIGHT HOLDERS,12.0,10.2,0.85,1.0,1.0
2011-02-13,71459,HANGING JAM JAR T-LIGHT HOLDERS,205.0,161.77,0.8314285714285713,8.0,8.0
2011-02-20,71459,HANGING JAM JAR T-LIGHT HOLDERS,240.0,174.36,0.7292857142857142,4.0,4.0
2011-02-27,71459,HANGING JAM JAR T-LIGHT HOLDERS,240.0,204.0,0.8314285714285715,12.0,12.0
2011-03-06,71459,HANGING JAM JAR T-LIGHT HOLDERS,184.0,153.39999999999998,0.8985714285714286,8.0,7.0
2011-03-13,71459,HANGING JAM JAR T-LIGHT HOLDERS,192.0,150.72,0.8221428571428572,5.0,5.0
2011-03-20,71459,HANGING JAM JAR T-LIGHT HOLDERS,404.0,328.4,0.9452380952380952,16.0,13.0
2011-03-27,71459,HANGING JAM JAR T-LIGHT HOLDERS,232.0,178.48000000000002,0.865,5.0,5.0
2011-04-03,71459,HANGING JAM JAR T-LIGHT HOLDERS,148.0,122.8,0.8892857142857142,8.0,7.0
2011-04-10,71459,HANGING JAM JAR T-LIGHT HOLDERS,840.0,626.64,0.8128571428571428,14.0,14.0
2011-04-17,71459,HANGING JAM JAR T-LIGHT HOLDERS,408.0,334.32,0.8438095238095238,19.0,19.0
2011-04-24,71459,HANGING JAM JAR T-LIGHT HOLDERS,262.0,242.62,1.0642176870748299,14.0,8.0
2011-05-01,71459,HANGING JAM JAR T-LIGHT HOLDERS,233.0,188.80999999999997,0.9151020408163265,11.0,10.0
2011-05-08,71459,HANGING JAM JAR T-LIGHT HOLDERS,788.0,620.84,0.9997142857142857,20.0,15.0
2011-05-15,71459,HANGING JAM JAR T-LIGHT HOLDERS,604.0,488.92,1.1127777777777779,27.0,24.0
2011-05-22,71459,HANGING JAM JAR T-LIGHT HOLDERS,264.0,211.92,0.8462857142857142,12.0,12.0
2011-05-29,71459,HANGING JAM JAR T-LIGHT HOLDERS,424.0,348.40000000000003,0.9819047619047618,16.0,13.0
2011-06-05,71459,HANGING JAM JAR T-LIGHT HOLDERS,176.0,156.07999999999998,1.0042857142857142,8.0,6.0
2011-06-12,71459,HANGING JAM JAR T-LIGHT HOLDERS,176.0,156.07999999999998,0.9194285714285714,11.0,10.0
2011-06-19,71459,HANGING JAM JAR T-LIGHT HOLDERS,422.0,321.26,0.8221428571428572,9.0,9.0
2011-06-26,71459,HANGING JAM JAR T-LIGHT HOLDERS,412.0,325.24,0.8391666666666666,12.0,10.0
2011-07-03,71459,HANGING JAM JAR T-LIGHT HOLDERS,216.0,171.12,0.8407142857142856,9.0,9.0
2011-07-10,71459,HANGING JAM JAR T-LIGHT HOLDERS,382.0,287.26,0.8035714285714286,8.0,8.0
2011-07-17,71459,HANGING JAM JAR T-LIGHT HOLDERS,388.0,308.08000000000004,0.8694285714285714,14.0,13.0
2011-07-24,71459,HANGING JAM JAR T-LIGHT HOLDERS,380.0,308.0,1.1145238095238095,10.0,7.0
2011-07-31,71459,HANGING JAM JAR T-LIGHT HOLDERS,96.0,81.6,0.8314285714285715,7.0,7.0
2011-08-07,71459,HANGING JAM JAR T-LIGHT HOLDERS,264.0,196.32,0.7571428571428571,4.0,4.0
2011-08-14,71459,HANGING JAM JAR T-LIGHT HOLDERS,188.0,153.8,0.8776190476190476,8.0,7.0
2011-08-21,71459,HANGING JAM JAR T-LIGHT HOLDERS,216.0,171.12,0.8314285714285715,6.0,6.0
2011-08-28,71459,HANGING JAM JAR T-LIGHT HOLDERS,120.0,89.52000000000001,0.8221428571428572,3.0,3.0
2011-09-04,71459,HANGING JAM JAR T-LIGHT HOLDERS,100.0,97.96,0.9657142857142856,8.0,4.0
2011-09-11,71459,HANGING JAM JAR T-LIGHT HOLDERS,340.0,264.52000000000004,1.0188095238095236,8.0,6.0
2011-09-18,71459,HANGING JAM JAR T-LIGHT HOLDERS,604.0,479.2,1.1507142857142856,7.0,5.0
2011-09-25,71459,HANGING JAM JAR T-LIGHT HOLDERS,120.0,89.52000000000001,0.8128571428571428,3.0,3.0
2011-10-02,71459,HANGING JAM JAR T-LIGHT HOLDERS,276.0,203.39999999999998,0.8314285714285715,4.0,4.0
2011-10-09,71459,HANGING JAM JAR T-LIGHT HOLDERS,192.0,150.72000000000003,0.8438095238095238,8.0,8.0
2011-10-16,71459,HANGING JAM JAR T-LIGHT HOLDERS,129.0,103.65,1.0142857142857142,6.0,4.0
2011-10-23,71459,HANGING JAM JAR T-LIGHT HOLDERS,52.0,47.44,0.9657142857142856,4.0,3.0
2011-10-30,71459,HANGING JAM JAR T-LIGHT HOLDERS,96.0,81.6,0.85,3.0,3.0
2011-11-06,71459,HANGING JAM JAR T-LIGHT HOLDERS,100.0,88.24,1.0814285714285714,6.0,5.0
2011-11-13,71459,HANGING JAM JAR T-LIGHT HOLDERS,232.0,187.96,0.947142857142857,9.0,8.0
2011-11-20,71459,HANGING JAM JAR T-LIGHT HOLDERS,384.0,318.12,1.265,12.0,6.0
2011-11-27,71459,HANGING JAM JAR T-LIGHT HOLDERS,60.0,60.72,1.0814285714285714,5.0,4.0
2011-12-04,71459,HANGING JAM JAR T-LIGHT HOLDERS,124.0,96.16000000000001,1.294285714285714,4.0,3.0
2009-12-13,84077,WORLD WAR 2 GLIDERS ASSTD DESIGNS,1204.0,244.2,0.20785714285714288,15.0,15.0
2009-12-20,84077,WORLD WAR 2 GLIDERS ASSTD DESIGNS,720.0,151.2,0.21,9.0,8.0
2009-12-27,84077,WORLD WAR 2 GLIDERS ASSTD DESIGNS,48.0,10.08,0.21,1.0,1.0
2010-01-03,84077,WORLD WAR 2 GLIDERS ASSTD DESIGNS,0.0,0.0,0.21,0.0,0.0
2010-01-10,84077,WORLD WAR 2 GLIDERS ASSTD DESIGNS,336.0,70.56,0.21,5.0,5.0
2010-01-17,84077,WORLD WAR 2 GLIDERS ASSTD DESIGNS,384.0,72.0,0.19714285714285712,3.0,3.0
2010-01-24,84077,WORLD WAR 2 GLIDERS ASSTD DESIGNS,291.0,61.11,0.21,5.0,5.0
2010-01-31,84077,WORLD WAR 2 GLIDERS ASSTD DESIGNS,432.0,82.08,0.20357142857142857,4.0,4.0
2010-02-07,84077,WORLD WAR 2 GLIDERS ASSTD DESIGNS,576.0,120.96000000000001,0.21,11.0,10.0
2010-02-14,84077,WORLD WAR 2 GLIDERS ASSTD DESIGNS,240.0,50.4,0.21,5.0,5.0
2010-02-21,84077,WORLD WAR 2 GLIDERS ASSTD DESIGNS,1008.0,211.68,0.21,13.0,13.0
2010-02-28,84077,WORLD WAR 2 GLIDERS ASSTD DESIGNS,576.0,120.96,0.21,9.0,9.0
2010-03-07,84077,WORLD WAR 2 GLIDERS ASSTD DESIGNS,1008.0,203.04,0.20785714285714288,10.0,10.0
2010-03-14,84077,WORLD WAR 2 GLIDERS ASSTD DESIGNS,528.0,110.88000000000001,0.21,8.0,8.0
2010-03-21,84077,WORLD WAR 2 GLIDERS ASSTD DESIGNS,2592.0,475.2,0.20142857142857143,8.0,8.0
2010-03-28,84077,WORLD WAR 2 GLIDERS ASSTD DESIGNS,387.0,81.27000000000001,0.21,9.0,9.0
2010-04-04,84077,WORLD WAR 2 GLIDERS ASSTD DESIGNS,192.0,40.32,0.21,4.0,4.0
2010-04-11,84077,WORLD WAR 2 GLIDERS ASSTD DESIGNS,1393.0,257.97,0.20785714285714288,7.0,7.0
2010-04-18,84077,WORLD WAR 2 GLIDERS ASSTD DESIGNS,1007.0,211.47,0.21,9.0,9.0
2010-04-25,84077,WORLD WAR 2 GLIDERS ASSTD DESIGNS,576.0,112.32,0.20857142857142857,6.0,6.0
2010-05-02,84077,WORLD WAR 2 GLIDERS ASSTD DESIGNS,672.0,141.12,0.21,9.0,9.0
2010-05-09,84077,WORLD WAR 2 GLIDERS ASSTD DESIGNS,240.0,50.400000000000006,0.21,5.0,5.0
2010-05-16,84077,WORLD WAR 2 GLIDERS ASSTD DESIGNS,1824.0,348.48,0.2057142857142857,10.0,9.0
2010-05-23,84077,WORLD WAR 2 GLIDERS ASSTD DESIGNS,528.0,102.24,0.20142857142857143,6.0,6.0
2010-05-30,84077,WORLD WAR 2 GLIDERS ASSTD DESIGNS,592.0,115.67999999999999,0.20857142857142857,8.0,8.0
2010-06-06,84077,WORLD WAR 2 GLIDERS ASSTD DESIGNS,338.0,70.98,0.21,7.0,7.0
2010-06-13,84077,WORLD WAR 2 GLIDERS ASSTD DESIGNS,2208.0,420.48,0.2057142857142857,14.0,14.0
2010-06-20,84077,WORLD WAR 2 GLIDERS ASSTD DESIGNS,1066.0,215.21999999999997,0.20857142857142857,14.0,14.0
2010-06-27,84077,WORLD WAR 2 GLIDERS ASSTD DESIGNS,544.0,115.56,0.2414285714285714,10.0,8.0
2010-07-04,84077,WORLD WAR 2 GLIDERS ASSTD DESIGNS,1448.0,278.16,0.20785714285714288,14.0,14.0
2010-07-11,84077,WORLD WAR 2 GLIDERS ASSTD DESIGNS,193.0,40.75,0.2571428571428572,4.0,3.0
2010-07-18,84077,WORLD WAR 2 GLIDERS ASSTD DESIGNS,823.0,165.51,0.21619047619047618,14.0,12.0
2010-07-25,84077,WORLD WAR 2 GLIDERS ASSTD DESIGNS,1057.0,222.19,0.2414285714285714,8.0,7.0
2010-08-01,84077,WORLD WAR 2 GLIDERS ASSTD DESIGNS,838.0,180.38,0.2257142857142857,11.0,9.0
2010-08-08,84077,WORLD WAR 2 GLIDERS ASSTD DESIGNS,2986.0,551.5,0.2169047619047619,9.0,8.0
2010-08-15,84077,WORLD WAR 2 GLIDERS ASSTD DESIGNS,817.0,162.93,0.2057142857142857,9.0,9.0
2010-08-22,84077,WORLD WAR 2 GLIDERS ASSTD DESIGNS,816.0,162.72,0.20357142857142854,8.0,8.0
2010-08-29,84077,WORLD WAR 2 GLIDERS ASSTD DESIGNS,246.0,52.980000000000004,0.2571428571428572,6.0,5.0
2010-09-05,84077,WORLD WAR 2 GLIDERS ASSTD DESIGNS,1920.0,371.52,0.24428571428571427,8.0,7.0
2010-09-12,84077,WORLD WAR 2 GLIDERS ASSTD DESIGNS,865.0,197.23,0.28523809523809524,8.0,7.0
2010-09-19,84077,WORLD WAR 2 GLIDERS ASSTD DESIGNS,307.0,81.35,0.2557142857142857,7.0,7.0
2010-09-26,84077,WORLD WAR 2 GLIDERS ASSTD DESIGNS,917.0,262.09,0.28428571428571425,14.0,13.0
2010-10-03,84077,WORLD WAR 2 GLIDERS ASSTD DESIGNS,770.0,200.53999999999996,0.2885714285714286,10.0,9.0
2010-10-10,84077,WORLD WAR 2 GLIDERS ASSTD DESIGNS,3552.0,709.4399999999999,0.27666666666666667,12.0,12.0
2010-10-17,84077,WORLD WAR 2 GLIDERS ASSTD DESIGNS,720.0,185.76,0.28619047619047616,9.0,9.0
2010-10-24,84077,WORLD WAR 2 GLIDERS ASSTD DESIGNS,481.0,139.62999999999997,0.29999999999999993,10.0,9.0
2010-10-31,84077,WORLD WAR 2 GLIDERS ASSTD DESIGNS,730.0,189.35999999999999,0.29214285714285715,11.0,9.0
2010-11-07,84077,WORLD WAR 2 GLIDERS ASSTD DESIGNS,5349.0,1043.29,0.29995238095238097,18.0,14.0
2010-11-14,84077,WORLD WAR 2 GLIDERS ASSTD DESIGNS,2556.0,559.8199999999999,0.29309523809523813,17.0,14.0
2010-11-21,84077,WORLD WAR 2 GLIDERS ASSTD DESIGNS,826.0,240.93999999999997,0.3113333333333333,19.0,15.0
2010-11-28,84077,WORLD WAR 2 GLIDERS ASSTD DESIGNS,629.0,183.10999999999996,0.33999999999999997,16.0,12.0
2010-12-05,84077,WORLD WAR 2 GLIDERS ASSTD DESIGNS,7063.0,1369.57,0.316547619047619,15.0,12.0
2010-12-12,84077,WORLD WAR 2 GLIDERS ASSTD DESIGNS,863.0,256.84999999999997,0.35666666666666663,14.0,9.0
2010-12-19,84077,WORLD WAR 2 GLIDERS ASSTD DESIGNS,1173.0,342.27,0.314,15.0,11.0
2010-12-26,84077,WORLD WAR 2 GLIDERS ASSTD DESIGNS,100.0,29.559999999999995,0.29999999999999993,3.0,2.0
2011-01-02,84077,WORLD WAR 2 GLIDERS ASSTD DESIGNS,0.0,0.0,0.29,0.0,0.0
2011-01-09,84077,WORLD WAR 2 GLIDERS ASSTD DESIGNS,625.0,158.35,0.29095238095238096,4.0,3.0
2011-01-16,84077,WORLD WAR 2 GLIDERS ASSTD DESIGNS,289.0,83.93999999999998,0.3178571428571428,7.0,6.0
2011-01-23,84077,WORLD WAR 2 GLIDERS ASSTD DESIGNS,0.0,0.0,0.355,0.0,0.0
2011-01-30,84077,WORLD WAR 2 GLIDERS ASSTD DESIGNS,530.0,130.92,0.29714285714285715,7.0,6.0
2011-02-06,84077,WORLD WAR 2 GLIDERS ASSTD DESIGNS,2837.0,615.8899999999999,0.29047619047619044,8.0,7.0
2011-02-13,84077,WORLD WAR 2 GLIDERS ASSTD DESIGNS,48.0,13.919999999999998,0.29,1.0,1.0
2011-02-20,84077,WORLD WAR 2 GLIDERS ASSTD DESIGNS,424.0,128.15999999999997,0.30857142857142855,5.0,4.0
2011-02-27,84077,WORLD WAR 2 GLIDERS ASSTD DESIGNS,257.0,76.74,0.31476190476190474,7.0,5.0
2011-03-06,84077,WORLD WAR 2 GLIDERS ASSTD DESIGNS,1680.0,372.0,0.25857142857142856,6.0,5.0
2011-03-13,84077,WORLD WAR 2 GLIDERS ASSTD DESIGNS,1200.0,278.88,0.2614285714285714,9.0,9.0
2011-03-20,84077,WORLD WAR 2 GLIDERS ASSTD DESIGNS,480.0,139.2,0.29,5.0,5.0
2011-03-27,84077,WORLD WAR 2 GLIDERS ASSTD DESIGNS,192.0,55.67999999999999,0.29,4.0,4.0
2011-04-03,84077,WORLD WAR 2 GLIDERS ASSTD DESIGNS,3216.0,702.24,0.25571428571428567,9.0,8.0
2011-04-10,84077,WORLD WAR 2 GLIDERS ASSTD DESIGNS,392.0,116.39999999999998,0.29071428571428565,8.0,7.0
2011-04-17,84077,WORLD WAR 2 GLIDERS ASSTD DESIGNS,2448.0,571.68,0.2785714285714286,13.0,13.0
2011-04-24,84077,WORLD WAR 2 GLIDERS ASSTD DESIGNS,1927.0,434.48999999999995,0.3152380952380952,10.0,8.0
2011-05-01,84077,WORLD WAR 2 GLIDERS ASSTD DESIGNS,2592.0,563.52,0.26999999999999996,7.0,7.0
2011-05-08,84077,WORLD WAR 2 GLIDERS ASSTD DESIGNS,917.0,244.58999999999997,0.3114285714285714,14.0,13.0
2011-05-15,84077,WORLD WAR 2 GLIDERS ASSTD DESIGNS,1248.0,338.87999999999994,0.2785714285714285,8.0,8.0
2011-05-22,84077,WORLD WAR 2 GLIDERS ASSTD DESIGNS,1008.0,246.23999999999998,0.25285714285714284,10.0,10.0
2011-05-29,84077,WORLD WAR 2 GLIDERS ASSTD DESIGNS,576.0,167.03999999999996,0.29,10.0,10.0
2011-06-05,84077,WORLD WAR 2 GLIDERS ASSTD DESIGNS,1445.0,327.56999999999994,0.30857142857142855,9.0,7.0
2011-06-12,84077,WORLD WAR 2 GLIDERS ASSTD DESIGNS,480.0,139.2,0.29,9.0,8.0
2011-06-19,84077,WORLD WAR 2 GLIDERS ASSTD DESIGNS,145.0,42.38999999999999,0.3385714285714286,4.0,3.0
2011-06-26,84077,WORLD WAR 2 GLIDERS ASSTD DESIGNS,961.0,255.98999999999998,0.30238095238095236,13.0,11.0
2011-07-03,84077,WORLD WAR 2 GLIDERS ASSTD DESIGNS,291.0,85.40999999999998,0.3385714285714286,5.0,4.0
2011-07-10,84077,WORLD WAR 2 GLIDERS ASSTD DESIGNS,1109.0,339.63,0.370952380952381,14.0,8.0
2011-07-17,84077,WORLD WAR 2 GLIDERS ASSTD DESIGNS,1104.0,281.76,0.2785714285714286,9.0,8.0
2011-07-24,84077,WORLD WAR 2 GLIDERS ASSTD DESIGNS,726.0,210.54,0.29,13.0,12.0
2011-07-31,84077,WORLD WAR 2 GLIDERS ASSTD DESIGNS,823.0,218.00999999999996,0.34904761904761905,14.0,11.0
2011-08-07,84077,WORLD WAR 2 GLIDERS ASSTD DESIGNS,98.0,29.099999999999998,0.4842857142857143,3.0,2.0
2011-08-14,84077,WORLD WAR 2 GLIDERS ASSTD DESIGNS,577.0,167.66999999999996,0.3142857142857142,8.0,7.0
2011-08-21,84077,WORLD WAR 2 GLIDERS ASSTD DESIGNS,528.0,153.11999999999998,0.29,8.0,8.0
2011-08-28,84077,WORLD WAR 2 GLIDERS ASSTD DESIGNS,1056.0,306.23999999999995,0.29,13.0,13.0
2011-09-04,84077,WORLD WAR 2 GLIDERS ASSTD DESIGNS,290.0,84.77999999999999,0.3871428571428571,6.0,4.0
2011-09-11,84077,WORLD WAR 2 GLIDERS ASSTD DESIGNS,432.0,125.27999999999997,0.29,8.0,8.0
2011-09-18,84077,WORLD WAR 2 GLIDERS ASSTD DESIGNS,1296.0,352.79999999999995,0.28836734693877547,14.0,14.0
2011-09-25,84077,WORLD WAR 2 GLIDERS ASSTD DESIGNS,587.0,173.96999999999997,0.3385714285714286,10.0,9.0
2011-10-02,84077,WORLD WAR 2 GLIDERS ASSTD DESIGNS,1008.0,295.03999999999996,0.3223809523809524,19.0,18.0
2011-10-09,84077,WORLD WAR 2 GLIDERS ASSTD DESIGNS,989.0,266.15,0.29857142857142854,14.0,14.0
2011-10-16,84077,WORLD WAR 2 GLIDERS ASSTD DESIGNS,730.0,215.09999999999997,0.3304761904761905,15.0,13.0
2011-10-23,84077,WORLD WAR 2 GLIDERS ASSTD DESIGNS,975.0,264.80999999999995,0.30666666666666664,13.0,13.0
2011-10-30,84077,WORLD WAR 2 GLIDERS ASSTD DESIGNS,5328.0,1161.12,0.27285714285714285,12.0,12.0
2011-11-06,84077,WORLD WAR 2 GLIDERS ASSTD DESIGNS,974.0,287.21999999999997,0.3385714285714285,18.0,18.0
2011-11-13,84077,WORLD WAR 2 GLIDERS ASSTD DESIGNS,1167.0,343.53,0.32989795918367343,22.0,20.0
2011-11-20,84077,WORLD WAR 2 GLIDERS ASSTD DESIGNS,1170.0,345.41999999999996,0.3686394557823129,24.0,19.0
2011-11-27,84077,WORLD WAR 2 GLIDERS ASSTD DESIGNS,915.0,259.65,0.4197619047619047,15.0,10.0
2011-12-04,84077,WORLD WAR 2 GLIDERS ASSTD DESIGNS,689.0,203.54999999999998,0.3264285714285714,15.0,14.0
2009-12-13,84347,ROTATING SILVER ANGELS T-LIGHT HLDR,37.0,191.29000000000002,5.17,6.0,0.0
2009-12-20,84347,ROTATING SILVER ANGELS T-LIGHT HLDR,9.0,33.43,3.4857142857142853,5.0,2.0
2009-12-27,84347,ROTATING SILVER ANGELS T-LIGHT HLDR,11.0,56.870000000000005,4.795714285714285,2.0,0.0
2010-01-03,84347,ROTATING SILVER ANGELS T-LIGHT HLDR,0.0,0.0,5.17,0.0,0.0
2010-01-10,84347,ROTATING SILVER ANGELS T-LIGHT HLDR,0.0,0.0,5.17,0.0,0.0
2010-01-17,84347,ROTATING SILVER ANGELS T-LIGHT HLDR,0.0,0.0,5.17,0.0,0.0
2010-01-24,84347,ROTATING SILVER ANGELS T-LIGHT HLDR,9.0,45.53999999999999,5.06,2.0,0.0
2010-01-31,84347,ROTATING SILVER ANGELS T-LIGHT HLDR,1.0,5.06,5.06,1.0,0.0
2010-02-07,84347,ROTATING SILVER ANGELS T-LIGHT HLDR,0.0,0.0,5.06,0.0,0.0
2010-02-14,84347,ROTATING SILVER ANGELS T-LIGHT HLDR,3.0,15.18,5.06,1.0,0.0
2010-02-21,84347,ROTATING SILVER ANGELS T-LIGHT HLDR,0.0,0.0,5.06,0.0,0.0
2010-02-28,84347,ROTATING SILVER ANGELS T-LIGHT HLDR,0.0,0.0,5.06,0.0,0.0
2010-03-07,84347,ROTATING SILVER ANGELS T-LIGHT HLDR,0.0,0.0,5.06,0.0,0.0
2010-03-14,84347,ROTATING SILVER ANGELS T-LIGHT HLDR,0.0,0.0,5.06,0.0,0.0
2010-03-21,84347,ROTATING SILVER ANGELS T-LIGHT HLDR,0.0,0.0,5.06,0.0,0.0
2010-03-28,84347,ROTATING SILVER ANGELS T-LIGHT HLDR,0.0,0.0,5.06,0.0,0.0
2010-04-04,84347,ROTATING SILVER ANGELS T-LIGHT HLDR,4.0,10.2,2.55,1.0,1.0
2010-04-11,84347,ROTATING SILVER ANGELS T-LIGHT HLDR,6.0,15.299999999999999,2.55,1.0,1.0
2010-04-18,84347,ROTATING SILVER ANGELS T-LIGHT HLDR,0.0,0.0,2.55,0.0,0.0
2010-04-25,84347,ROTATING SILVER ANGELS T-LIGHT HLDR,0.0,0.0,2.55,0.0,0.0
2010-05-02,84347,ROTATING SILVER ANGELS T-LIGHT HLDR,0.0,0.0,2.55,0.0,0.0
2010-05-09,84347,ROTATING SILVER ANGELS T-LIGHT HLDR,0.0,0.0,2.55,0.0,0.0
2010-05-16,84347,ROTATING SILVER ANGELS T-LIGHT HLDR,0.0,0.0,2.55,0.0,0.0
2010-05-23,84347,ROTATING SILVER ANGELS T-LIGHT HLDR,0.0,0.0,2.55,0.0,0.0
2010-05-30,84347,ROTATING SILVER ANGELS T-LIGHT HLDR,0.0,0.0,2.55,0.0,0.0
2010-06-06,84347,ROTATING SILVER ANGELS T-LIGHT HLDR,3.0,15.18,3.6257142857142854,1.0,0.0
2010-06-13,84347,ROTATING SILVER ANGELS T-LIGHT HLDR,0.0,0.0,5.06,0.0,0.0
2010-06-20,84347,ROTATING SILVER ANGELS T-LIGHT HLDR,0.0,0.0,5.06,0.0,0.0
2010-06-27,84347,ROTATING SILVER ANGELS T-LIGHT HLDR,0.0,0.0,5.06,0.0,0.0
2010-07-04,84347,ROTATING SILVER ANGELS T-LIGHT HLDR,18.0,45.89999999999999,3.6257142857142854,2.0,2.0
2010-07-11,84347,ROTATING SILVER ANGELS T-LIGHT HLDR,2.0,10.12,4.701428571428571,1.0,0.0
2010-07-18,84347,ROTATING SILVER ANGELS T-LIGHT HLDR,1.0,5.06,5.06,1.0,0.0
2010-07-25,84347,ROTATING SILVER ANGELS T-LIGHT HLDR,35.0,131.92,4.701428571428571,8.0,2.0
2010-08-01,84347,ROTATING SILVER ANGELS T-LIGHT HLDR,24.0,61.199999999999996,2.55,2.0,2.0
2010-08-08,84347,ROTATING SILVER ANGELS T-LIGHT HLDR,47.0,129.89,2.9085714285714284,7.0,4.0
2010-08-15,84347,ROTATING SILVER ANGELS T-LIGHT HLDR,24.0,70.43,4.227142857142857,4.0,2.0
2010-08-22,84347,ROTATING SILVER ANGELS T-LIGHT HLDR,36.0,91.8,2.55,4.0,4.0
2010-08-29,84347,ROTATING SILVER ANGELS T-LIGHT HLDR,60.0,153.0,2.55,4.0,4.0
2010-09-05,84347,ROTATING SILVER ANGELS T-LIGHT HLDR,1943.0,3268.5199999999995,3.741428571428571,7.0,4.0
2010-09-12,84347,ROTATING SILVER ANGELS T-LIGHT HLDR,156.0,343.8,2.4214285714285713,4.0,4.0
2010-09-19,84347,ROTATING SILVER ANGELS T-LIGHT HLDR,91.0,232.04999999999998,2.55,8.0,8.0
2010-09-26,84347,ROTATING SILVER ANGELS T-LIGHT HLDR,274.0,691.7,3.475,12.0,9.0
2010-10-03,84347,ROTATING SILVER ANGELS T-LIGHT HLDR,300.0,750.47,2.9532142857142856,12.0,10.0
2010-10-10,84347,ROTATING SILVER ANGELS T-LIGHT HLDR,3382.0,5866.33,3.1612142857142858,20.0,15.0
2010-10-17,84347,ROTATING SILVER ANGELS T-LIGHT HLDR,259.0,714.21,2.7899999999999996,20.0,18.0
2010-10-24,84347,ROTATING SILVER ANGELS T-LIGHT HLDR,743.0,1565.72,3.0957142857142856,16.0,14.0
2010-10-31,84347,ROTATING SILVER ANGELS T-LIGHT HLDR,184.0,593.52,3.0300000000000002,14.0,13.0
2010-11-07,84347,ROTATING SILVER ANGELS T-LIGHT HLDR,9715.0,16674.67,2.725357142857143,17.0,14.0
2010-11-14,84347,ROTATING SILVER ANGELS T-LIGHT HLDR,417.0,1733.46,3.4935714285714283,25.0,15.0
2010-11-21,84347,ROTATING SILVER ANGELS T-LIGHT HLDR,1426.0,4341.9400000000005,3.247408163265306,24.0,18.0
2010-11-28,84347,ROTATING SILVER ANGELS T-LIGHT HLDR,647.0,2028.9,3.4049523809523805,29.0,19.0
2010-12-05,84347,ROTATING SILVER ANGELS T-LIGHT HLDR,1636.0,4595.07,3.09405303030303,33.0,26.0
2010-12-12,84347,ROTATING SILVER ANGELS T-LIGHT HLDR,1055.0,3048.35,3.5498809523809522,28.0,13.0
2010-12-19,84347,ROTATING SILVER ANGELS T-LIGHT HLDR,801.0,2162.5699999999997,3.710034013605442,21.0,11.0
2010-12-26,84347,ROTATING SILVER ANGELS T-LIGHT HLDR,184.0,952.96,5.609285714285714,7.0,2.0
2011-01-02,84347,ROTATING SILVER ANGELS T-LIGHT HLDR,0.0,0.0,5.910000000000001,0.0,0.0
2011-01-09,84347,ROTATING SILVER ANGELS T-LIGHT HLDR,9.0,46.38999999999999,5.545714285714285,3.0,0.0
2011-01-16,84347,ROTATING SILVER ANGELS T-LIGHT HLDR,13.0,65.17999999999999,5.002857142857143,4.0,0.0
2011-01-23,84347,ROTATING SILVER ANGELS T-LIGHT HLDR,11.0,40.93,4.852857142857142,4.0,1.0
2011-01-30,84347,ROTATING SILVER ANGELS T-LIGHT HLDR,1.0,5.79,5.327142857142857,1.0,0.0
2011-02-06,84347,ROTATING SILVER ANGELS T-LIGHT HLDR,12.0,66.99000000000001,5.592380952380952,9.0,0.0
2011-02-13,84347,ROTATING SILVER ANGELS T-LIGHT HLDR,11.0,61.2,5.730714285714286,5.0,0.0
2011-02-20,84347,ROTATING SILVER ANGELS T-LIGHT HLDR,5.0,28.95,5.79,3.0,0.0
2011-02-27,84347,ROTATING SILVER ANGELS T-LIGHT HLDR,6.0,34.74,5.79,4.0,0.0
2011-03-06,84347,ROTATING SILVER ANGELS T-LIGHT HLDR,3.0,15.71,5.671428571428572,3.0,0.0
2011-03-13,84347,ROTATING SILVER ANGELS T-LIGHT HLDR,2.0,11.58,5.79,2.0,0.0
2011-03-20,84347,ROTATING SILVER ANGELS T-LIGHT HLDR,5.0,27.29,5.315714285714286,3.0,0.0
2011-03-27,84347,ROTATING SILVER ANGELS T-LIGHT HLDR,0.0,0.0,4.96,0.0,0.0
2011-04-03,84347,ROTATING SILVER ANGELS T-LIGHT HLDR,3.0,17.37,5.434285714285714,1.0,0.0
2011-04-10,84347,ROTATING SILVER ANGELS T-LIGHT HLDR,0.0,0.0,5.79,0.0,0.0
2011-04-17,84347,ROTATING SILVER ANGELS T-LIGHT HLDR,0.0,0.0,5.79,0.0,0.0
2011-04-24,84347,ROTATING SILVER ANGELS T-LIGHT HLDR,6.0,27.35,4.156666666666666,3.0,1.0
2011-05-01,84347,ROTATING SILVER ANGELS T-LIGHT HLDR,0.0,0.0,4.156666666666666,0.0,0.0
2011-05-08,84347,ROTATING SILVER ANGELS T-LIGHT HLDR,0.0,0.0,4.156666666666666,0.0,0.0
2011-05-15,84347,ROTATING SILVER ANGELS T-LIGHT HLDR,48.0,122.39999999999999,3.927142857142857,1.0,1.0
2011-05-22,84347,ROTATING SILVER ANGELS T-LIGHT HLDR,0.0,0.0,2.55,0.0,0.0
2011-05-29,84347,ROTATING SILVER ANGELS T-LIGHT HLDR,12.0,30.599999999999998,2.55,1.0,1.0
2011-06-05,84347,ROTATING SILVER ANGELS T-LIGHT HLDR,1.0,4.96,3.927142857142857,1.0,0.0
2011-06-12,84347,ROTATING SILVER ANGELS T-LIGHT HLDR,0.0,0.0,4.96,0.0,0.0
2011-06-19,84347,ROTATING SILVER ANGELS T-LIGHT HLDR,2.0,7.51,3.2385714285714284,2.0,1.0
2011-06-26,84347,ROTATING SILVER ANGELS T-LIGHT HLDR,1.0,2.55,2.55,1.0,1.0
2011-07-03,84347,ROTATING SILVER ANGELS T-LIGHT HLDR,3.0,10.059999999999999,3.4107142857142856,2.0,1.0
2011-07-10,84347,ROTATING SILVER ANGELS T-LIGHT HLDR,120.0,252.0,2.809285714285714,1.0,1.0
2011-07-17,84347,ROTATING SILVER ANGELS T-LIGHT HLDR,0.0,0.0,2.1,0.0,0.0
2011-07-24,84347,ROTATING SILVER ANGELS T-LIGHT HLDR,1.0,2.55,2.357142857142857,1.0,1.0
2011-07-31,84347,ROTATING SILVER ANGELS T-LIGHT HLDR,7.0,17.849999999999998,2.55,2.0,2.0
2011-08-07,84347,ROTATING SILVER ANGELS T-LIGHT HLDR,12.0,30.599999999999998,2.55,1.0,1.0
2011-08-14,84347,ROTATING SILVER ANGELS T-LIGHT HLDR,6.0,15.299999999999999,2.55,1.0,1.0
2011-08-21,84347,ROTATING SILVER ANGELS T-LIGHT HLDR,17.0,43.349999999999994,2.55,4.0,4.0
2011-08-28,84347,ROTATING SILVER ANGELS T-LIGHT HLDR,18.0,45.89999999999999,2.55,2.0,2.0
2011-09-04,84347,ROTATING SILVER ANGELS T-LIGHT HLDR,64.0,172.84,3.927142857142857,5.0,1.0
2011-09-11,84347,ROTATING SILVER ANGELS T-LIGHT HLDR,56.0,145.21,3.0664285714285713,9.0,7.0
2011-09-18,84347,ROTATING SILVER ANGELS T-LIGHT HLDR,294.0,647.35,3.9071428571428575,10.0,9.0
2011-09-25,84347,ROTATING SILVER ANGELS T-LIGHT HLDR,373.0,858.4399999999999,3.395,17.0,13.0
2011-10-02,84347,ROTATING SILVER ANGELS T-LIGHT HLDR,40.0,104.41,2.894285714285714,7.0,7.0
2011-10-09,84347,ROTATING SILVER ANGELS T-LIGHT HLDR,202.0,544.02,3.2500476190476193,17.0,14.0
2011-10-16,84347,ROTATING SILVER ANGELS T-LIGHT HLDR,487.0,1089.49,2.624387755102041,14.0,12.0
2011-10-23,84347,ROTATING SILVER ANGELS T-LIGHT HLDR,526.0,1210.63,2.8260714285714283,20.0,19.0
2011-10-30,84347,ROTATING SILVER ANGELS T-LIGHT HLDR,695.0,1298.3,2.750642857142857,20.0,18.0
2011-11-06,84347,ROTATING SILVER ANGELS T-LIGHT HLDR,319.0,884.49,2.888816326530612,21.0,18.0
2011-11-13,84347,ROTATING SILVER ANGELS T-LIGHT HLDR,596.0,2408.11,3.453071428571428,23.0,14.0
2011-11-20,84347,ROTATING SILVER ANGELS T-LIGHT HLDR,735.0,2617.39,3.0806547619047615,42.0,34.0
2011-11-27,84347,ROTATING SILVER ANGELS T-LIGHT HLDR,1170.0,2894.37,3.42025,37.0,27.0
2011-12-04,84347,ROTATING SILVER ANGELS T-LIGHT HLDR,729.0,2405.8599999999997,3.2861082766439904,38.0,29.0
2009-12-13,84568,GIRLS ALPHABET IRON ON PATCHES,25.0,10.75,0.43,3.0,0.0
2009-12-20,84568,GIRLS ALPHABET IRON ON PATCHES,664.0,158.79999999999998,0.4064285714285714,10.0,2.0
2009-12-27,84568,GIRLS ALPHABET IRON ON PATCHES,34.0,14.620000000000001,0.43,2.0,0.0
2010-01-03,84568,GIRLS ALPHABET IRON ON PATCHES,0.0,0.0,0.43,0.0,0.0
2010-01-10,84568,GIRLS ALPHABET IRON ON PATCHES,0.0,0.0,0.43,0.0,0.0
2010-01-17,84568,GIRLS ALPHABET IRON ON PATCHES,29.0,12.47,0.43,3.0,0.0
2010-01-24,84568,GIRLS ALPHABET IRON ON PATCHES,19.0,8.17,0.43,2.0,0.0
2010-01-31,84568,GIRLS ALPHABET IRON ON PATCHES,5.0,2.15,0.43,1.0,0.0
2010-02-07,84568,GIRLS ALPHABET IRON ON PATCHES,27.0,11.61,0.43,3.0,0.0
2010-02-14,84568,GIRLS ALPHABET IRON ON PATCHES,576.0,120.96,0.30428571428571427,2.0,2.0
2010-02-21,84568,GIRLS ALPHABET IRON ON PATCHES,581.0,123.10999999999999,0.2414285714285714,3.0,2.0
2010-02-28,84568,GIRLS ALPHABET IRON ON PATCHES,9.0,3.65,0.30428571428571427,2.0,1.0
2010-03-07,84568,GIRLS ALPHABET IRON ON PATCHES,288.0,60.48,0.2414285714285714,1.0,1.0
2010-03-14,84568,GIRLS ALPHABET IRON ON PATCHES,1780.0,327.64000000000004,0.3614285714285714,4.0,2.0
2010-03-21,84568,GIRLS ALPHABET IRON ON PATCHES,2042.0,434.53999999999996,0.30428571428571427,4.0,1.0
2010-03-28,84568,GIRLS ALPHABET IRON ON PATCHES,1194.0,259.98,0.2414285714285714,6.0,4.0
2010-04-04,84568,GIRLS ALPHABET IRON ON PATCHES,596.0,129.55999999999997,0.38285714285714284,4.0,2.0
2010-04-11,84568,GIRLS ALPHABET IRON ON PATCHES,600.0,131.28,0.3671428571428571,5.0,2.0
2010-04-18,84568,GIRLS ALPHABET IRON ON PATCHES,0.0,0.0,0.31999999999999995,0.0,0.0
2010-04-25,84568,GIRLS ALPHABET IRON ON PATCHES,21.0,9.030000000000001,0.43,4.0,0.0
2010-05-02,84568,GIRLS ALPHABET IRON ON PATCHES,620.0,139.88,0.3514285714285714,3.0,1.0
2010-05-09,84568,GIRLS ALPHABET IRON ON PATCHES,362.0,92.3,0.2885714285714286,3.0,1.0
2010-05-16,84568,GIRLS ALPHABET IRON ON PATCHES,0.0,0.0,0.21,0.0,0.0
2010-05-23,84568,GIRLS ALPHABET IRON ON PATCHES,7.0,3.01,0.3985714285714286,2.0,0.0
2010-05-30,84568,GIRLS ALPHABET IRON ON PATCHES,289.0,60.91,0.30428571428571427,2.0,1.0
2010-06-06,84568,GIRLS ALPHABET IRON ON PATCHES,6.0,2.58,0.33571428571428574,1.0,0.0
2010-06-13,84568,GIRLS ALPHABET IRON ON PATCHES,288.0,60.48,0.30428571428571427,1.0,1.0
2010-06-20,84568,GIRLS ALPHABET IRON ON PATCHES,872.0,184.88,0.2414285714285714,5.0,3.0
2010-06-27,84568,GIRLS ALPHABET IRON ON PATCHES,22.0,9.46,0.43,2.0,0.0
2010-07-04,84568,GIRLS ALPHABET IRON ON PATCHES,302.0,66.5,0.33571428571428574,2.0,1.0
2010-07-11,84568,GIRLS ALPHABET IRON ON PATCHES,3.0,1.29,0.30428571428571427,1.0,0.0
2010-07-18,84568,GIRLS ALPHABET IRON ON PATCHES,290.0,61.339999999999996,0.30428571428571427,2.0,1.0
2010-07-25,84568,GIRLS ALPHABET IRON ON PATCHES,3.0,1.29,0.30428571428571427,1.0,0.0
2010-08-01,84568,GIRLS ALPHABET IRON ON PATCHES,27.0,11.61,0.43,2.0,0.0
2010-08-08,84568,GIRLS ALPHABET IRON ON PATCHES,44.0,18.92,0.43,4.0,0.0
2010-08-15,84568,GIRLS ALPHABET IRON ON PATCHES,1767.0,322.05,0.35857142857142854,8.0,2.0
2010-08-22,84568,GIRLS ALPHABET IRON ON PATCHES,41.0,17.63,0.43,3.0,0.0
2010-08-29,84568,GIRLS ALPHABET IRON ON PATCHES,26.0,11.18,0.43,2.0,0.0
2010-09-05,84568,GIRLS ALPHABET IRON ON PATCHES,65.0,27.950000000000003,0.43,4.0,0.0
2010-09-12,84568,GIRLS ALPHABET IRON ON PATCHES,369.0,95.31,0.30428571428571427,6.0,1.0
2010-09-19,84568,GIRLS ALPHABET IRON ON PATCHES,631.0,144.60999999999999,0.35666666666666663,5.0,2.0
2010-09-26,84568,GIRLS ALPHABET IRON ON PATCHES,36.0,15.48,0.43,5.0,0.0
2010-10-03,84568,GIRLS ALPHABET IRON ON PATCHES,2044.0,377.8,0.2871428571428571,6.0,3.0
2010-10-10,84568,GIRLS ALPHABET IRON ON PATCHES,322.0,75.1,0.2557142857142857,2.0,1.0
2010-10-17,84568,GIRLS ALPHABET IRON ON PATCHES,1443.0,303.69,0.2571428571428572,5.0,4.0
2010-10-24,84568,GIRLS ALPHABET IRON ON PATCHES,2899.0,497.77000000000004,0.31857142857142856,4.0,1.0
2010-10-31,84568,GIRLS ALPHABET IRON ON PATCHES,293.0,62.629999999999995,0.29857142857142854,2.0,1.0
2010-11-07,84568,GIRLS ALPHABET IRON ON PATCHES,32.0,13.76,0.3671428571428571,2.0,0.0
2010-11-14,84568,GIRLS ALPHABET IRON ON PATCHES,309.0,69.50999999999999,0.33571428571428574,3.0,1.0
2010-11-21,84568,GIRLS ALPHABET IRON ON PATCHES,637.0,147.19,0.3985714285714286,8.0,2.0
2010-11-28,84568,GIRLS ALPHABET IRON ON PATCHES,1452.0,249.96,0.39285714285714285,3.0,1.0
2010-12-05,84568,GIRLS ALPHABET IRON ON PATCHES,0.0,0.0,0.17,0.0,0.0
2010-12-12,84568,GIRLS ALPHABET IRON ON PATCHES,136.0,58.48,0.43,3.0,0.0
2010-12-19,84568,GIRLS ALPHABET IRON ON PATCHES,57.0,24.509999999999998,0.43,5.0,0.0
2010-12-26,84568,GIRLS ALPHABET IRON ON PATCHES,0.0,0.0,0.43,0.0,0.0
2011-01-02,84568,GIRLS ALPHABET IRON ON PATCHES,0.0,0.0,0.43,0.0,0.0
2011-01-09,84568,GIRLS ALPHABET IRON ON PATCHES,0.0,0.0,0.43,0.0,0.0
2011-01-16,84568,GIRLS ALPHABET IRON ON PATCHES,24.0,10.32,0.43,3.0,0.0
2011-01-23,84568,GIRLS ALPHABET IRON ON PATCHES,32.0,13.44,0.42,4.0,0.0
2011-01-30,84568,GIRLS ALPHABET IRON ON PATCHES,16.0,6.72,0.42,1.0,0.0
2011-02-06,84568,GIRLS ALPHABET IRON ON PATCHES,96.0,20.16,0.39,1.0,1.0
2011-02-13,84568,GIRLS ALPHABET IRON ON PATCHES,0.0,0.0,0.21,0.0,0.0
2011-02-20,84568,GIRLS ALPHABET IRON ON PATCHES,300.0,65.52,0.24,2.0,1.0
2011-02-27,84568,GIRLS ALPHABET IRON ON PATCHES,295.0,63.419999999999995,0.3,2.0,1.0
2011-03-06,84568,GIRLS ALPHABET IRON ON PATCHES,337.0,81.06,0.40499999999999997,5.0,1.0
2011-03-13,84568,GIRLS ALPHABET IRON ON PATCHES,291.0,61.739999999999995,0.3,2.0,1.0
2011-03-20,84568,GIRLS ALPHABET IRON ON PATCHES,47.0,19.74,0.33,4.0,0.0
2011-03-27,84568,GIRLS ALPHABET IRON ON PATCHES,81.0,34.019999999999996,0.42,3.0,0.0
2011-04-03,84568,GIRLS ALPHABET IRON ON PATCHES,1740.0,310.32,0.3871428571428571,4.0,2.0
2011-04-10,84568,GIRLS ALPHABET IRON ON PATCHES,30.0,12.6,0.42,3.0,0.0
2011-04-17,84568,GIRLS ALPHABET IRON ON PATCHES,288.0,60.48,0.39,1.0,1.0
2011-04-24,84568,GIRLS ALPHABET IRON ON PATCHES,36.0,15.120000000000001,0.42,3.0,0.0
2011-05-01,84568,GIRLS ALPHABET IRON ON PATCHES,0.0,0.0,0.42,0.0,0.0
2011-05-08,84568,GIRLS ALPHABET IRON ON PATCHES,19.0,7.9799999999999995,0.42,1.0,0.0
2011-05-15,84568,GIRLS ALPHABET IRON ON PATCHES,308.0,68.88,0.3,3.0,1.0
2011-05-22,84568,GIRLS ALPHABET IRON ON PATCHES,288.0,60.48,0.21,1.0,1.0
2011-05-29,84568,GIRLS ALPHABET IRON ON PATCHES,4.0,1.68,0.36,1.0,0.0
2011-06-05,84568,GIRLS ALPHABET IRON ON PATCHES,297.0,64.25999999999999,0.36,3.0,1.0
2011-06-12,84568,GIRLS ALPHABET IRON ON PATCHES,288.0,60.48,0.39,1.0,1.0
2011-06-19,84568,GIRLS ALPHABET IRON ON PATCHES,13.0,5.46,0.39,2.0,0.0
2011-06-26,84568,GIRLS ALPHABET IRON ON PATCHES,328.0,77.28,0.40499999999999997,4.0,1.0
2011-07-03,84568,GIRLS ALPHABET IRON ON PATCHES,288.0,60.48,0.24,1.0,1.0
2011-07-10,84568,GIRLS ALPHABET IRON ON PATCHES,8.0,3.36,0.33,3.0,0.0
2011-07-17,84568,GIRLS ALPHABET IRON ON PATCHES,583.0,123.89999999999999,0.36,3.0,2.0
2011-07-24,84568,GIRLS ALPHABET IRON ON PATCHES,44.0,18.48,0.42,4.0,0.0
2011-07-31,84568,GIRLS ALPHABET IRON ON PATCHES,4384.0,761.28,0.36642857142857144,8.0,2.0
2011-08-07,84568,GIRLS ALPHABET IRON ON PATCHES,340.0,82.32,0.375,4.0,1.0
2011-08-14,84568,GIRLS ALPHABET IRON ON PATCHES,35.0,14.7,0.42,3.0,0.0
2011-08-21,84568,GIRLS ALPHABET IRON ON PATCHES,0.0,0.0,0.42,0.0,0.0
2011-08-28,84568,GIRLS ALPHABET IRON ON PATCHES,0.0,0.0,0.42,0.0,0.0
2011-09-04,84568,GIRLS ALPHABET IRON ON PATCHES,1532.0,283.44,0.27714285714285714,9.0,1.0
2011-09-11,84568,GIRLS ALPHABET IRON ON PATCHES,45.0,18.9,0.42,6.0,0.0
2011-09-18,84568,GIRLS ALPHABET IRON ON PATCHES,32.0,13.44,0.42,2.0,0.0
2011-09-25,84568,GIRLS ALPHABET IRON ON PATCHES,24.0,10.08,0.42,5.0,0.0
2011-10-02,84568,GIRLS ALPHABET IRON ON PATCHES,9.0,3.78,0.42,2.0,0.0
2011-10-09,84568,GIRLS ALPHABET IRON ON PATCHES,0.0,0.0,0.42,0.0,0.0
2011-10-16,84568,GIRLS ALPHABET IRON ON PATCHES,18.0,7.5600000000000005,0.42,2.0,0.0
2011-10-23,84568,GIRLS ALPHABET IRON ON PATCHES,24.0,10.079999999999998,0.42,2.0,0.0
2011-10-30,84568,GIRLS ALPHABET IRON ON PATCHES,0.0,0.0,0.42,0.0,0.0
2011-11-06,84568,GIRLS ALPHABET IRON ON PATCHES,30.0,12.6,0.42,3.0,0.0
2011-11-13,84568,GIRLS ALPHABET IRON ON PATCHES,43.0,18.060000000000002,0.42,5.0,0.0
2011-11-20,84568,GIRLS ALPHABET IRON ON PATCHES,319.0,73.5,0.39,5.0,1.0
2011-11-27,84568,GIRLS ALPHABET IRON ON PATCHES,362.0,91.56,0.41,7.0,1.0
2011-12-04,84568,GIRLS ALPHABET IRON ON PATCHES,354.0,88.2,0.39,6.0,1.0
2009-12-13,84755,COLOUR GLASS T-LIGHT HOLDER HANGING,261.0,177.85000000000002,0.93,11.0,9.0
2009-12-20,84755,COLOUR GLASS T-LIGHT HOLDER HANGING,100.0,83.08,2.587142857142857,6.0,5.0
2009-12-27,84755,COLOUR GLASS T-LIGHT HOLDER HANGING,17.0,15.57,4.524285714285715,2.0,1.0
2010-01-03,84755,COLOUR GLASS T-LIGHT HOLDER HANGING,0.0,0.0,5.17,0.0,0.0
2010-01-10,84755,COLOUR GLASS T-LIGHT HOLDER HANGING,648.0,363.59999999999997,1.9271428571428573,5.0,5.0
2010-01-17,84755,COLOUR GLASS T-LIGHT HOLDER HANGING,42.0,36.12,3.1699999999999995,2.0,1.0
2010-01-24,84755,COLOUR GLASS T-LIGHT HOLDER HANGING,290.0,182.92,1.2112857142857145,13.0,11.0
2010-01-31,84755,COLOUR GLASS T-LIGHT HOLDER HANGING,186.0,115.32000000000001,1.0557142857142856,6.0,4.0
2010-02-07,84755,COLOUR GLASS T-LIGHT HOLDER HANGING,17.0,15.46,1.91,3.0,2.0
2010-02-14,84755,COLOUR GLASS T-LIGHT HOLDER HANGING,122.0,88.12,1.91,6.0,5.0
2010-02-21,84755,COLOUR GLASS T-LIGHT HOLDER HANGING,305.0,188.26000000000002,0.8972380952380953,9.0,8.0
2010-02-28,84755,COLOUR GLASS T-LIGHT HOLDER HANGING,360.0,219.60000000000002,0.6428571428571429,11.0,10.0
2010-03-07,84755,COLOUR GLASS T-LIGHT HOLDER HANGING,209.0,138.66,0.8027380952380953,13.0,11.0
2010-03-14,84755,COLOUR GLASS T-LIGHT HOLDER HANGING,282.0,177.72,1.2657142857142856,9.0,8.0
2010-03-21,84755,COLOUR GLASS T-LIGHT HOLDER HANGING,1664.0,937.6000000000001,0.6190476190476192,15.0,15.0
2010-03-28,84755,COLOUR GLASS T-LIGHT HOLDER HANGING,833.0,488.26,0.8853333333333333,21.0,20.0
2010-04-04,84755,COLOUR GLASS T-LIGHT HOLDER HANGING,443.0,281.98,0.8553877551020408,18.0,14.0
2010-04-11,84755,COLOUR GLASS T-LIGHT HOLDER HANGING,893.0,530.5000000000001,2.0114285714285716,13.0,10.0
2010-04-18,84755,COLOUR GLASS T-LIGHT HOLDER HANGING,376.0,230.0,0.6428571428571429,11.0,11.0
2010-04-25,84755,COLOUR GLASS T-LIGHT HOLDER HANGING,487.0,329.82,1.476904761904762,21.0,17.0
2010-05-02,84755,COLOUR GLASS T-LIGHT HOLDER HANGING,1112.0,665.2,0.6269841269841271,26.0,26.0
2010-05-09,84755,COLOUR GLASS T-LIGHT HOLDER HANGING,1038.0,621.96,0.8925238095238095,21.0,18.0
2010-05-16,84755,COLOUR GLASS T-LIGHT HOLDER HANGING,1776.0,1045.68,1.1457142857142857,19.0,17.0
2010-05-23,84755,COLOUR GLASS T-LIGHT HOLDER HANGING,535.0,349.82,1.6403571428571426,17.0,14.0
2010-05-30,84755,COLOUR GLASS T-LIGHT HOLDER HANGING,469.0,294.86,0.8571428571428571,21.0,20.0
2010-06-06,84755,COLOUR GLASS T-LIGHT HOLDER HANGING,653.0,403.3,1.8749285714285713,15.0,11.0
2010-06-13,84755,COLOUR GLASS T-LIGHT HOLDER HANGING,1742.0,1005.1200000000001,0.6915714285714286,23.0,22.0
2010-06-20,84755,COLOUR GLASS T-LIGHT HOLDER HANGING,824.0,490.8,0.6404761904761905,20.0,18.0
2010-06-27,84755,COLOUR GLASS T-LIGHT HOLDER HANGING,552.0,356.8,0.7652380952380954,22.0,18.0
2010-07-04,84755,COLOUR GLASS T-LIGHT HOLDER HANGING,788.0,471.48,0.6600952380952381,18.0,17.0
2010-07-11,84755,COLOUR GLASS T-LIGHT HOLDER HANGING,868.0,563.64,0.8152380952380953,20.0,16.0
2010-07-18,84755,COLOUR GLASS T-LIGHT HOLDER HANGING,586.0,352.1,0.6428571428571429,15.0,14.0
2010-07-25,84755,COLOUR GLASS T-LIGHT HOLDER HANGING,328.0,228.08,0.7680952380952382,19.0,17.0
2010-08-01,84755,COLOUR GLASS T-LIGHT HOLDER HANGING,553.0,345.05,0.6452380952380953,21.0,21.0
2010-08-08,84755,COLOUR GLASS T-LIGHT HOLDER HANGING,728.0,449.84000000000003,0.7470952380952381,21.0,16.0
2010-08-15,84755,COLOUR GLASS T-LIGHT HOLDER HANGING,469.0,295.41,0.7071428571428572,14.0,12.0
2010-08-22,84755,COLOUR GLASS T-LIGHT HOLDER HANGING,552.0,330.0,0.6452380952380953,14.0,14.0
2010-08-29,84755,COLOUR GLASS T-LIGHT HOLDER HANGING,352.0,214.4,0.6357142857142858,11.0,10.0
2010-09-05,84755,COLOUR GLASS T-LIGHT HOLDER HANGING,436.0,262.04,0.6747619047619048,7.0,6.0
2010-09-12,84755,COLOUR GLASS T-LIGHT HOLDER HANGING,336.0,189.60000000000002,0.6000000000000002,4.0,4.0
2010-09-19,84755,COLOUR GLASS T-LIGHT HOLDER HANGING,136.0,88.4,0.65,6.0,6.0
2010-09-26,84755,COLOUR GLASS T-LIGHT HOLDER HANGING,160.0,104.0,0.65,7.0,7.0
2010-10-03,84755,COLOUR GLASS T-LIGHT HOLDER HANGING,272.0,162.4,0.6357142857142858,8.0,8.0
2010-10-10,84755,COLOUR GLASS T-LIGHT HOLDER HANGING,296.0,174.8,0.630952380952381,8.0,7.0
2010-10-17,84755,COLOUR GLASS T-LIGHT HOLDER HANGING,56.0,36.4,0.65,4.0,4.0
2010-10-24,84755,COLOUR GLASS T-LIGHT HOLDER HANGING,32.0,20.8,0.65,2.0,2.0
2010-10-31,84755,COLOUR GLASS T-LIGHT HOLDER HANGING,136.0,88.4,0.65,9.0,9.0
2010-11-07,84755,COLOUR GLASS T-LIGHT HOLDER HANGING,178.0,118.18000000000002,0.7385714285714285,10.0,9.0
2010-11-14,84755,COLOUR GLASS T-LIGHT HOLDER HANGING,152.0,103.76,0.8271428571428572,10.0,8.0
2010-11-21,84755,COLOUR GLASS T-LIGHT HOLDER HANGING,170.0,124.66,0.7314285714285714,11.0,10.0
2010-11-28,84755,COLOUR GLASS T-LIGHT HOLDER HANGING,80.0,56.96,0.8861904761904763,6.0,4.0
2010-12-05,84755,COLOUR GLASS T-LIGHT HOLDER HANGING,424.0,285.52000000000004,0.7238095238095238,14.0,11.0
2010-12-12,84755,COLOUR GLASS T-LIGHT HOLDER HANGING,268.0,191.56,0.9157142857142857,9.0,6.0
2010-12-19,84755,COLOUR GLASS T-LIGHT HOLDER HANGING,160.0,104.0,0.65,7.0,7.0
2010-12-26,84755,COLOUR GLASS T-LIGHT HOLDER HANGING,8.0,5.2,0.65,1.0,1.0
2011-01-02,84755,COLOUR GLASS T-LIGHT HOLDER HANGING,0.0,0.0,0.65,0.0,0.0
2011-01-09,84755,COLOUR GLASS T-LIGHT HOLDER HANGING,232.0,136.4,0.6357142857142858,6.0,6.0
2011-01-16,84755,COLOUR GLASS T-LIGHT HOLDER HANGING,56.0,36.4,0.65,4.0,4.0
2011-01-23,84755,COLOUR GLASS T-LIGHT HOLDER HANGING,216.0,126.0,0.6357142857142858,5.0,5.0
2011-01-30,84755,COLOUR GLASS T-LIGHT HOLDER HANGING,92.0,66.88,0.6710714285714285,6.0,5.0
2011-02-06,84755,COLOUR GLASS T-LIGHT HOLDER HANGING,48.0,31.2,0.65,3.0,3.0
2011-02-13,84755,COLOUR GLASS T-LIGHT HOLDER HANGING,208.0,123.16,0.72,6.0,5.0
2011-02-20,84755,COLOUR GLASS T-LIGHT HOLDER HANGING,176.0,114.39999999999999,0.65,9.0,9.0
2011-02-27,84755,COLOUR GLASS T-LIGHT HOLDER HANGING,297.0,183.37,0.6849999999999999,12.0,11.0
2011-03-06,84755,COLOUR GLASS T-LIGHT HOLDER HANGING,164.0,108.96000000000001,0.6921428571428573,11.0,10.0
2011-03-13,84755,COLOUR GLASS T-LIGHT HOLDER HANGING,472.0,282.72,0.7211904761904763,12.0,11.0
2011-03-20,84755,COLOUR GLASS T-LIGHT HOLDER HANGING,172.0,114.16000000000001,0.6668571428571429,11.0,10.0
2011-03-27,84755,COLOUR GLASS T-LIGHT HOLDER HANGING,264.0,157.20000000000002,0.6428571428571429,10.0,10.0
2011-04-03,84755,COLOUR GLASS T-LIGHT HOLDER HANGING,150.0,99.86000000000001,0.6921428571428573,10.0,8.0
2011-04-10,84755,COLOUR GLASS T-LIGHT HOLDER HANGING,236.0,160.48000000000002,0.7272619047619048,15.0,13.0
2011-04-17,84755,COLOUR GLASS T-LIGHT HOLDER HANGING,632.0,382.00000000000006,0.6443877551020408,22.0,22.0
2011-04-24,84755,COLOUR GLASS T-LIGHT HOLDER HANGING,604.0,401.8,0.7222630385487527,29.0,23.0
2011-05-01,84755,COLOUR GLASS T-LIGHT HOLDER HANGING,298.0,191.26000000000002,0.6722380952380952,12.0,11.0
2011-05-08,84755,COLOUR GLASS T-LIGHT HOLDER HANGING,792.0,485.76000000000005,0.6997619047619048,26.0,23.0
2011-05-15,84755,COLOUR GLASS T-LIGHT HOLDER HANGING,724.0,453.6,0.6928265306122449,28.0,24.0
2011-05-22,84755,COLOUR GLASS T-LIGHT HOLDER HANGING,722.0,457.02000000000004,0.6976428571428571,21.0,18.0
2011-05-29,84755,COLOUR GLASS T-LIGHT HOLDER HANGING,676.0,412.96000000000004,0.6583333333333333,24.0,23.0
2011-06-05,84755,COLOUR GLASS T-LIGHT HOLDER HANGING,496.0,317.44,0.7206666666666667,18.0,16.0
2011-06-12,84755,COLOUR GLASS T-LIGHT HOLDER HANGING,572.0,373.92,0.7187857142857144,20.0,16.0
2011-06-19,84755,COLOUR GLASS T-LIGHT HOLDER HANGING,632.0,386.72,0.7095,21.0,19.0
2011-06-26,84755,COLOUR GLASS T-LIGHT HOLDER HANGING,196.0,162.8,0.8326190476190476,9.0,4.0
2011-07-03,84755,COLOUR GLASS T-LIGHT HOLDER HANGING,520.0,311.56,0.6697619047619048,17.0,15.0
2011-07-10,84755,COLOUR GLASS T-LIGHT HOLDER HANGING,496.0,298.32,0.7059523809523809,16.0,13.0
2011-07-17,84755,COLOUR GLASS T-LIGHT HOLDER HANGING,332.0,208.48000000000002,0.6920238095238096,14.0,12.0
2011-07-24,84755,COLOUR GLASS T-LIGHT HOLDER HANGING,520.0,352.16,0.6929455782312927,23.0,19.0
2011-07-31,84755,COLOUR GLASS T-LIGHT HOLDER HANGING,306.0,184.5,0.6464285714285715,11.0,10.0
2011-08-07,84755,COLOUR GLASS T-LIGHT HOLDER HANGING,228.0,150.56,0.6668571428571429,12.0,11.0
2011-08-14,84755,COLOUR GLASS T-LIGHT HOLDER HANGING,688.0,455.91999999999996,0.9530952380952381,19.0,14.0
2011-08-21,84755,COLOUR GLASS T-LIGHT HOLDER HANGING,204.0,134.96,0.6921428571428573,12.0,11.0
2011-08-28,84755,COLOUR GLASS T-LIGHT HOLDER HANGING,464.0,272.8,0.625,10.0,10.0
2011-09-04,84755,COLOUR GLASS T-LIGHT HOLDER HANGING,272.0,167.12,0.72,8.0,6.0
2011-09-11,84755,COLOUR GLASS T-LIGHT HOLDER HANGING,380.0,244.4,0.6808571428571428,12.0,9.0
2011-09-18,84755,COLOUR GLASS T-LIGHT HOLDER HANGING,392.0,228.24000000000004,0.8742857142857143,3.0,2.0
2011-09-25,84755,COLOUR GLASS T-LIGHT HOLDER HANGING,244.0,146.56,0.6849999999999999,6.0,5.0
2011-10-02,84755,COLOUR GLASS T-LIGHT HOLDER HANGING,48.0,31.200000000000003,0.65,4.0,4.0
2011-10-09,84755,COLOUR GLASS T-LIGHT HOLDER HANGING,288.0,177.52,0.6849999999999999,9.0,9.0
2011-10-16,84755,COLOUR GLASS T-LIGHT HOLDER HANGING,64.0,41.6,0.65,4.0,4.0
2011-10-23,84755,COLOUR GLASS T-LIGHT HOLDER HANGING,196.0,116.88000000000001,0.6564285714285715,4.0,3.0
2011-10-30,84755,COLOUR GLASS T-LIGHT HOLDER HANGING,112.0,72.8,0.65,9.0,9.0
2011-11-06,84755,COLOUR GLASS T-LIGHT HOLDER HANGING,108.0,82.0,0.9169047619047619,9.0,7.0
2011-11-13,84755,COLOUR GLASS T-LIGHT HOLDER HANGING,324.0,208.00000000000003,0.8371428571428571,13.0,9.0
2011-11-20,84755,COLOUR GLASS T-LIGHT HOLDER HANGING,152.0,117.68,0.9730952380952381,8.0,4.0
2011-11-27,84755,COLOUR GLASS T-LIGHT HOLDER HANGING,348.0,284.96,1.0666666666666667,9.0,6.0
2011-12-04,84755,COLOUR GLASS T-LIGHT HOLDER HANGING,40.0,40.16,1.0714285714285714,5.0,2.0
2009-12-13,84879,ASSORTED COLOUR BIRD ORNAMENT,1213.0,2046.2199999999998,4.0964285714285715,29.0,26.0
2009-12-20,84879,ASSORTED COLOUR BIRD ORNAMENT,1324.0,2230.06,4.012467532467532,33.0,28.0
2009-12-27,84879,ASSORTED COLOUR BIRD ORNAMENT,82.0,187.28,5.168571428571428,4.0,2.0
2010-01-03,84879,ASSORTED COLOUR BIRD ORNAMENT,0.0,0.0,1.69,0.0,0.0
2010-01-10,84879,ASSORTED COLOUR BIRD ORNAMENT,168.0,283.92,1.69,9.0,8.0
2010-01-17,84879,ASSORTED COLOUR BIRD ORNAMENT,233.0,536.5699999999999,3.3899999999999997,17.0,15.0
2010-01-24,84879,ASSORTED COLOUR BIRD ORNAMENT,897.0,1386.13,3.3202857142857143,17.0,15.0
2010-01-31,84879,ASSORTED COLOUR BIRD ORNAMENT,211.0,427.99,5.6,15.0,11.0
2010-02-07,84879,ASSORTED COLOUR BIRD ORNAMENT,274.0,475.06,1.7435714285714285,16.0,15.0
2010-02-14,84879,ASSORTED COLOUR BIRD ORNAMENT,512.0,788.48,1.6728571428571428,12.0,12.0
2010-02-21,84879,ASSORTED COLOUR BIRD ORNAMENT,587.0,915.23,1.6814285714285713,18.0,18.0
2010-02-28,84879,ASSORTED COLOUR BIRD ORNAMENT,294.0,520.78,1.8182857142857143,19.0,17.0
2010-03-07,84879,ASSORTED COLOUR BIRD ORNAMENT,735.0,1163.4299999999998,1.6522857142857141,26.0,25.0
2010-03-14,84879,ASSORTED COLOUR BIRD ORNAMENT,917.0,1444.53,1.7587142857142857,26.0,25.0
2010-03-21,84879,ASSORTED COLOUR BIRD ORNAMENT,551.0,1014.63,1.7609523809523808,29.0,26.0
2010-03-28,84879,ASSORTED COLOUR BIRD ORNAMENT,840.0,1118.8,1.8376666666666668,29.0,26.0
2010-04-04,84879,ASSORTED COLOUR BIRD ORNAMENT,331.0,557.47,1.6785714285714286,20.0,20.0
2010-04-11,84879,ASSORTED COLOUR BIRD ORNAMENT,736.0,1357.44,8.471714285714286,15.0,13.0
2010-04-18,84879,ASSORTED COLOUR BIRD ORNAMENT,653.0,1026.77,1.6717142857142857,25.0,24.0
2010-04-25,84879,ASSORTED COLOUR BIRD ORNAMENT,504.0,870.0,1.795,24.0,20.0
2010-05-02,84879,ASSORTED COLOUR BIRD ORNAMENT,919.0,1512.31,1.7267857142857144,37.0,34.0
2010-05-09,84879,ASSORTED COLOUR BIRD ORNAMENT,342.0,577.98,1.69,20.0,20.0
2010-05-16,84879,ASSORTED COLOUR BIRD ORNAMENT,923.0,1495.07,1.6994285714285715,29.0,28.0
2010-05-23,84879,ASSORTED COLOUR BIRD ORNAMENT,283.0,478.27,1.69,20.0,20.0
2010-05-30,84879,ASSORTED COLOUR BIRD ORNAMENT,560.0,932.0,1.8719047619047617,28.0,26.0
2010-06-06,84879,ASSORTED COLOUR BIRD ORNAMENT,309.0,522.21,1.69,20.0,20.0
2010-06-13,84879,ASSORTED COLOUR BIRD ORNAMENT,264.0,446.16,1.69,15.0,15.0
2010-06-20,84879,ASSORTED COLOUR BIRD ORNAMENT,569.0,935.2099999999999,1.75,20.0,19.0
2010-06-27,84879,ASSORTED COLOUR BIRD ORNAMENT,252.0,449.88,1.9042857142857144,19.0,17.0
2010-07-04,84879,ASSORTED COLOUR BIRD ORNAMENT,692.0,1071.56,1.5717142857142856,20.0,17.0
2010-07-11,84879,ASSORTED COLOUR BIRD ORNAMENT,874.0,1385.86,1.75,30.0,16.0
2010-07-18,84879,ASSORTED COLOUR BIRD ORNAMENT,400.0,673.6,1.762857142857143,20.0,16.0
2010-07-25,84879,ASSORTED COLOUR BIRD ORNAMENT,1043.0,1678.19,1.6694285714285715,30.0,28.0
2010-08-01,84879,ASSORTED COLOUR BIRD ORNAMENT,621.0,1011.09,1.6842857142857144,21.0,21.0
2010-08-08,84879,ASSORTED COLOUR BIRD ORNAMENT,648.0,1095.12,1.69,21.0,21.0
2010-08-15,84879,ASSORTED COLOUR BIRD ORNAMENT,758.0,1156.7,1.7423809523809524,18.0,17.0
2010-08-22,84879,ASSORTED COLOUR BIRD ORNAMENT,664.0,1057.3600000000001,1.8128571428571427,21.0,20.0
2010-08-29,84879,ASSORTED COLOUR BIRD ORNAMENT,1000.0,1575.7599999999998,1.7321428571428572,24.0,22.0
2010-09-05,84879,ASSORTED COLOUR BIRD ORNAMENT,963.0,1562.67,1.743142857142857,18.0,17.0
2010-09-12,84879,ASSORTED COLOUR BIRD ORNAMENT,387.0,627.63,1.727142857142857,22.0,20.0
2010-09-19,84879,ASSORTED COLOUR BIRD ORNAMENT,619.0,984.67,1.6585714285714286,27.0,27.0
2010-09-26,84879,ASSORTED COLOUR BIRD ORNAMENT,1792.0,2829.7599999999998,1.7840408163265307,43.0,41.0
2010-10-03,84879,ASSORTED COLOUR BIRD ORNAMENT,773.0,1277.57,1.6977551020408164,28.0,26.0
2010-10-10,84879,ASSORTED COLOUR BIRD ORNAMENT,753.0,1284.4099999999999,1.9287857142857143,28.0,26.0
2010-10-17,84879,ASSORTED COLOUR BIRD ORNAMENT,2277.0,3476.1299999999997,1.6924489795918365,45.0,43.0
2010-10-24,84879,ASSORTED COLOUR BIRD ORNAMENT,1736.0,2609.8399999999997,1.7031428571428573,28.0,27.0
2010-10-31,84879,ASSORTED COLOUR BIRD ORNAMENT,1039.0,1741.51,1.7567857142857142,41.0,39.0
2010-11-07,84879,ASSORTED COLOUR BIRD ORNAMENT,992.0,1599.68,1.683073593073593,44.0,44.0
2010-11-14,84879,ASSORTED COLOUR BIRD ORNAMENT,5584.0,8503.519999999999,1.7318681318681317,61.0,57.0
2010-11-21,84879,ASSORTED COLOUR BIRD ORNAMENT,1476.0,2402.52,1.7410427170868346,65.0,62.0
2010-11-28,84879,ASSORTED COLOUR BIRD ORNAMENT,947.0,1610.03,1.8274725274725274,44.0,40.0
2010-12-05,84879,ASSORTED COLOUR BIRD ORNAMENT,2096.0,3460.64,1.829062271062271,53.0,49.0
2010-12-12,84879,ASSORTED COLOUR BIRD ORNAMENT,1401.0,2386.89,1.8398639455782313,35.0,32.0
2010-12-19,84879,ASSORTED COLOUR BIRD ORNAMENT,638.0,1088.3,1.9977551020408164,31.0,26.0
2010-12-26,84879,ASSORTED COLOUR BIRD ORNAMENT,40.0,67.6,1.69,3.0,3.0
2011-01-02,84879,ASSORTED COLOUR BIRD ORNAMENT,0.0,0.0,1.69,0.0,0.0
2011-01-09,84879,ASSORTED COLOUR BIRD ORNAMENT,480.0,811.2,1.69,16.0,16.0
2011-01-16,84879,ASSORTED COLOUR BIRD ORNAMENT,442.0,755.46,1.8025,23.0,20.0
2011-01-23,84879,ASSORTED COLOUR BIRD ORNAMENT,139.0,257.79,1.8432142857142857,11.0,9.0
2011-01-30,84879,ASSORTED COLOUR BIRD ORNAMENT,344.0,554.4,1.7807142857142857,15.0,14.0
2011-02-06,84879,ASSORTED COLOUR BIRD ORNAMENT,937.0,1429.93,1.6685714285714286,25.0,25.0
2011-02-13,84879,ASSORTED COLOUR BIRD ORNAMENT,160.0,281.84,1.8942857142857144,11.0,10.0
2011-02-20,84879,ASSORTED COLOUR BIRD ORNAMENT,588.0,955.3199999999999,1.6842857142857144,26.0,24.0
2011-02-27,84879,ASSORTED COLOUR BIRD ORNAMENT,328.0,554.3199999999999,1.69,16.0,16.0
2011-03-06,84879,ASSORTED COLOUR BIRD ORNAMENT,213.0,394.28999999999996,1.8432142857142857,17.0,15.0
2011-03-13,84879,ASSORTED COLOUR BIRD ORNAMENT,642.0,1019.62,1.7068571428571429,26.0,24.0
2011-03-20,84879,ASSORTED COLOUR BIRD ORNAMENT,968.0,1520.72,1.6694285714285715,24.0,24.0
2011-03-27,84879,ASSORTED COLOUR BIRD ORNAMENT,391.0,660.79,1.69,30.0,28.0
2011-04-03,84879,ASSORTED COLOUR BIRD ORNAMENT,585.0,961.69,1.7512380952380953,23.0,21.0
2011-04-10,84879,ASSORTED COLOUR BIRD ORNAMENT,753.0,1207.21,1.702530612244898,29.0,27.0
2011-04-17,84879,ASSORTED COLOUR BIRD ORNAMENT,815.0,1377.35,1.69,39.0,39.0
2011-04-24,84879,ASSORTED COLOUR BIRD ORNAMENT,612.0,952.9200000000001,1.633194805194805,26.0,18.0
2011-05-01,84879,ASSORTED COLOUR BIRD ORNAMENT,264.0,440.72,1.665142857142857,19.0,18.0
2011-05-08,84879,ASSORTED COLOUR BIRD ORNAMENT,594.0,1015.3,1.7580952380952382,35.0,34.0
2011-05-15,84879,ASSORTED COLOUR BIRD ORNAMENT,1201.0,1925.93,1.7285871271585556,40.0,39.0
2011-05-22,84879,ASSORTED COLOUR BIRD ORNAMENT,595.0,1016.9899999999999,1.7155357142857142,32.0,31.0
2011-05-29,84879,ASSORTED COLOUR BIRD ORNAMENT,565.0,916.45,1.6851020408163266,28.0,28.0
2011-06-05,84879,ASSORTED COLOUR BIRD ORNAMENT,384.0,648.96,1.69,22.0,21.0
2011-06-12,84879,ASSORTED COLOUR BIRD ORNAMENT,292.0,493.47999999999996,1.69,20.0,20.0
2011-06-19,84879,ASSORTED COLOUR BIRD ORNAMENT,446.0,726.78,1.7466666666666666,20.0,19.0
2011-06-26,84879,ASSORTED COLOUR BIRD ORNAMENT,270.0,456.29999999999995,1.69,17.0,17.0
2011-07-03,84879,ASSORTED COLOUR BIRD ORNAMENT,292.0,504.91999999999996,1.7308571428571429,17.0,14.0
2011-07-10,84879,ASSORTED COLOUR BIRD ORNAMENT,460.0,788.84,1.7410714285714286,24.0,22.0
2011-07-17,84879,ASSORTED COLOUR BIRD ORNAMENT,372.0,628.68,1.69,22.0,21.0
2011-07-24,84879,ASSORTED COLOUR BIRD ORNAMENT,519.0,877.1099999999999,1.69,25.0,24.0
2011-07-31,84879,ASSORTED COLOUR BIRD ORNAMENT,478.0,807.8199999999999,1.69,32.0,27.0
2011-08-07,84879,ASSORTED COLOUR BIRD ORNAMENT,3800.0,5615.599999999999,1.6625714285714286,33.0,28.0
2011-08-14,84879,ASSORTED COLOUR BIRD ORNAMENT,1323.0,2003.55,1.6814285714285713,25.0,21.0
2011-08-21,84879,ASSORTED COLOUR BIRD ORNAMENT,556.0,901.24,1.6762857142857144,25.0,25.0
2011-08-28,84879,ASSORTED COLOUR BIRD ORNAMENT,850.0,1321.3000000000002,1.672857142857143,26.0,26.0
2011-09-04,84879,ASSORTED COLOUR BIRD ORNAMENT,216.0,376.48,1.8942857142857144,12.0,11.0
2011-09-11,84879,ASSORTED COLOUR BIRD ORNAMENT,488.0,824.72,1.69,28.0,25.0
2011-09-18,84879,ASSORTED COLOUR BIRD ORNAMENT,908.0,1430.76,1.725357142857143,30.0,29.0
2011-09-25,84879,ASSORTED COLOUR BIRD ORNAMENT,701.0,1157.73,1.823333333333333,33.0,32.0
2011-10-02,84879,ASSORTED COLOUR BIRD ORNAMENT,799.0,1284.9499999999998,1.695918367346939,37.0,36.0
2011-10-09,84879,ASSORTED COLOUR BIRD ORNAMENT,589.0,995.41,1.69,39.0,39.0
2011-10-16,84879,ASSORTED COLOUR BIRD ORNAMENT,420.0,709.8000000000001,1.69,25.0,25.0
2011-10-23,84879,ASSORTED COLOUR BIRD ORNAMENT,829.0,1324.21,1.680204081632653,33.0,33.0
2011-10-30,84879,ASSORTED COLOUR BIRD ORNAMENT,778.0,1402.26,1.766,40.0,37.0
2011-11-06,84879,ASSORTED COLOUR BIRD ORNAMENT,968.0,1608.96,1.7202380952380951,50.0,49.0
2011-11-13,84879,ASSORTED COLOUR BIRD ORNAMENT,1748.0,2689.0,1.7538095238095237,37.0,35.0
2011-11-20,84879,ASSORTED COLOUR BIRD ORNAMENT,1326.0,2125.74,1.6768864468864468,58.0,58.0
2011-11-27,84879,ASSORTED COLOUR BIRD ORNAMENT,1037.0,1698.61,1.6965510204081633,45.0,44.0
2011-12-04,84879,ASSORTED COLOUR BIRD ORNAMENT,953.0,1568.09,1.744404761904762,41.0,38.0
2009-12-13,84946,ANTIQUE SILVER T-LIGHT GLASS,1265.0,1527.93,1.3725408163265307,41.0,34.0
2009-12-20,84946,ANTIQUE SILVER T-LIGHT GLASS,478.0,733.82,1.550673469387755,26.0,18.0
2009-12-27,84946,ANTIQUE SILVER T-LIGHT GLASS,48.0,79.8,2.3814285714285712,6.0,3.0
2010-01-03,84946,ANTIQUE SILVER T-LIGHT GLASS,0.0,0.0,2.57,0.0,0.0
2010-01-10,84946,ANTIQUE SILVER T-LIGHT GLASS,132.0,151.32,1.433142857142857,7.0,6.0
2010-01-17,84946,ANTIQUE SILVER T-LIGHT GLASS,66.0,105.6,1.9014285714285712,10.0,4.0
2010-01-24,84946,ANTIQUE SILVER T-LIGHT GLASS,158.0,237.82,1.9399999999999997,14.0,8.0
2010-01-31,84946,ANTIQUE SILVER T-LIGHT GLASS,136.0,190.16,1.67,13.0,8.0
2010-02-07,84946,ANTIQUE SILVER T-LIGHT GLASS,359.0,411.67,1.6457142857142857,9.0,7.0
2010-02-14,84946,ANTIQUE SILVER T-LIGHT GLASS,70.0,97.58,2.0599999999999996,8.0,4.0
2010-02-21,84946,ANTIQUE SILVER T-LIGHT GLASS,90.0,120.06,1.8349999999999997,11.0,8.0
2010-02-28,84946,ANTIQUE SILVER T-LIGHT GLASS,146.0,178.9,1.3757142857142857,7.0,6.0
2010-03-07,84946,ANTIQUE SILVER T-LIGHT GLASS,249.0,295.23,1.5732142857142857,12.0,8.0
2010-03-14,84946,ANTIQUE SILVER T-LIGHT GLASS,181.0,200.15,1.4357142857142857,4.0,3.0
2010-03-21,84946,ANTIQUE SILVER T-LIGHT GLASS,97.0,130.1,1.8528571428571428,8.0,5.0
2010-03-28,84946,ANTIQUE SILVER T-LIGHT GLASS,273.0,302.73,1.4028571428571428,8.0,7.0
2010-04-04,84946,ANTIQUE SILVER T-LIGHT GLASS,279.0,378.09,1.5919047619047617,12.0,9.0
2010-04-11,84946,ANTIQUE SILVER T-LIGHT GLASS,252.0,325.44,1.6114285714285714,12.0,7.0
2010-04-18,84946,ANTIQUE SILVER T-LIGHT GLASS,87.0,108.75,1.25,7.0,7.0
2010-04-25,84946,ANTIQUE SILVER T-LIGHT GLASS,436.0,549.6800000000001,1.8388690476190475,15.0,6.0
2010-05-02,84946,ANTIQUE SILVER T-LIGHT GLASS,139.0,191.39,1.6999999999999997,14.0,11.0
2010-05-09,84946,ANTIQUE SILVER T-LIGHT GLASS,227.0,283.93,1.3632142857142857,13.0,11.0
2010-05-16,84946,ANTIQUE SILVER T-LIGHT GLASS,255.0,399.57,1.8754761904761905,13.0,9.0
2010-05-23,84946,ANTIQUE SILVER T-LIGHT GLASS,597.0,692.97,1.3111428571428572,16.0,14.0
2010-05-30,84946,ANTIQUE SILVER T-LIGHT GLASS,285.0,357.87,1.7854761904761904,13.0,10.0
2010-06-06,84946,ANTIQUE SILVER T-LIGHT GLASS,61.0,85.07,1.6099999999999999,6.0,4.0
2010-06-13,84946,ANTIQUE SILVER T-LIGHT GLASS,239.0,303.95,1.5725,17.0,13.0
2010-06-20,84946,ANTIQUE SILVER T-LIGHT GLASS,276.0,390.53999999999996,1.4682142857142857,18.0,13.0
2010-06-27,84946,ANTIQUE SILVER T-LIGHT GLASS,45.0,67.59,1.97,6.0,3.0
2010-07-04,84946,ANTIQUE SILVER T-LIGHT GLASS,231.0,278.85,1.3309523809523809,13.0,11.0
2010-07-11,84946,ANTIQUE SILVER T-LIGHT GLASS,144.0,240.48,1.565,9.0,4.0
2010-07-18,84946,ANTIQUE SILVER T-LIGHT GLASS,344.0,410.38,1.5827857142857142,16.0,11.0
2010-07-25,84946,ANTIQUE SILVER T-LIGHT GLASS,292.0,362.84000000000003,1.648047619047619,20.0,12.0
2010-08-01,84946,ANTIQUE SILVER T-LIGHT GLASS,352.0,523.52,1.6908571428571428,11.0,7.0
2010-08-08,84946,ANTIQUE SILVER T-LIGHT GLASS,331.0,417.89,1.3564285714285715,14.0,12.0
2010-08-15,84946,ANTIQUE SILVER T-LIGHT GLASS,400.0,486.68,1.4417142857142857,15.0,12.0
2010-08-22,84946,ANTIQUE SILVER T-LIGHT GLASS,303.0,527.6099999999999,1.7464285714285714,11.0,7.0
2010-08-29,84946,ANTIQUE SILVER T-LIGHT GLASS,137.0,207.79,1.67,15.0,10.0
2010-09-05,84946,ANTIQUE SILVER T-LIGHT GLASS,343.0,467.99,1.405952380952381,14.0,11.0
2010-09-12,84946,ANTIQUE SILVER T-LIGHT GLASS,469.0,585.71,1.734,17.0,13.0
2010-09-19,84946,ANTIQUE SILVER T-LIGHT GLASS,258.0,334.5,1.7425714285714287,16.0,11.0
2010-09-26,84946,ANTIQUE SILVER T-LIGHT GLASS,414.0,507.78,1.392936507936508,23.0,19.0
2010-10-03,84946,ANTIQUE SILVER T-LIGHT GLASS,444.0,625.92,1.3139285714285713,19.0,16.0
2010-10-10,84946,ANTIQUE SILVER T-LIGHT GLASS,584.0,674.3199999999999,1.3903911564625848,18.0,13.0
2010-10-17,84946,ANTIQUE SILVER T-LIGHT GLASS,265.0,333.95000000000005,1.3398571428571429,16.0,12.0
2010-10-24,84946,ANTIQUE SILVER T-LIGHT GLASS,378.0,459.0,1.451142857142857,27.0,22.0
2010-10-31,84946,ANTIQUE SILVER T-LIGHT GLASS,421.0,528.95,1.4578367346938776,24.0,19.0
2010-11-07,84946,ANTIQUE SILVER T-LIGHT GLASS,553.0,734.45,1.5558367346938777,32.0,23.0
2010-11-14,84946,ANTIQUE SILVER T-LIGHT GLASS,1321.0,1753.1899999999998,1.5005895691609976,48.0,38.0
2010-11-21,84946,ANTIQUE SILVER T-LIGHT GLASS,879.0,1625.69,1.554285714285714,41.0,31.0
2010-11-28,84946,ANTIQUE SILVER T-LIGHT GLASS,1036.0,1476.8,1.506941058941059,57.0,47.0
2010-12-05,84946,ANTIQUE SILVER T-LIGHT GLASS,1153.0,1605.4099999999999,1.8441309523809524,24.0,17.0
2010-12-12,84946,ANTIQUE SILVER T-LIGHT GLASS,1610.0,2750.3199999999997,1.5974285714285714,36.0,24.0
2010-12-19,84946,ANTIQUE SILVER T-LIGHT GLASS,646.0,989.3,1.6184999999999998,29.0,21.0
2010-12-26,84946,ANTIQUE SILVER T-LIGHT GLASS,85.0,152.87,2.018,13.0,4.0
2011-01-02,84946,ANTIQUE SILVER T-LIGHT GLASS,0.0,0.0,1.8800000000000001,0.0,0.0
2011-01-09,84946,ANTIQUE SILVER T-LIGHT GLASS,328.0,391.46000000000004,1.3773809523809526,15.0,14.0
2011-01-16,84946,ANTIQUE SILVER T-LIGHT GLASS,97.0,135.04,2.007142857142857,6.0,2.0
2011-01-23,84946,ANTIQUE SILVER T-LIGHT GLASS,237.0,301.56,1.7747619047619048,11.0,7.0
2011-01-30,84946,ANTIQUE SILVER T-LIGHT GLASS,129.0,156.04,1.6064285714285715,9.0,6.0
2011-02-06,84946,ANTIQUE SILVER T-LIGHT GLASS,160.0,191.16000000000003,1.582142857142857,9.0,7.0
2011-02-13,84946,ANTIQUE SILVER T-LIGHT GLASS,425.0,547.92,1.6883333333333332,14.0,8.0
2011-02-20,84946,ANTIQUE SILVER T-LIGHT GLASS,225.0,305.92,1.8566666666666667,10.0,7.0
2011-02-27,84946,ANTIQUE SILVER T-LIGHT GLASS,160.0,196.0,1.5685714285714287,7.0,3.0
2011-03-06,84946,ANTIQUE SILVER T-LIGHT GLASS,243.0,343.31,1.543452380952381,17.0,12.0
2011-03-13,84946,ANTIQUE SILVER T-LIGHT GLASS,91.0,173.04,1.9702380952380951,8.0,4.0
2011-03-20,84946,ANTIQUE SILVER T-LIGHT GLASS,396.0,464.85,1.3488095238095237,16.0,12.0
2011-03-27,84946,ANTIQUE SILVER T-LIGHT GLASS,367.0,488.63,1.487891156462585,20.0,15.0
2011-04-03,84946,ANTIQUE SILVER T-LIGHT GLASS,161.0,208.14000000000001,1.4092857142857143,8.0,6.0
2011-04-10,84946,ANTIQUE SILVER T-LIGHT GLASS,196.0,277.3,1.6117857142857144,12.0,8.0
2011-04-17,84946,ANTIQUE SILVER T-LIGHT GLASS,240.0,292.37,1.4714285714285715,16.0,14.0
2011-04-24,84946,ANTIQUE SILVER T-LIGHT GLASS,259.0,462.9,1.7037499999999999,16.0,8.0
2011-05-01,84946,ANTIQUE SILVER T-LIGHT GLASS,161.0,191.2,1.3669047619047618,9.0,8.0
2011-05-08,84946,ANTIQUE SILVER T-LIGHT GLASS,380.0,468.21000000000004,1.4805578231292518,19.0,13.0
2011-05-15,84946,ANTIQUE SILVER T-LIGHT GLASS,242.0,277.56,1.375357142857143,12.0,10.0
2011-05-22,84946,ANTIQUE SILVER T-LIGHT GLASS,411.0,490.86,1.477047619047619,18.0,14.0
2011-05-29,84946,ANTIQUE SILVER T-LIGHT GLASS,595.0,727.3800000000001,1.2964761904761903,15.0,13.0
2011-06-05,84946,ANTIQUE SILVER T-LIGHT GLASS,269.0,318.57,1.3766190476190476,14.0,12.0
2011-06-12,84946,ANTIQUE SILVER T-LIGHT GLASS,576.0,716.1,1.434392857142857,22.0,17.0
2011-06-19,84946,ANTIQUE SILVER T-LIGHT GLASS,294.0,477.24,1.5816428571428571,14.0,10.0
2011-06-26,84946,ANTIQUE SILVER T-LIGHT GLASS,156.0,245.45,1.7414285714285713,12.0,5.0
2011-07-03,84946,ANTIQUE SILVER T-LIGHT GLASS,372.0,396.6,1.0871428571428572,3.0,3.0
2011-07-10,84946,ANTIQUE SILVER T-LIGHT GLASS,463.0,743.78,1.6973809523809522,17.0,11.0
2011-07-17,84946,ANTIQUE SILVER T-LIGHT GLASS,96.0,127.26,1.5957142857142856,8.0,6.0
2011-07-24,84946,ANTIQUE SILVER T-LIGHT GLASS,507.0,594.76,1.356190476190476,13.0,10.0
2011-07-31,84946,ANTIQUE SILVER T-LIGHT GLASS,159.0,225.37,1.6648571428571428,12.0,7.0
2011-08-07,84946,ANTIQUE SILVER T-LIGHT GLASS,589.0,735.24,1.3126190476190476,12.0,9.0
2011-08-14,84946,ANTIQUE SILVER T-LIGHT GLASS,163.0,242.10000000000002,2.237142857142857,11.0,5.0
2011-08-21,84946,ANTIQUE SILVER T-LIGHT GLASS,540.0,592.9200000000001,1.582142857142857,7.0,7.0
2011-08-28,84946,ANTIQUE SILVER T-LIGHT GLASS,264.0,302.64,1.2228571428571429,9.0,9.0
2011-09-04,84946,ANTIQUE SILVER T-LIGHT GLASS,184.0,263.88,1.7167142857142856,18.0,7.0
2011-09-11,84946,ANTIQUE SILVER T-LIGHT GLASS,271.0,319.86,1.3405714285714285,13.0,10.0
2011-09-18,84946,ANTIQUE SILVER T-LIGHT GLASS,115.0,152.22,1.5092857142857141,7.0,5.0
2011-09-25,84946,ANTIQUE SILVER T-LIGHT GLASS,501.0,618.72,1.5437142857142856,20.0,16.0
2011-10-02,84946,ANTIQUE SILVER T-LIGHT GLASS,378.0,546.78,1.5027142857142857,16.0,14.0
2011-10-09,84946,ANTIQUE SILVER T-LIGHT GLASS,342.0,449.28,1.4905595238095237,27.0,22.0
2011-10-16,84946,ANTIQUE SILVER T-LIGHT GLASS,499.0,587.1800000000001,1.4021904761904762,21.0,16.0
2011-10-23,84946,ANTIQUE SILVER T-LIGHT GLASS,424.0,526.98,1.3033673469387757,25.0,23.0
2011-10-30,84946,ANTIQUE SILVER T-LIGHT GLASS,228.0,291.05,1.3364285714285715,23.0,21.0
2011-11-06,84946,ANTIQUE SILVER T-LIGHT GLASS,865.0,1043.1,1.3118975468975471,40.0,36.0
2011-11-13,84946,ANTIQUE SILVER T-LIGHT GLASS,1079.0,1643.39,1.4935419501133786,43.0,35.0
2011-11-20,84946,ANTIQUE SILVER T-LIGHT GLASS,815.0,1300.3500000000001,1.5325119047619047,41.0,32.0
2011-11-27,84946,ANTIQUE SILVER T-LIGHT GLASS,577.0,727.4,1.5434829931972789,31.0,25.0
2011-12-04,84946,ANTIQUE SILVER T-LIGHT GLASS,489.0,680.22,1.4594863945578231,40.0,32.0
2009-12-13,84970S,HANGING HEART ZINC T-LIGHT HOLDER,276.0,217.56,1.1645714285714284,13.0,10.0
2009-12-20,84970S,HANGING HEART ZINC T-LIGHT HOLDER,372.0,303.12,1.278530612244898,21.0,14.0
2009-12-27,84970S,HANGING HEART ZINC T-LIGHT HOLDER,7.0,11.23,1.9814285714285713,3.0,1.0
2010-01-03,84970S,HANGING HEART ZINC T-LIGHT HOLDER,0.0,0.0,2.17,0.0,0.0
2010-01-10,84970S,HANGING HEART ZINC T-LIGHT HOLDER,108.0,91.8,1.0385714285714285,7.0,7.0
2010-01-17,84970S,HANGING HEART ZINC T-LIGHT HOLDER,149.0,144.96999999999997,1.166734693877551,20.0,13.0
2010-01-24,84970S,HANGING HEART ZINC T-LIGHT HOLDER,546.0,420.26,1.1684126984126983,25.0,20.0
2010-01-31,84970S,HANGING HEART ZINC T-LIGHT HOLDER,384.0,348.15999999999997,1.028503401360544,25.0,19.0
2010-02-07,84970S,HANGING HEART ZINC T-LIGHT HOLDER,233.0,178.05,1.1147619047619046,11.0,8.0
2010-02-14,84970S,HANGING HEART ZINC T-LIGHT HOLDER,281.0,243.96999999999997,1.1547619047619049,13.0,10.0
2010-02-21,84970S,HANGING HEART ZINC T-LIGHT HOLDER,382.0,270.62,1.1433571428571427,15.0,11.0
2010-02-28,84970S,HANGING HEART ZINC T-LIGHT HOLDER,386.0,300.41999999999996,0.900952380952381,14.0,13.0
2010-03-07,84970S,HANGING HEART ZINC T-LIGHT HOLDER,293.0,220.13,1.1347619047619049,11.0,8.0
2010-03-14,84970S,HANGING HEART ZINC T-LIGHT HOLDER,139.0,129.67,1.124285714285714,15.0,11.0
2010-03-21,84970S,HANGING HEART ZINC T-LIGHT HOLDER,151.0,143.71,0.9719047619047618,13.0,11.0
2010-03-28,84970S,HANGING HEART ZINC T-LIGHT HOLDER,461.0,339.04999999999995,1.0389795918367348,21.0,18.0
2010-04-04,84970S,HANGING HEART ZINC T-LIGHT HOLDER,512.0,349.59999999999997,0.8357142857142856,10.0,9.0
2010-04-11,84970S,HANGING HEART ZINC T-LIGHT HOLDER,250.0,188.66,0.9391666666666667,11.0,9.0
2010-04-18,84970S,HANGING HEART ZINC T-LIGHT HOLDER,284.0,241.39999999999998,0.85,19.0,19.0
2010-04-25,84970S,HANGING HEART ZINC T-LIGHT HOLDER,423.0,348.51,1.23415873015873,23.0,16.0
2010-05-02,84970S,HANGING HEART ZINC T-LIGHT HOLDER,486.0,369.26,0.9746428571428571,18.0,14.0
2010-05-09,84970S,HANGING HEART ZINC T-LIGHT HOLDER,575.0,432.19,0.9668367346938774,21.0,17.0
2010-05-16,84970S,HANGING HEART ZINC T-LIGHT HOLDER,235.0,204.86999999999998,1.0694285714285714,20.0,18.0
2010-05-23,84970S,HANGING HEART ZINC T-LIGHT HOLDER,214.0,188.29999999999998,1.106,19.0,17.0
2010-05-30,84970S,HANGING HEART ZINC T-LIGHT HOLDER,535.0,410.90999999999997,1.0048214285714285,21.0,18.0
2010-06-06,84970S,HANGING HEART ZINC T-LIGHT HOLDER,282.0,237.61999999999998,1.2161904761904763,14.0,10.0
2010-06-13,84970S,HANGING HEART ZINC T-LIGHT HOLDER,427.0,398.79,1.1486666666666667,27.0,20.0
2010-06-20,84970S,HANGING HEART ZINC T-LIGHT HOLDER,299.0,257.99,0.9566666666666667,20.0,17.0
2010-06-27,84970S,HANGING HEART ZINC T-LIGHT HOLDER,221.0,207.04999999999998,1.17,17.0,13.0
2010-07-04,84970S,HANGING HEART ZINC T-LIGHT HOLDER,557.0,449.60999999999996,0.9442091836734693,26.0,22.0
2010-07-11,84970S,HANGING HEART ZINC T-LIGHT HOLDER,262.0,198.85999999999999,1.0101190476190476,13.0,10.0
2010-07-18,84970S,HANGING HEART ZINC T-LIGHT HOLDER,183.0,169.63,1.2157142857142857,16.0,12.0
2010-07-25,84970S,HANGING HEART ZINC T-LIGHT HOLDER,205.0,210.08999999999997,1.1623809523809523,24.0,14.0
2010-08-01,84970S,HANGING HEART ZINC T-LIGHT HOLDER,523.0,453.99,1.1765986394557824,25.0,21.0
2010-08-08,84970S,HANGING HEART ZINC T-LIGHT HOLDER,700.0,552.4399999999999,0.9454285714285714,27.0,22.0
2010-08-15,84970S,HANGING HEART ZINC T-LIGHT HOLDER,626.0,470.82,1.1382142857142856,20.0,16.0
2010-08-22,84970S,HANGING HEART ZINC T-LIGHT HOLDER,328.0,295.92,1.1876530612244898,15.0,10.0
2010-08-29,84970S,HANGING HEART ZINC T-LIGHT HOLDER,265.0,211.64999999999998,1.0544285714285715,13.0,10.0
2010-09-05,84970S,HANGING HEART ZINC T-LIGHT HOLDER,677.0,491.12999999999994,1.1387619047619046,18.0,15.0
2010-09-12,84970S,HANGING HEART ZINC T-LIGHT HOLDER,193.0,167.89,1.0785714285714285,15.0,13.0
2010-09-19,84970S,HANGING HEART ZINC T-LIGHT HOLDER,547.0,427.51,1.0103809523809524,21.0,17.0
2010-09-26,84970S,HANGING HEART ZINC T-LIGHT HOLDER,372.0,301.32,0.8909523809523809,14.0,12.0
2010-10-03,84970S,HANGING HEART ZINC T-LIGHT HOLDER,175.0,143.75,0.9214285714285714,13.0,12.0
2010-10-10,84970S,HANGING HEART ZINC T-LIGHT HOLDER,206.0,180.29999999999998,1.283,17.0,14.0
2010-10-17,84970S,HANGING HEART ZINC T-LIGHT HOLDER,212.0,187.88,1.032857142857143,18.0,15.0
2010-10-24,84970S,HANGING HEART ZINC T-LIGHT HOLDER,412.0,322.52,0.9339285714285713,15.0,12.0
2010-10-31,84970S,HANGING HEART ZINC T-LIGHT HOLDER,132.0,122.44,1.2157142857142857,15.0,11.0
2010-11-07,84970S,HANGING HEART ZINC T-LIGHT HOLDER,449.0,373.16999999999996,1.1107397959183674,21.0,14.0
2010-11-14,84970S,HANGING HEART ZINC T-LIGHT HOLDER,383.0,315.79,1.140408163265306,25.0,19.0
2010-11-21,84970S,HANGING HEART ZINC T-LIGHT HOLDER,549.0,456.16999999999996,1.0892857142857142,23.0,18.0
2010-11-28,84970S,HANGING HEART ZINC T-LIGHT HOLDER,483.0,404.63,1.2361269841269842,29.0,23.0
2010-12-05,84970S,HANGING HEART ZINC T-LIGHT HOLDER,518.0,415.71999999999997,1.3314880952380952,20.0,13.0
2010-12-12,84970S,HANGING HEART ZINC T-LIGHT HOLDER,265.0,303.33,1.685047619047619,18.0,7.0
2010-12-19,84970S,HANGING HEART ZINC T-LIGHT HOLDER,213.0,207.92999999999998,1.4595238095238094,17.0,9.0
2010-12-26,84970S,HANGING HEART ZINC T-LIGHT HOLDER,62.0,70.61999999999999,1.7642857142857145,8.0,3.0
2011-01-02,84970S,HANGING HEART ZINC T-LIGHT HOLDER,0.0,0.0,1.9166666666666667,0.0,0.0
2011-01-09,84970S,HANGING HEART ZINC T-LIGHT HOLDER,99.0,95.67,1.246190476190476,9.0,7.0
2011-01-16,84970S,HANGING HEART ZINC T-LIGHT HOLDER,111.0,106.82,1.374285714285714,16.0,9.0
2011-01-23,84970S,HANGING HEART ZINC T-LIGHT HOLDER,363.0,270.21,1.5027142857142857,15.0,6.0
2011-01-30,84970S,HANGING HEART ZINC T-LIGHT HOLDER,105.0,110.16,1.26,13.0,8.0
2011-02-06,84970S,HANGING HEART ZINC T-LIGHT HOLDER,179.0,180.43999999999997,1.5440714285714285,17.0,10.0
2011-02-13,84970S,HANGING HEART ZINC T-LIGHT HOLDER,75.0,79.74,1.5528571428571427,14.0,6.0
2011-02-20,84970S,HANGING HEART ZINC T-LIGHT HOLDER,145.0,128.17,1.0257142857142856,12.0,9.0
2011-02-27,84970S,HANGING HEART ZINC T-LIGHT HOLDER,140.0,128.83999999999997,1.0842857142857143,10.0,7.0
2011-03-06,84970S,HANGING HEART ZINC T-LIGHT HOLDER,171.0,147.74999999999997,1.2378571428571428,13.0,11.0
2011-03-13,84970S,HANGING HEART ZINC T-LIGHT HOLDER,431.0,360.71,1.0636428571428571,20.0,14.0
2011-03-20,84970S,HANGING HEART ZINC T-LIGHT HOLDER,249.0,207.23999999999998,1.3119387755102043,15.0,7.0
2011-03-27,84970S,HANGING HEART ZINC T-LIGHT HOLDER,274.0,259.96,1.3185714285714287,17.0,12.0
2011-04-03,84970S,HANGING HEART ZINC T-LIGHT HOLDER,111.0,139.07,1.28,8.0,4.0
2011-04-10,84970S,HANGING HEART ZINC T-LIGHT HOLDER,201.0,183.0,1.157142857142857,13.0,10.0
2011-04-17,84970S,HANGING HEART ZINC T-LIGHT HOLDER,372.0,255.72,0.7899999999999999,9.0,9.0
2011-04-24,84970S,HANGING HEART ZINC T-LIGHT HOLDER,367.0,311.23,0.9889285714285714,21.0,16.0
2011-05-01,84970S,HANGING HEART ZINC T-LIGHT HOLDER,220.0,193.14999999999998,0.8792857142857143,13.0,12.0
2011-05-08,84970S,HANGING HEART ZINC T-LIGHT HOLDER,228.0,196.26,0.9525,17.0,15.0
2011-05-15,84970S,HANGING HEART ZINC T-LIGHT HOLDER,332.0,265.48999999999995,0.967,19.0,16.0
2011-05-22,84970S,HANGING HEART ZINC T-LIGHT HOLDER,339.0,256.56,0.9764285714285714,14.0,12.0
2011-05-29,84970S,HANGING HEART ZINC T-LIGHT HOLDER,263.0,212.99,0.9357142857142857,8.0,6.0
2011-06-05,84970S,HANGING HEART ZINC T-LIGHT HOLDER,128.0,111.25999999999999,0.8485714285714285,9.0,8.0
2011-06-12,84970S,HANGING HEART ZINC T-LIGHT HOLDER,324.0,276.39,1.2110714285714288,20.0,15.0
2011-06-19,84970S,HANGING HEART ZINC T-LIGHT HOLDER,66.0,59.78999999999999,1.0257142857142856,5.0,3.0
2011-06-26,84970S,HANGING HEART ZINC T-LIGHT HOLDER,205.0,175.47999999999996,1.0257142857142856,10.0,8.0
2011-07-03,84970S,HANGING HEART ZINC T-LIGHT HOLDER,218.0,157.52,1.0157142857142856,7.0,6.0
2011-07-10,84970S,HANGING HEART ZINC T-LIGHT HOLDER,61.0,55.54,1.0257142857142856,9.0,6.0
2011-07-17,84970S,HANGING HEART ZINC T-LIGHT HOLDER,105.0,96.63,0.9085714285714285,12.0,10.0
2011-07-24,84970S,HANGING HEART ZINC T-LIGHT HOLDER,234.0,171.11999999999998,1.1714285714285713,7.0,5.0
2011-07-31,84970S,HANGING HEART ZINC T-LIGHT HOLDER,119.0,108.52999999999999,1.2014285714285715,9.0,6.0
2011-08-07,84970S,HANGING HEART ZINC T-LIGHT HOLDER,92.0,88.03999999999999,1.1135714285714287,8.0,6.0
2011-08-14,84970S,HANGING HEART ZINC T-LIGHT HOLDER,63.0,76.91999999999999,1.3185714285714287,6.0,4.0
2011-08-21,84970S,HANGING HEART ZINC T-LIGHT HOLDER,76.0,65.83,1.1135714285714287,8.0,7.0
2011-08-28,84970S,HANGING HEART ZINC T-LIGHT HOLDER,99.0,87.83999999999999,0.8939285714285715,8.0,6.0
2011-09-04,84970S,HANGING HEART ZINC T-LIGHT HOLDER,119.0,131.72,1.3471428571428572,11.0,4.0
2011-09-11,84970S,HANGING HEART ZINC T-LIGHT HOLDER,97.0,121.81,1.26,8.0,3.0
2011-09-18,84970S,HANGING HEART ZINC T-LIGHT HOLDER,85.0,73.47999999999999,0.9671428571428571,7.0,6.0
2011-09-25,84970S,HANGING HEART ZINC T-LIGHT HOLDER,125.0,124.7,1.3185714285714287,10.0,7.0
2011-10-02,84970S,HANGING HEART ZINC T-LIGHT HOLDER,202.0,177.57999999999998,1.5435714285714286,8.0,5.0
2011-10-09,84970S,HANGING HEART ZINC T-LIGHT HOLDER,52.0,45.43,1.0257142857142856,6.0,5.0
2011-10-16,84970S,HANGING HEART ZINC T-LIGHT HOLDER,278.0,220.04,1.0071428571428571,10.0,8.0
2011-10-23,84970S,HANGING HEART ZINC T-LIGHT HOLDER,66.0,60.36,1.3539285714285716,7.0,5.0
2011-10-30,84970S,HANGING HEART ZINC T-LIGHT HOLDER,76.0,80.59,1.7285714285714284,6.0,5.0
2011-11-06,84970S,HANGING HEART ZINC T-LIGHT HOLDER,93.0,104.55,1.0429523809523809,15.0,11.0
2011-11-13,84970S,HANGING HEART ZINC T-LIGHT HOLDER,54.0,80.34,1.6407142857142858,8.0,4.0
2011-11-20,84970S,HANGING HEART ZINC T-LIGHT HOLDER,84.0,93.54,1.1135714285714287,8.0,6.0
2011-11-27,84970S,HANGING HEART ZINC T-LIGHT HOLDER,203.0,175.97,1.1089285714285715,8.0,7.0
2011-12-04,84970S,HANGING HEART ZINC T-LIGHT HOLDER,277.0,245.01999999999998,1.2977380952380952,15.0,11.0
2009-12-13,84991,60 TEATIME FAIRY CAKE CASES,510.0,273.03000000000003,0.6437755102040816,27.0,22.0
2009-12-20,84991,60 TEATIME FAIRY CAKE CASES,404.0,234.20000000000002,0.7482142857142857,25.0,17.0
2009-12-27,84991,60 TEATIME FAIRY CAKE CASES,245.0,105.05,0.9600000000000001,4.0,1.0
2010-01-03,84991,60 TEATIME FAIRY CAKE CASES,0.0,0.0,1.05,0.0,0.0
2010-01-10,84991,60 TEATIME FAIRY CAKE CASES,960.0,434.4,0.5082142857142857,12.0,12.0
2010-01-17,84991,60 TEATIME FAIRY CAKE CASES,429.0,212.85999999999999,0.7087142857142857,19.0,12.0
2010-01-24,84991,60 TEATIME FAIRY CAKE CASES,970.0,491.39,0.6657369614512473,32.0,26.0
2010-01-31,84991,60 TEATIME FAIRY CAKE CASES,638.0,331.38000000000005,0.8761785714285715,24.0,17.0
2010-02-07,84991,60 TEATIME FAIRY CAKE CASES,664.0,304.99,0.6427891156462585,18.0,16.0
2010-02-14,84991,60 TEATIME FAIRY CAKE CASES,619.0,291.77,0.7033333333333334,15.0,12.0
2010-02-21,84991,60 TEATIME FAIRY CAKE CASES,633.0,334.74,0.6143877551020409,28.0,26.0
2010-02-28,84991,60 TEATIME FAIRY CAKE CASES,1731.0,769.23,0.7800357142857143,28.0,19.0
2010-03-07,84991,60 TEATIME FAIRY CAKE CASES,1008.0,464.45,0.6378571428571428,27.0,23.0
2010-03-14,84991,60 TEATIME FAIRY CAKE CASES,416.0,221.23000000000002,0.6515714285714286,20.0,16.0
2010-03-21,84991,60 TEATIME FAIRY CAKE CASES,589.0,295.25,0.6767380952380952,29.0,23.0
2010-03-28,84991,60 TEATIME FAIRY CAKE CASES,667.0,356.36,0.625309523809524,27.0,24.0
2010-04-04,84991,60 TEATIME FAIRY CAKE CASES,265.0,150.86,0.6542857142857142,18.0,16.0
2010-04-11,84991,60 TEATIME FAIRY CAKE CASES,747.0,355.75,0.6695816326530613,17.0,12.0
2010-04-18,84991,60 TEATIME FAIRY CAKE CASES,1094.0,523.7,0.5314285714285715,20.0,20.0
2010-04-25,84991,60 TEATIME FAIRY CAKE CASES,800.0,421.21000000000004,0.6690091575091576,38.0,28.0
2010-05-02,84991,60 TEATIME FAIRY CAKE CASES,518.0,283.97,0.5674149659863946,32.0,29.0
2010-05-09,84991,60 TEATIME FAIRY CAKE CASES,557.0,310.0,0.66421768707483,31.0,26.0
2010-05-16,84991,60 TEATIME FAIRY CAKE CASES,880.0,423.79,0.6276190476190476,22.0,17.0
2010-05-23,84991,60 TEATIME FAIRY CAKE CASES,730.0,356.16,0.677904761904762,25.0,23.0
2010-05-30,84991,60 TEATIME FAIRY CAKE CASES,1343.0,601.64,0.5846428571428571,27.0,24.0
2010-06-06,84991,60 TEATIME FAIRY CAKE CASES,112.0,64.52000000000001,0.7585714285714287,9.0,7.0
2010-06-13,84991,60 TEATIME FAIRY CAKE CASES,958.0,495.3,0.6062329931972789,40.0,36.0
2010-06-20,84991,60 TEATIME FAIRY CAKE CASES,710.0,331.75,0.6146428571428572,21.0,18.0
2010-06-27,84991,60 TEATIME FAIRY CAKE CASES,681.0,330.47,0.6163333333333334,21.0,18.0
2010-07-04,84991,60 TEATIME FAIRY CAKE CASES,1189.0,573.34,0.5633174603174603,40.0,38.0
2010-07-11,84991,60 TEATIME FAIRY CAKE CASES,460.0,224.72000000000003,0.7191666666666666,17.0,15.0
2010-07-18,84991,60 TEATIME FAIRY CAKE CASES,630.0,352.34000000000003,0.6151785714285715,29.0,25.0
2010-07-25,84991,60 TEATIME FAIRY CAKE CASES,432.0,238.33,0.5847619047619048,21.0,19.0
2010-08-01,84991,60 TEATIME FAIRY CAKE CASES,507.0,279.58000000000004,0.570857142857143,21.0,19.0
2010-08-08,84991,60 TEATIME FAIRY CAKE CASES,431.0,222.18,0.5723571428571429,24.0,23.0
2010-08-15,84991,60 TEATIME FAIRY CAKE CASES,1695.0,775.71,0.7354978354978355,29.0,23.0
2010-08-22,84991,60 TEATIME FAIRY CAKE CASES,940.0,448.49,0.5461111111111111,23.0,21.0
2010-08-29,84991,60 TEATIME FAIRY CAKE CASES,365.0,188.07000000000002,0.7068095238095238,20.0,17.0
2010-09-05,84991,60 TEATIME FAIRY CAKE CASES,419.0,228.14000000000001,0.6561688311688313,23.0,19.0
2010-09-12,84991,60 TEATIME FAIRY CAKE CASES,889.0,462.86,0.6066428571428572,30.0,26.0
2010-09-19,84991,60 TEATIME FAIRY CAKE CASES,868.0,415.73,0.5656802721088435,26.0,25.0
2010-09-26,84991,60 TEATIME FAIRY CAKE CASES,439.0,234.36,0.6086507936507937,30.0,26.0
2010-10-03,84991,60 TEATIME FAIRY CAKE CASES,688.0,369.0,0.594952380952381,30.0,28.0
2010-10-10,84991,60 TEATIME FAIRY CAKE CASES,1226.0,548.41,0.662783446712018,28.0,23.0
2010-10-17,84991,60 TEATIME FAIRY CAKE CASES,745.0,404.24,0.6436904761904761,33.0,28.0
2010-10-24,84991,60 TEATIME FAIRY CAKE CASES,683.0,368.2,0.7712766439909297,41.0,35.0
2010-10-31,84991,60 TEATIME FAIRY CAKE CASES,533.0,269.73,0.7422500000000001,26.0,23.0
2010-11-07,84991,60 TEATIME FAIRY CAKE CASES,648.0,313.98,0.6133333333333334,25.0,21.0
2010-11-14,84991,60 TEATIME FAIRY CAKE CASES,562.0,307.6,0.6895918367346939,36.0,33.0
2010-11-21,84991,60 TEATIME FAIRY CAKE CASES,767.0,367.84000000000003,0.7261904761904763,25.0,20.0
2010-11-28,84991,60 TEATIME FAIRY CAKE CASES,214.0,127.67,0.9117312925170068,23.0,15.0
2010-12-05,84991,60 TEATIME FAIRY CAKE CASES,691.0,371.3,0.7898452380952381,26.0,20.0
2010-12-12,84991,60 TEATIME FAIRY CAKE CASES,491.0,296.68,0.8688979591836734,27.0,19.0
2010-12-19,84991,60 TEATIME FAIRY CAKE CASES,429.0,212.41,0.8670119047619048,17.0,13.0
2010-12-26,84991,60 TEATIME FAIRY CAKE CASES,607.0,267.93,0.7976190476190477,7.0,5.0
2011-01-02,84991,60 TEATIME FAIRY CAKE CASES,0.0,0.0,0.55,0.0,0.0
2011-01-09,84991,60 TEATIME FAIRY CAKE CASES,170.0,100.07000000000001,0.6403809523809524,15.0,12.0
2011-01-16,84991,60 TEATIME FAIRY CAKE CASES,294.0,155.29000000000002,0.7170476190476192,15.0,10.0
2011-01-23,84991,60 TEATIME FAIRY CAKE CASES,274.0,124.39999999999999,0.7671428571428571,7.0,4.0
2011-01-30,84991,60 TEATIME FAIRY CAKE CASES,172.0,100.2,0.8150000000000001,15.0,10.0
2011-02-06,84991,60 TEATIME FAIRY CAKE CASES,385.0,210.85,0.7282993197278912,19.0,15.0
2011-02-13,84991,60 TEATIME FAIRY CAKE CASES,83.0,53.35,1.05,6.0,3.0
2011-02-20,84991,60 TEATIME FAIRY CAKE CASES,259.0,132.45,0.6564285714285714,12.0,10.0
2011-02-27,84991,60 TEATIME FAIRY CAKE CASES,194.0,115.80000000000001,0.7392857142857144,15.0,11.0
2011-03-06,84991,60 TEATIME FAIRY CAKE CASES,134.0,75.10000000000001,0.6666666666666667,11.0,9.0
2011-03-13,84991,60 TEATIME FAIRY CAKE CASES,598.0,295.4,0.6595238095238096,16.0,13.0
2011-03-20,84991,60 TEATIME FAIRY CAKE CASES,538.0,254.8,0.6766666666666666,18.0,14.0
2011-03-27,84991,60 TEATIME FAIRY CAKE CASES,239.0,137.05,0.5833333333333334,21.0,19.0
2011-04-03,84991,60 TEATIME FAIRY CAKE CASES,736.0,375.5,0.6986507936507936,28.0,19.0
2011-04-10,84991,60 TEATIME FAIRY CAKE CASES,271.0,160.95000000000002,0.67,20.0,16.0
2011-04-17,84991,60 TEATIME FAIRY CAKE CASES,477.0,253.75,0.6016326530612245,22.0,20.0
2011-04-24,84991,60 TEATIME FAIRY CAKE CASES,1182.0,520.1,0.8360119047619048,22.0,15.0
2011-05-01,84991,60 TEATIME FAIRY CAKE CASES,246.0,127.4,0.6147619047619048,13.0,11.0
2011-05-08,84991,60 TEATIME FAIRY CAKE CASES,265.0,149.95000000000002,0.6866666666666666,20.0,16.0
2011-05-15,84991,60 TEATIME FAIRY CAKE CASES,532.0,296.1,0.6150000000000001,25.0,21.0
2011-05-22,84991,60 TEATIME FAIRY CAKE CASES,232.0,129.0,0.5900000000000001,15.0,13.0
2011-05-29,84991,60 TEATIME FAIRY CAKE CASES,301.0,152.05,0.6314285714285715,15.0,12.0
2011-06-05,84991,60 TEATIME FAIRY CAKE CASES,136.0,76.9,0.85,9.0,6.0
2011-06-12,84991,60 TEATIME FAIRY CAKE CASES,90.0,49.5,0.55,15.0,14.0
2011-06-19,84991,60 TEATIME FAIRY CAKE CASES,304.0,153.70000000000002,0.5962857142857143,13.0,12.0
2011-06-26,84991,60 TEATIME FAIRY CAKE CASES,94.0,58.7,0.8928571428571429,12.0,7.0
2011-07-03,84991,60 TEATIME FAIRY CAKE CASES,185.0,85.29,0.570952380952381,8.0,7.0
2011-07-10,84991,60 TEATIME FAIRY CAKE CASES,645.0,289.05,0.8457142857142858,13.0,8.0
2011-07-17,84991,60 TEATIME FAIRY CAKE CASES,133.0,73.85,0.6,10.0,9.0
2011-07-24,84991,60 TEATIME FAIRY CAKE CASES,124.0,71.0,0.75,11.0,7.0
2011-07-31,84991,60 TEATIME FAIRY CAKE CASES,402.0,226.70000000000002,0.6761904761904762,22.0,16.0
2011-08-07,84991,60 TEATIME FAIRY CAKE CASES,248.0,139.20000000000002,0.6666666666666667,16.0,13.0
2011-08-14,84991,60 TEATIME FAIRY CAKE CASES,340.0,172.8,0.6771428571428572,13.0,11.0
2011-08-21,84991,60 TEATIME FAIRY CAKE CASES,648.0,284.40000000000003,0.5392857142857144,11.0,11.0
2011-08-28,84991,60 TEATIME FAIRY CAKE CASES,155.0,85.25000000000001,0.55,10.0,9.0
2011-09-04,84991,60 TEATIME FAIRY CAKE CASES,141.0,80.35000000000001,0.6500000000000001,16.0,11.0
2011-09-11,84991,60 TEATIME FAIRY CAKE CASES,910.0,408.3,0.6244642857142857,21.0,19.0
2011-09-18,84991,60 TEATIME FAIRY CAKE CASES,733.0,327.25,0.6089404761904762,12.0,10.0
2011-09-25,84991,60 TEATIME FAIRY CAKE CASES,426.0,202.78,0.6329761904761905,16.0,14.0
2011-10-02,84991,60 TEATIME FAIRY CAKE CASES,220.0,122.4,0.5900000000000001,14.0,12.0
2011-10-09,84991,60 TEATIME FAIRY CAKE CASES,157.0,89.15,0.7000000000000001,14.0,11.0
2011-10-16,84991,60 TEATIME FAIRY CAKE CASES,193.0,111.75,0.6833333333333333,11.0,7.0
2011-10-23,84991,60 TEATIME FAIRY CAKE CASES,729.0,324.34999999999997,0.5770748299319728,11.0,10.0
2011-10-30,84991,60 TEATIME FAIRY CAKE CASES,440.0,210.8,0.5425714285714286,18.0,18.0
2011-11-06,84991,60 TEATIME FAIRY CAKE CASES,263.0,131.15,0.623095238095238,17.0,15.0
2011-11-13,84991,60 TEATIME FAIRY CAKE CASES,197.0,107.71000000000001,0.7438095238095238,15.0,11.0
2011-11-20,84991,60 TEATIME FAIRY CAKE CASES,547.0,250.99,0.7425714285714287,23.0,18.0
2011-11-27,84991,60 TEATIME FAIRY CAKE CASES,360.0,201.5,0.7222222222222222,29.0,20.0
2011-12-04,84991,60 TEATIME FAIRY CAKE CASES,136.0,76.9,0.6916666666666667,14.0,11.0
2009-12-13,84992,72 SWEETHEART FAIRY CAKE CASES,225.0,129.0,0.8331632653061225,18.0,12.0
2009-12-20,84992,72 SWEETHEART FAIRY CAKE CASES,381.0,207.45000000000002,0.8236904761904762,22.0,13.0
2009-12-27,84992,72 SWEETHEART FAIRY CAKE CASES,724.0,305.35,0.7085714285714285,4.0,2.0
2010-01-03,84992,72 SWEETHEART FAIRY CAKE CASES,0.0,0.0,0.7566666666666667,0.0,0.0
2010-01-10,84992,72 SWEETHEART FAIRY CAKE CASES,421.0,215.95000000000002,0.5453571428571429,15.0,15.0
2010-01-17,84992,72 SWEETHEART FAIRY CAKE CASES,543.0,275.6,0.6902176870748299,22.0,14.0
2010-01-24,84992,72 SWEETHEART FAIRY CAKE CASES,1076.0,549.6899999999999,0.6492380952380953,41.0,34.0
2010-01-31,84992,72 SWEETHEART FAIRY CAKE CASES,1087.0,573.95,0.6135079365079366,42.0,35.0
2010-02-07,84992,72 SWEETHEART FAIRY CAKE CASES,608.0,305.39,0.5671428571428572,30.0,27.0
2010-02-14,84992,72 SWEETHEART FAIRY CAKE CASES,616.0,293.77,0.7529931972789116,19.0,14.0
2010-02-21,84992,72 SWEETHEART FAIRY CAKE CASES,263.0,131.24,0.5810476190476191,14.0,12.0
2010-02-28,84992,72 SWEETHEART FAIRY CAKE CASES,122.0,70.02000000000001,0.7585714285714287,12.0,9.0
2010-03-07,84992,72 SWEETHEART FAIRY CAKE CASES,652.0,283.52,0.7642857142857143,8.0,5.0
2010-03-14,84992,72 SWEETHEART FAIRY CAKE CASES,135.0,76.44,0.6716666666666667,11.0,8.0
2010-03-21,84992,72 SWEETHEART FAIRY CAKE CASES,446.0,215.14,0.7647142857142858,15.0,11.0
2010-03-28,84992,72 SWEETHEART FAIRY CAKE CASES,274.0,152.89000000000001,0.689047619047619,13.0,11.0
2010-04-04,84992,72 SWEETHEART FAIRY CAKE CASES,39.0,23.64,0.7933333333333333,9.0,6.0
2010-04-11,84992,72 SWEETHEART FAIRY CAKE CASES,295.0,134.7,0.8883333333333334,8.0,4.0
2010-04-18,84992,72 SWEETHEART FAIRY CAKE CASES,553.0,241.75,0.5407142857142857,11.0,11.0
2010-04-25,84992,72 SWEETHEART FAIRY CAKE CASES,374.0,179.61,0.6617687074829932,19.0,12.0
2010-05-02,84992,72 SWEETHEART FAIRY CAKE CASES,285.0,144.8,0.836547619047619,15.0,11.0
2010-05-09,84992,72 SWEETHEART FAIRY CAKE CASES,230.0,111.63,0.6403571428571428,11.0,9.0
2010-05-16,84992,72 SWEETHEART FAIRY CAKE CASES,267.0,132.71,0.7350000000000001,10.0,7.0
2010-05-23,84992,72 SWEETHEART FAIRY CAKE CASES,126.0,69.30000000000001,0.55,9.0,9.0
2010-05-30,84992,72 SWEETHEART FAIRY CAKE CASES,343.0,153.38,0.6328571428571429,8.0,7.0
2010-06-06,84992,72 SWEETHEART FAIRY CAKE CASES,103.0,58.11,0.7585714285714287,8.0,6.0
2010-06-13,84992,72 SWEETHEART FAIRY CAKE CASES,427.0,221.44000000000003,0.6039591836734693,23.0,20.0
2010-06-20,84992,72 SWEETHEART FAIRY CAKE CASES,454.0,206.55,0.7436904761904762,12.0,8.0
2010-06-27,84992,72 SWEETHEART FAIRY CAKE CASES,322.0,165.15,0.6658571428571429,15.0,12.0
2010-07-04,84992,72 SWEETHEART FAIRY CAKE CASES,796.0,350.93,0.55,19.0,18.0
2010-07-11,84992,72 SWEETHEART FAIRY CAKE CASES,560.0,256.55,0.7362857142857143,14.0,11.0
2010-07-18,84992,72 SWEETHEART FAIRY CAKE CASES,199.0,110.91000000000001,0.6195238095238096,18.0,16.0
2010-07-25,84992,72 SWEETHEART FAIRY CAKE CASES,320.0,161.13,0.5928571428571429,10.0,9.0
2010-08-01,84992,72 SWEETHEART FAIRY CAKE CASES,299.0,151.04000000000002,0.5880000000000001,14.0,12.0
2010-08-08,84992,72 SWEETHEART FAIRY CAKE CASES,242.0,117.5,0.5407142857142857,12.0,12.0
2010-08-15,84992,72 SWEETHEART FAIRY CAKE CASES,456.0,300.0,0.7165079365079366,16.0,12.0
2010-08-22,84992,72 SWEETHEART FAIRY CAKE CASES,930.0,418.63,0.5485714285714286,15.0,14.0
2010-08-29,84992,72 SWEETHEART FAIRY CAKE CASES,89.0,50.41,0.689047619047619,7.0,6.0
2010-09-05,84992,72 SWEETHEART FAIRY CAKE CASES,157.0,127.35,0.7964761904761906,12.0,7.0
2010-09-12,84992,72 SWEETHEART FAIRY CAKE CASES,193.0,109.80000000000001,0.6490714285714286,18.0,14.0
2010-09-19,84992,72 SWEETHEART FAIRY CAKE CASES,547.0,254.05,0.5453571428571429,13.0,13.0
2010-09-26,84992,72 SWEETHEART FAIRY CAKE CASES,311.0,188.63,0.588952380952381,17.0,15.0
2010-10-03,84992,72 SWEETHEART FAIRY CAKE CASES,203.0,134.38,0.6994285714285714,19.0,13.0
2010-10-10,84992,72 SWEETHEART FAIRY CAKE CASES,525.0,277.91,0.6905476190476191,22.0,18.0
2010-10-17,84992,72 SWEETHEART FAIRY CAKE CASES,217.0,132.60000000000002,0.7410714285714286,19.0,16.0
2010-10-24,84992,72 SWEETHEART FAIRY CAKE CASES,394.0,222.01000000000002,0.8470476190476192,30.0,24.0
2010-10-31,84992,72 SWEETHEART FAIRY CAKE CASES,315.0,148.98000000000002,0.7596428571428573,15.0,11.0
2010-11-07,84992,72 SWEETHEART FAIRY CAKE CASES,530.0,231.28999999999996,0.5650000000000001,11.0,9.0
2010-11-14,84992,72 SWEETHEART FAIRY CAKE CASES,161.0,132.31,0.8568888888888889,25.0,18.0
2010-11-21,84992,72 SWEETHEART FAIRY CAKE CASES,2094.0,909.22,0.7702959183673469,28.0,22.0
2010-11-28,84992,72 SWEETHEART FAIRY CAKE CASES,281.0,159.13,0.7938571428571429,21.0,16.0
2010-12-05,84992,72 SWEETHEART FAIRY CAKE CASES,402.0,223.59000000000003,0.6488571428571428,16.0,12.0
2010-12-12,84992,72 SWEETHEART FAIRY CAKE CASES,291.0,170.27000000000004,0.7238095238095239,17.0,13.0
2010-12-19,84992,72 SWEETHEART FAIRY CAKE CASES,431.0,242.89000000000001,0.6925238095238095,18.0,14.0
2010-12-26,84992,72 SWEETHEART FAIRY CAKE CASES,723.0,291.10999999999996,0.9042857142857142,4.0,2.0
2011-01-02,84992,72 SWEETHEART FAIRY CAKE CASES,0.0,0.0,0.915,0.0,0.0
2011-01-09,84992,72 SWEETHEART FAIRY CAKE CASES,237.0,136.19,0.7307619047619048,17.0,13.0
2011-01-16,84992,72 SWEETHEART FAIRY CAKE CASES,266.0,133.62,0.6210476190476191,15.0,12.0
2011-01-23,84992,72 SWEETHEART FAIRY CAKE CASES,408.0,196.0,0.7092222222222223,20.0,16.0
2011-01-30,84992,72 SWEETHEART FAIRY CAKE CASES,400.0,210.39000000000001,0.7421768707482993,27.0,22.0
2011-02-06,84992,72 SWEETHEART FAIRY CAKE CASES,374.0,199.33,0.7182142857142857,23.0,19.0
2011-02-13,84992,72 SWEETHEART FAIRY CAKE CASES,172.0,80.39999999999999,0.6662857142857144,7.0,4.0
2011-02-20,84992,72 SWEETHEART FAIRY CAKE CASES,102.0,60.300000000000004,1.0083333333333333,11.0,7.0
2011-02-27,84992,72 SWEETHEART FAIRY CAKE CASES,345.0,162.05,0.6725,13.0,9.0
2011-03-06,84992,72 SWEETHEART FAIRY CAKE CASES,147.0,82.25,0.6500000000000001,8.0,7.0
2011-03-13,84992,72 SWEETHEART FAIRY CAKE CASES,369.0,175.25,0.6647619047619048,11.0,8.0
2011-03-20,84992,72 SWEETHEART FAIRY CAKE CASES,616.0,266.8,0.5285714285714286,11.0,11.0
2011-03-27,84992,72 SWEETHEART FAIRY CAKE CASES,63.0,36.05,0.85,7.0,5.0
2011-04-03,84992,72 SWEETHEART FAIRY CAKE CASES,369.0,188.75,0.6953571428571429,13.0,10.0
2011-04-10,84992,72 SWEETHEART FAIRY CAKE CASES,128.0,71.10000000000001,0.75,10.0,9.0
2011-04-17,84992,72 SWEETHEART FAIRY CAKE CASES,79.0,43.45,0.55,6.0,6.0
2011-04-24,84992,72 SWEETHEART FAIRY CAKE CASES,562.0,239.9,0.596547619047619,10.0,7.0
2011-05-01,84992,72 SWEETHEART FAIRY CAKE CASES,43.0,23.65,0.5446428571428572,6.0,6.0
2011-05-08,84992,72 SWEETHEART FAIRY CAKE CASES,207.0,117.35000000000001,0.8071428571428572,15.0,11.0
2011-05-15,84992,72 SWEETHEART FAIRY CAKE CASES,231.0,112.85000000000001,0.5796190476190476,14.0,12.0
2011-05-22,84992,72 SWEETHEART FAIRY CAKE CASES,88.0,49.800000000000004,0.6500000000000001,7.0,6.0
2011-05-29,84992,72 SWEETHEART FAIRY CAKE CASES,87.0,47.85,0.55,6.0,6.0
2011-06-05,84992,72 SWEETHEART FAIRY CAKE CASES,28.0,17.5,0.9500000000000001,5.0,2.0
2011-06-12,84992,72 SWEETHEART FAIRY CAKE CASES,114.0,64.10000000000001,0.6,12.0,10.0
2011-06-19,84992,72 SWEETHEART FAIRY CAKE CASES,193.0,92.08,0.9500000000000001,5.0,4.0
2011-06-26,84992,72 SWEETHEART FAIRY CAKE CASES,90.0,54.400000000000006,0.775,13.0,8.0
2011-07-03,84992,72 SWEETHEART FAIRY CAKE CASES,120.0,50.4,0.43857142857142856,1.0,1.0
2011-07-10,84992,72 SWEETHEART FAIRY CAKE CASES,1537.0,630.75,0.6010714285714286,12.0,10.0
2011-07-17,84992,72 SWEETHEART FAIRY CAKE CASES,55.0,30.250000000000004,0.55,4.0,4.0
2011-07-24,84992,72 SWEETHEART FAIRY CAKE CASES,205.0,113.45,0.5833333333333334,13.0,12.0
2011-07-31,84992,72 SWEETHEART FAIRY CAKE CASES,108.0,60.1,0.6,6.0,5.0
2011-08-07,84992,72 SWEETHEART FAIRY CAKE CASES,273.0,134.55,0.4942857142857143,9.0,9.0
2011-08-14,84992,72 SWEETHEART FAIRY CAKE CASES,107.0,59.550000000000004,0.75,8.0,7.0
2011-08-21,84992,72 SWEETHEART FAIRY CAKE CASES,89.0,50.480000000000004,0.6592857142857144,8.0,7.0
2011-08-28,84992,72 SWEETHEART FAIRY CAKE CASES,126.0,69.30000000000001,0.55,5.0,4.0
2011-09-04,84992,72 SWEETHEART FAIRY CAKE CASES,192.0,103.56,0.724047619047619,15.0,9.0
2011-09-11,84992,72 SWEETHEART FAIRY CAKE CASES,207.0,98.95,0.6221428571428572,12.0,12.0
2011-09-18,84992,72 SWEETHEART FAIRY CAKE CASES,655.0,282.25,0.5128571428571429,6.0,6.0
2011-09-25,84992,72 SWEETHEART FAIRY CAKE CASES,360.0,180.36,0.5971428571428571,14.0,12.0
2011-10-02,84992,72 SWEETHEART FAIRY CAKE CASES,135.0,78.45,0.6166666666666666,12.0,11.0
2011-10-09,84992,72 SWEETHEART FAIRY CAKE CASES,209.0,117.75,0.642857142857143,15.0,13.0
2011-10-16,84992,72 SWEETHEART FAIRY CAKE CASES,105.0,59.15,0.6,7.0,6.0
2011-10-23,84992,72 SWEETHEART FAIRY CAKE CASES,228.0,110.5,0.5471428571428572,10.0,9.0
2011-10-30,84992,72 SWEETHEART FAIRY CAKE CASES,275.0,122.14999999999999,0.6064285714285714,13.0,12.0
2011-11-06,84992,72 SWEETHEART FAIRY CAKE CASES,90.0,57.2,0.7166666666666667,13.0,11.0
2011-11-13,84992,72 SWEETHEART FAIRY CAKE CASES,135.0,74.06,0.6401428571428571,14.0,12.0
2011-11-20,84992,72 SWEETHEART FAIRY CAKE CASES,472.0,224.7,0.7489285714285714,22.0,17.0
2011-11-27,84992,72 SWEETHEART FAIRY CAKE CASES,106.0,64.60000000000001,0.6792857142857144,22.0,18.0
2011-12-04,84992,72 SWEETHEART FAIRY CAKE CASES,209.0,102.15,0.6907142857142857,12.0,11.0
2009-12-13,85099B,JUMBO BAG RED RETROSPOT,1233.0,2105.8,2.2368367346938776,29.0,25.0
2009-12-20,85099B,JUMBO BAG RED RETROSPOT,1304.0,2354.5,2.367597402597402,44.0,36.0
2009-12-27,85099B,JUMBO BAG RED RETROSPOT,36.0,81.95,2.2857142857142856,7.0,3.0
2010-01-03,85099B,JUMBO BAG RED RETROSPOT,0.0,0.0,1.95,0.0,0.0
2010-01-10,85099B,JUMBO BAG RED RETROSPOT,1152.0,1940.3999999999999,1.8835714285714287,20.0,20.0
2010-01-17,85099B,JUMBO BAG RED RETROSPOT,929.0,1654.46,2.282676767676768,31.0,21.0
2010-01-24,85099B,JUMBO BAG RED RETROSPOT,627.0,1136.55,2.217984126984127,28.0,23.0
2010-01-31,85099B,JUMBO BAG RED RETROSPOT,864.0,1557.3999999999999,2.1864285714285714,29.0,25.0
2010-02-07,85099B,JUMBO BAG RED RETROSPOT,488.0,899.9,2.0877551020408163,25.0,23.0
2010-02-14,85099B,JUMBO BAG RED RETROSPOT,547.0,955.69,2.23,22.0,21.0
2010-02-21,85099B,JUMBO BAG RED RETROSPOT,1014.0,1776.34,2.2576326530612243,36.0,32.0
2010-02-28,85099B,JUMBO BAG RED RETROSPOT,613.0,1103.87,2.135357142857143,33.0,30.0
2010-03-07,85099B,JUMBO BAG RED RETROSPOT,754.0,1340.64,2.2447619047619045,30.0,27.0
2010-03-14,85099B,JUMBO BAG RED RETROSPOT,800.0,1402.6,2.449698412698413,30.0,25.0
2010-03-21,85099B,JUMBO BAG RED RETROSPOT,555.0,1053.8899999999999,2.224835497835498,34.0,28.0
2010-03-28,85099B,JUMBO BAG RED RETROSPOT,930.0,1662.8799999999999,2.163,43.0,38.0
2010-04-04,85099B,JUMBO BAG RED RETROSPOT,588.0,1059.68,2.1085714285714285,27.0,23.0
2010-04-11,85099B,JUMBO BAG RED RETROSPOT,416.0,764.76,2.151047619047619,18.0,15.0
2010-04-18,85099B,JUMBO BAG RED RETROSPOT,1007.0,1723.65,1.89,29.0,27.0
2010-04-25,85099B,JUMBO BAG RED RETROSPOT,645.0,1212.95,2.2098037518037517,44.0,34.0
2010-05-02,85099B,JUMBO BAG RED RETROSPOT,1539.0,2742.35,1.9674458874458876,51.0,48.0
2010-05-09,85099B,JUMBO BAG RED RETROSPOT,1207.0,2067.21,1.945,31.0,27.0
2010-05-16,85099B,JUMBO BAG RED RETROSPOT,997.0,1759.01,2.2455997732426303,41.0,35.0
2010-05-23,85099B,JUMBO BAG RED RETROSPOT,624.0,1114.88,2.1983809523809525,28.0,25.0
2010-05-30,85099B,JUMBO BAG RED RETROSPOT,760.0,1384.6,2.0400408163265307,39.0,35.0
2010-06-06,85099B,JUMBO BAG RED RETROSPOT,734.0,1326.5,2.466068027210884,33.0,25.0
2010-06-13,85099B,JUMBO BAG RED RETROSPOT,987.0,1818.29,2.184204081632653,51.0,44.0
2010-06-20,85099B,JUMBO BAG RED RETROSPOT,696.0,1259.8000000000002,2.170881261595547,41.0,36.0
2010-06-27,85099B,JUMBO BAG RED RETROSPOT,761.0,1411.7199999999998,2.250598639455782,41.0,33.0
2010-07-04,85099B,JUMBO BAG RED RETROSPOT,1415.0,2508.85,2.034687693259122,47.0,42.0
2010-07-11,85099B,JUMBO BAG RED RETROSPOT,688.0,1379.32,2.609272727272727,38.0,23.0
2010-07-18,85099B,JUMBO BAG RED RETROSPOT,865.0,1524.83,2.1804251700680273,34.0,30.0
2010-07-25,85099B,JUMBO BAG RED RETROSPOT,1268.0,2235.16,2.163650793650793,43.0,37.0
2010-08-01,85099B,JUMBO BAG RED RETROSPOT,618.0,1225.44,2.0998979591836737,40.0,35.0
2010-08-08,85099B,JUMBO BAG RED RETROSPOT,726.0,1343.08,2.0726233766233766,39.0,33.0
2010-08-15,85099B,JUMBO BAG RED RETROSPOT,925.0,1996.9299999999998,2.5378730158730156,45.0,34.0
2010-08-22,85099B,JUMBO BAG RED RETROSPOT,189.0,349.84999999999997,2.480952380952381,10.0,7.0
2010-08-29,85099B,JUMBO BAG RED RETROSPOT,1.0,1.95,1.95,1.0,1.0
2010-09-05,85099B,JUMBO BAG RED RETROSPOT,1898.0,3219.09,1.943088023088023,25.0,23.0
2010-09-12,85099B,JUMBO BAG RED RETROSPOT,1313.0,2315.21,2.1198618841475985,48.0,43.0
2010-09-19,85099B,JUMBO BAG RED RETROSPOT,1118.0,2022.7,2.1224761904761906,50.0,45.0
2010-09-26,85099B,JUMBO BAG RED RETROSPOT,1515.0,3129.0099999999998,2.260238095238095,39.0,32.0
2010-10-03,85099B,JUMBO BAG RED RETROSPOT,1718.0,3423.5299999999997,2.219680763680764,60.0,50.0
2010-10-10,85099B,JUMBO BAG RED RETROSPOT,1015.0,2026.7,2.2753877551020407,50.0,42.0
2010-10-17,85099B,JUMBO BAG RED RETROSPOT,1866.0,3265.55,2.063414585414585,55.0,51.0
2010-10-24,85099B,JUMBO BAG RED RETROSPOT,783.0,1415.27,2.2345714285714284,42.0,38.0
2010-10-31,85099B,JUMBO BAG RED RETROSPOT,515.0,975.81,2.141887755102041,38.0,34.0
2010-11-07,85099B,JUMBO BAG RED RETROSPOT,793.0,1454.2900000000002,2.2072335600907027,44.0,38.0
2010-11-14,85099B,JUMBO BAG RED RETROSPOT,2129.0,3769.2500000000005,2.060570191713049,54.0,43.0
2010-11-21,85099B,JUMBO BAG RED RETROSPOT,1215.0,2189.34,2.104161255411255,62.0,56.0
2010-11-28,85099B,JUMBO BAG RED RETROSPOT,1223.0,2221.19,2.1971294578437437,64.0,57.0
2010-12-05,85099B,JUMBO BAG RED RETROSPOT,2459.0,4270.71,2.4073024594453165,56.0,44.0
2010-12-12,85099B,JUMBO BAG RED RETROSPOT,1578.0,2925.64,2.624172335600907,42.0,28.0
2010-12-19,85099B,JUMBO BAG RED RETROSPOT,427.0,863.67,2.5491031746031747,34.0,25.0
2010-12-26,85099B,JUMBO BAG RED RETROSPOT,180.0,361.68,3.141047619047619,13.0,6.0
2011-01-02,85099B,JUMBO BAG RED RETROSPOT,0.0,0.0,3.0800000000000005,0.0,0.0
2011-01-09,85099B,JUMBO BAG RED RETROSPOT,1374.0,2328.34,2.1914285714285713,27.0,26.0
2011-01-16,85099B,JUMBO BAG RED RETROSPOT,225.0,544.1099999999999,3.1153772893772893,28.0,15.0
2011-01-23,85099B,JUMBO BAG RED RETROSPOT,594.0,1145.12,2.786054421768707,31.0,16.0
2011-01-30,85099B,JUMBO BAG RED RETROSPOT,502.0,904.6999999999999,3.4290884353741498,26.0,18.0
2011-02-06,85099B,JUMBO BAG RED RETROSPOT,965.0,1786.35,2.57647828362114,43.0,32.0
2011-02-13,85099B,JUMBO BAG RED RETROSPOT,288.0,568.66,2.433265306122449,21.0,13.0
2011-02-20,85099B,JUMBO BAG RED RETROSPOT,985.0,1732.75,2.1615714285714285,29.0,20.0
2011-02-27,85099B,JUMBO BAG RED RETROSPOT,810.0,1482.34,2.479659863945578,30.0,21.0
2011-03-06,85099B,JUMBO BAG RED RETROSPOT,624.0,1152.96,2.0862755102040818,29.0,25.0
2011-03-13,85099B,JUMBO BAG RED RETROSPOT,738.0,1356.1599999999999,2.6601190476190477,37.0,29.0
2011-03-20,85099B,JUMBO BAG RED RETROSPOT,1546.0,2718.16,2.7110049474335187,36.0,20.0
2011-03-27,85099B,JUMBO BAG RED RETROSPOT,1379.0,2443.55,2.3566295609152754,43.0,30.0
2011-04-03,85099B,JUMBO BAG RED RETROSPOT,1103.0,2672.85,2.3744880952380956,36.0,23.0
2011-04-10,85099B,JUMBO BAG RED RETROSPOT,975.0,1876.66,2.1028809523809526,32.0,25.0
2011-04-17,85099B,JUMBO BAG RED RETROSPOT,616.0,1196.7800000000002,2.41299938157081,30.0,23.0
2011-04-24,85099B,JUMBO BAG RED RETROSPOT,549.0,1131.81,2.705909090909091,32.0,21.0
2011-05-01,85099B,JUMBO BAG RED RETROSPOT,385.0,817.6500000000001,2.548869047619047,27.0,18.0
2011-05-08,85099B,JUMBO BAG RED RETROSPOT,380.0,813.7,2.285521978021978,37.0,30.0
2011-05-15,85099B,JUMBO BAG RED RETROSPOT,1206.0,2339.73,2.2745672335600906,55.0,34.0
2011-05-22,85099B,JUMBO BAG RED RETROSPOT,978.0,1906.99,2.2635238095238095,47.0,38.0
2011-05-29,85099B,JUMBO BAG RED RETROSPOT,933.0,1802.34,2.625202741702742,42.0,29.0
2011-06-05,85099B,JUMBO BAG RED RETROSPOT,273.0,579.84,2.554880952380952,29.0,19.0
2011-06-12,85099B,JUMBO BAG RED RETROSPOT,883.0,1835.74,2.6234829931972787,59.0,40.0
2011-06-19,85099B,JUMBO BAG RED RETROSPOT,959.0,1840.92,2.334027210884354,37.0,28.0
2011-06-26,85099B,JUMBO BAG RED RETROSPOT,841.0,1626.53,2.494047619047619,36.0,24.0
2011-07-03,85099B,JUMBO BAG RED RETROSPOT,815.0,1568.55,2.580294217687075,31.0,22.0
2011-07-10,85099B,JUMBO BAG RED RETROSPOT,1364.0,2686.52,2.673934573829532,57.0,35.0
2011-07-17,85099B,JUMBO BAG RED RETROSPOT,431.0,866.33,2.4402721088435375,33.0,26.0
2011-07-24,85099B,JUMBO BAG RED RETROSPOT,733.0,1453.5900000000001,2.504063317634746,46.0,33.0
2011-07-31,85099B,JUMBO BAG RED RETROSPOT,540.0,1106.2,2.4255187074829934,40.0,30.0
2011-08-07,85099B,JUMBO BAG RED RETROSPOT,1050.0,1988.65,2.222278911564626,40.0,35.0
2011-08-14,85099B,JUMBO BAG RED RETROSPOT,1373.0,2815.94,2.456045918367347,37.0,31.0
2011-08-21,85099B,JUMBO BAG RED RETROSPOT,1356.0,2581.23,2.074729437229437,43.0,42.0
2011-08-28,85099B,JUMBO BAG RED RETROSPOT,1518.0,2941.59,2.1117142857142857,43.0,39.0
2011-09-04,85099B,JUMBO BAG RED RETROSPOT,717.0,1554.0100000000002,2.625764521193093,44.0,31.0
2011-09-11,85099B,JUMBO BAG RED RETROSPOT,556.0,1162.03,2.4391666666666665,37.0,30.0
2011-09-18,85099B,JUMBO BAG RED RETROSPOT,743.0,1571.19,2.417964285714286,48.0,40.0
2011-09-25,85099B,JUMBO BAG RED RETROSPOT,1667.0,3193.01,2.47947496947497,55.0,45.0
2011-10-02,85099B,JUMBO BAG RED RETROSPOT,929.0,1885.72,2.322403628117914,51.0,45.0
2011-10-09,85099B,JUMBO BAG RED RETROSPOT,2709.0,5007.070000000001,2.216356292517007,49.0,42.0
2011-10-16,85099B,JUMBO BAG RED RETROSPOT,947.0,1886.6599999999999,2.309574829931973,47.0,41.0
2011-10-23,85099B,JUMBO BAG RED RETROSPOT,1045.0,2021.85,2.21280612244898,41.0,34.0
2011-10-30,85099B,JUMBO BAG RED RETROSPOT,600.0,1238.8999999999999,2.2584126984126986,37.0,32.0
2011-11-06,85099B,JUMBO BAG RED RETROSPOT,1063.0,2146.24,2.4152551020408164,48.0,39.0
2011-11-13,85099B,JUMBO BAG RED RETROSPOT,2200.0,4228.85,2.355489589775304,70.0,61.0
2011-11-20,85099B,JUMBO BAG RED RETROSPOT,1602.0,3102.01,2.235922335600907,60.0,53.0
2011-11-27,85099B,JUMBO BAG RED RETROSPOT,753.0,1581.8400000000001,2.4958001700680272,45.0,37.0
2011-12-04,85099B,JUMBO BAG RED RETROSPOT,1050.0,2126.85,2.444859584859585,52.0,40.0
2009-12-13,85099C,JUMBO  BAG BAROQUE BLACK WHITE,683.0,1151.85,1.8678571428571427,13.0,13.0
2009-12-20,85099C,JUMBO  BAG BAROQUE BLACK WHITE,147.0,293.7,2.109863945578231,17.0,15.0
2009-12-27,85099C,JUMBO  BAG BAROQUE BLACK WHITE,30.0,58.5,1.95,3.0,2.0
2010-01-03,85099C,JUMBO  BAG BAROQUE BLACK WHITE,0.0,0.0,1.95,0.0,0.0
2010-01-10,85099C,JUMBO  BAG BAROQUE BLACK WHITE,184.0,328.8,1.9357142857142855,8.0,8.0
2010-01-17,85099C,JUMBO  BAG BAROQUE BLACK WHITE,449.0,786.6800000000001,2.0102857142857142,30.0,11.0
2010-01-24,85099C,JUMBO  BAG BAROQUE BLACK WHITE,92.0,186.18,2.353571428571428,14.0,12.0
2010-01-31,85099C,JUMBO  BAG BAROQUE BLACK WHITE,213.0,389.87,2.1599999999999997,12.0,11.0
2010-02-07,85099C,JUMBO  BAG BAROQUE BLACK WHITE,248.0,471.68,2.097142857142857,15.0,14.0
2010-02-14,85099C,JUMBO  BAG BAROQUE BLACK WHITE,287.0,499.65,1.8928571428571428,13.0,13.0
2010-02-21,85099C,JUMBO  BAG BAROQUE BLACK WHITE,521.0,902.73,2.0342857142857143,14.0,13.0
2010-02-28,85099C,JUMBO  BAG BAROQUE BLACK WHITE,159.0,332.69,2.270190476190476,18.0,14.0
2010-03-07,85099C,JUMBO  BAG BAROQUE BLACK WHITE,409.0,706.0699999999999,1.9402857142857142,17.0,16.0
2010-03-14,85099C,JUMBO  BAG BAROQUE BLACK WHITE,163.0,287.85,1.9285714285714286,11.0,11.0
2010-03-21,85099C,JUMBO  BAG BAROQUE BLACK WHITE,179.0,353.57,2.178690476190476,19.0,17.0
2010-03-28,85099C,JUMBO  BAG BAROQUE BLACK WHITE,396.0,691.24,2.404571428571429,14.0,11.0
2010-04-04,85099C,JUMBO  BAG BAROQUE BLACK WHITE,104.0,216.36,2.2405714285714287,14.0,11.0
2010-04-11,85099C,JUMBO  BAG BAROQUE BLACK WHITE,175.0,313.51,2.2585714285714285,7.0,6.0
2010-04-18,85099C,JUMBO  BAG BAROQUE BLACK WHITE,468.0,792.6,1.8785714285714286,11.0,10.0
2010-04-25,85099C,JUMBO  BAG BAROQUE BLACK WHITE,377.0,697.75,2.3554761904761903,19.0,14.0
2010-05-02,85099C,JUMBO  BAG BAROQUE BLACK WHITE,514.0,912.3000000000001,1.92,22.0,21.0
2010-05-09,85099C,JUMBO  BAG BAROQUE BLACK WHITE,198.0,356.1,1.9214285714285713,13.0,12.0
2010-05-16,85099C,JUMBO  BAG BAROQUE BLACK WHITE,397.0,688.67,2.0864285714285713,20.0,17.0
2010-05-23,85099C,JUMBO  BAG BAROQUE BLACK WHITE,93.0,203.95,2.5419047619047617,11.0,8.0
2010-05-30,85099C,JUMBO  BAG BAROQUE BLACK WHITE,172.0,342.18,2.111428571428571,23.0,20.0
2010-06-06,85099C,JUMBO  BAG BAROQUE BLACK WHITE,187.0,341.43,2.1976190476190474,12.0,10.0
2010-06-13,85099C,JUMBO  BAG BAROQUE BLACK WHITE,188.0,356.94,2.310714285714286,14.0,12.0
2010-06-20,85099C,JUMBO  BAG BAROQUE BLACK WHITE,166.0,298.22,2.0793333333333335,17.0,15.0
2010-06-27,85099C,JUMBO  BAG BAROQUE BLACK WHITE,260.0,473.55999999999995,2.4628571428571426,15.0,10.0
2010-07-04,85099C,JUMBO  BAG BAROQUE BLACK WHITE,655.0,1131.77,2.058469387755102,19.0,17.0
2010-07-11,85099C,JUMBO  BAG BAROQUE BLACK WHITE,387.0,666.91,2.026190476190476,16.0,15.0
2010-07-18,85099C,JUMBO  BAG BAROQUE BLACK WHITE,210.0,384.02,2.02,16.0,15.0
2010-07-25,85099C,JUMBO  BAG BAROQUE BLACK WHITE,366.0,700.06,2.517857142857143,24.0,17.0
2010-08-01,85099C,JUMBO  BAG BAROQUE BLACK WHITE,244.0,452.02,2.1062857142857143,19.0,16.0
2010-08-08,85099C,JUMBO  BAG BAROQUE BLACK WHITE,140.0,276.03999999999996,2.150952380952381,19.0,16.0
2010-08-15,85099C,JUMBO  BAG BAROQUE BLACK WHITE,435.0,918.23,2.9260952380952383,17.0,10.0
2010-08-22,85099C,JUMBO  BAG BAROQUE BLACK WHITE,424.0,741.3199999999999,2.1805714285714286,16.0,14.0
2010-08-29,85099C,JUMBO  BAG BAROQUE BLACK WHITE,372.0,699.92,2.107904761904762,24.0,20.0
2010-09-05,85099C,JUMBO  BAG BAROQUE BLACK WHITE,423.0,895.51,2.3220408163265307,20.0,15.0
2010-09-12,85099C,JUMBO  BAG BAROQUE BLACK WHITE,434.0,769.86,2.150952380952381,20.0,17.0
2010-09-19,85099C,JUMBO  BAG BAROQUE BLACK WHITE,430.0,823.7,2.5106349206349208,29.0,21.0
2010-09-26,85099C,JUMBO  BAG BAROQUE BLACK WHITE,456.0,865.36,2.3285079365079366,26.0,18.0
2010-10-03,85099C,JUMBO  BAG BAROQUE BLACK WHITE,415.0,792.1899999999999,2.38312925170068,24.0,18.0
2010-10-10,85099C,JUMBO  BAG BAROQUE BLACK WHITE,464.0,862.26,2.2636054421768708,28.0,22.0
2010-10-17,85099C,JUMBO  BAG BAROQUE BLACK WHITE,656.0,1217.96,2.1869047619047617,26.0,24.0
2010-10-24,85099C,JUMBO  BAG BAROQUE BLACK WHITE,482.0,901.88,2.156428571428571,24.0,22.0
2010-10-31,85099C,JUMBO  BAG BAROQUE BLACK WHITE,243.0,555.99,2.2782857142857145,20.0,17.0
2010-11-07,85099C,JUMBO  BAG BAROQUE BLACK WHITE,181.0,329.73,2.09,17.0,16.0
2010-11-14,85099C,JUMBO  BAG BAROQUE BLACK WHITE,676.0,1316.5,2.3276825396825394,32.0,27.0
2010-11-21,85099C,JUMBO  BAG BAROQUE BLACK WHITE,469.0,883.9300000000001,2.1521938775510203,32.0,30.0
2010-11-28,85099C,JUMBO  BAG BAROQUE BLACK WHITE,216.0,522.9000000000001,2.5912301587301587,28.0,21.0
2010-12-05,85099C,JUMBO  BAG BAROQUE BLACK WHITE,504.0,1079.52,2.3023809523809526,18.0,15.0
2010-12-12,85099C,JUMBO  BAG BAROQUE BLACK WHITE,758.0,1508.9,2.4509523809523808,23.0,16.0
2010-12-19,85099C,JUMBO  BAG BAROQUE BLACK WHITE,137.0,294.27,2.337428571428571,16.0,14.0
2010-12-26,85099C,JUMBO  BAG BAROQUE BLACK WHITE,117.0,211.71,2.391428571428571,5.0,3.0
2011-01-02,85099C,JUMBO  BAG BAROQUE BLACK WHITE,0.0,0.0,1.95,0.0,0.0
2011-01-09,85099C,JUMBO  BAG BAROQUE BLACK WHITE,507.0,870.91,1.9257142857142857,14.0,13.0
2011-01-16,85099C,JUMBO  BAG BAROQUE BLACK WHITE,76.0,170.8,2.757142857142857,12.0,8.0
2011-01-23,85099C,JUMBO  BAG BAROQUE BLACK WHITE,68.0,152.22,2.728571428571428,12.0,8.0
2011-01-30,85099C,JUMBO  BAG BAROQUE BLACK WHITE,211.0,399.43,3.438095238095238,16.0,8.0
2011-02-06,85099C,JUMBO  BAG BAROQUE BLACK WHITE,226.0,476.09999999999997,3.056857142857143,23.0,11.0
2011-02-13,85099C,JUMBO  BAG BAROQUE BLACK WHITE,69.0,180.33,2.552095238095238,15.0,5.0
2011-02-20,85099C,JUMBO  BAG BAROQUE BLACK WHITE,448.0,792.84,2.2763095238095237,18.0,8.0
2011-02-27,85099C,JUMBO  BAG BAROQUE BLACK WHITE,84.0,218.3,2.650714285714286,17.0,8.0
2011-03-06,85099C,JUMBO  BAG BAROQUE BLACK WHITE,108.0,221.5,2.2614285714285716,15.0,13.0
2011-03-13,85099C,JUMBO  BAG BAROQUE BLACK WHITE,285.0,539.35,2.7446938775510206,13.0,8.0
2011-03-20,85099C,JUMBO  BAG BAROQUE BLACK WHITE,697.0,1278.63,2.629285714285714,24.0,12.0
2011-03-27,85099C,JUMBO  BAG BAROQUE BLACK WHITE,447.0,847.05,2.2896428571428573,27.0,17.0
2011-04-03,85099C,JUMBO  BAG BAROQUE BLACK WHITE,357.0,674.21,2.375238095238095,18.0,13.0
2011-04-10,85099C,JUMBO  BAG BAROQUE BLACK WHITE,88.0,182.49,2.2535714285714286,13.0,12.0
2011-04-17,85099C,JUMBO  BAG BAROQUE BLACK WHITE,178.0,367.89000000000004,2.576122448979592,18.0,12.0
2011-04-24,85099C,JUMBO  BAG BAROQUE BLACK WHITE,147.0,297.26,3.7117142857142857,12.0,5.0
2011-05-01,85099C,JUMBO  BAG BAROQUE BLACK WHITE,278.0,577.89,3.0807142857142855,17.0,7.0
2011-05-08,85099C,JUMBO  BAG BAROQUE BLACK WHITE,268.0,534.59,2.326190476190476,22.0,17.0
2011-05-15,85099C,JUMBO  BAG BAROQUE BLACK WHITE,246.0,581.08,2.389344537815126,31.0,12.0
2011-05-22,85099C,JUMBO  BAG BAROQUE BLACK WHITE,302.0,635.5100000000001,2.5777380952380953,25.0,19.0
2011-05-29,85099C,JUMBO  BAG BAROQUE BLACK WHITE,387.0,720.01,2.077261904761905,17.0,15.0
2011-06-05,85099C,JUMBO  BAG BAROQUE BLACK WHITE,210.0,404.41999999999996,2.442857142857143,15.0,11.0
2011-06-12,85099C,JUMBO  BAG BAROQUE BLACK WHITE,261.0,522.08,2.1947619047619047,25.0,22.0
2011-06-19,85099C,JUMBO  BAG BAROQUE BLACK WHITE,375.0,703.45,2.3317619047619047,13.0,10.0
2011-06-26,85099C,JUMBO  BAG BAROQUE BLACK WHITE,103.0,220.39000000000001,2.3728571428571428,14.0,12.0
2011-07-03,85099C,JUMBO  BAG BAROQUE BLACK WHITE,191.0,372.38,2.139404761904762,11.0,10.0
2011-07-10,85099C,JUMBO  BAG BAROQUE BLACK WHITE,324.0,632.32,2.348095238095238,16.0,12.0
2011-07-17,85099C,JUMBO  BAG BAROQUE BLACK WHITE,93.0,224.19,3.080595238095238,14.0,9.0
2011-07-24,85099C,JUMBO  BAG BAROQUE BLACK WHITE,210.0,434.45,2.404642857142857,19.0,13.0
2011-07-31,85099C,JUMBO  BAG BAROQUE BLACK WHITE,164.0,324.42,2.310238095238095,12.0,9.0
2011-08-07,85099C,JUMBO  BAG BAROQUE BLACK WHITE,264.0,493.17,2.3625000000000003,14.0,13.0
2011-08-14,85099C,JUMBO  BAG BAROQUE BLACK WHITE,262.0,649.21,2.6016666666666666,17.0,12.0
2011-08-21,85099C,JUMBO  BAG BAROQUE BLACK WHITE,333.0,663.34,2.1149999999999998,15.0,14.0
2011-08-28,85099C,JUMBO  BAG BAROQUE BLACK WHITE,132.0,280.71000000000004,2.138571428571429,15.0,14.0
2011-09-04,85099C,JUMBO  BAG BAROQUE BLACK WHITE,264.0,598.37,2.951761904761905,22.0,12.0
2011-09-11,85099C,JUMBO  BAG BAROQUE BLACK WHITE,439.0,910.17,2.2392261904761908,21.0,16.0
2011-09-18,85099C,JUMBO  BAG BAROQUE BLACK WHITE,109.0,282.07,2.5925000000000002,18.0,12.0
2011-09-25,85099C,JUMBO  BAG BAROQUE BLACK WHITE,440.0,883.9000000000001,2.5823809523809524,17.0,12.0
2011-10-02,85099C,JUMBO  BAG BAROQUE BLACK WHITE,398.0,823.24,2.328809523809524,23.0,19.0
2011-10-09,85099C,JUMBO  BAG BAROQUE BLACK WHITE,296.0,559.23,2.4778571428571428,12.0,10.0
2011-10-16,85099C,JUMBO  BAG BAROQUE BLACK WHITE,210.0,467.25,2.700714285714286,16.0,11.0
2011-10-23,85099C,JUMBO  BAG BAROQUE BLACK WHITE,200.0,415.7,2.1888571428571426,17.0,11.0
2011-10-30,85099C,JUMBO  BAG BAROQUE BLACK WHITE,391.0,777.53,2.3176190476190475,16.0,13.0
2011-11-06,85099C,JUMBO  BAG BAROQUE BLACK WHITE,100.0,246.10000000000002,2.4635714285714285,17.0,12.0
2011-11-13,85099C,JUMBO  BAG BAROQUE BLACK WHITE,353.0,756.19,2.522727272727273,27.0,20.0
2011-11-20,85099C,JUMBO  BAG BAROQUE BLACK WHITE,620.0,1167.15,2.2602891156462586,24.0,20.0
2011-11-27,85099C,JUMBO  BAG BAROQUE BLACK WHITE,203.0,430.14,2.638095238095238,21.0,15.0
2011-12-04,85099C,JUMBO  BAG BAROQUE BLACK WHITE,414.0,825.17,2.396845238095238,26.0,19.0
2009-12-13,85099F,JUMBO BAG STRAWBERRY,388.0,671.3,2.1416666666666666,16.0,14.0
2009-12-20,85099F,JUMBO BAG STRAWBERRY,271.0,514.9,2.5373214285714285,23.0,17.0
2009-12-27,85099F,JUMBO BAG STRAWBERRY,21.0,40.95,1.95,3.0,2.0
2010-01-03,85099F,JUMBO BAG STRAWBERRY,0.0,0.0,1.95,0.0,0.0
2010-01-10,85099F,JUMBO BAG STRAWBERRY,358.0,608.1,1.9285714285714286,8.0,8.0
2010-01-17,85099F,JUMBO BAG STRAWBERRY,246.0,424.31,2.290142857142857,9.0,7.0
2010-01-24,85099F,JUMBO BAG STRAWBERRY,286.0,499.96000000000004,1.977142857142857,16.0,15.0
2010-01-31,85099F,JUMBO BAG STRAWBERRY,130.0,260.28,2.1867619047619047,15.0,13.0
2010-02-07,85099F,JUMBO BAG STRAWBERRY,157.0,308.40999999999997,2.0576190476190477,13.0,12.0
2010-02-14,85099F,JUMBO BAG STRAWBERRY,177.0,321.93,2.552857142857143,11.0,10.0
2010-02-21,85099F,JUMBO BAG STRAWBERRY,588.0,1010.1600000000001,2.4092857142857143,16.0,12.0
2010-02-28,85099F,JUMBO BAG STRAWBERRY,96.0,187.2,1.95,13.0,12.0
2010-03-07,85099F,JUMBO BAG STRAWBERRY,415.0,730.5500000000001,2.170714285714286,16.0,14.0
2010-03-14,85099F,JUMBO BAG STRAWBERRY,169.0,304.07,2.359047619047619,14.0,12.0
2010-03-21,85099F,JUMBO BAG STRAWBERRY,323.0,576.63,2.3117142857142854,19.0,16.0
2010-03-28,85099F,JUMBO BAG STRAWBERRY,366.0,669.52,2.2407142857142857,22.0,19.0
2010-04-04,85099F,JUMBO BAG STRAWBERRY,334.0,600.34,1.9719047619047618,16.0,15.0
2010-04-11,85099F,JUMBO BAG STRAWBERRY,271.0,479.75,2.185523809523809,12.0,9.0
2010-04-18,85099F,JUMBO BAG STRAWBERRY,285.0,495.75,1.9214285714285713,16.0,14.0
2010-04-25,85099F,JUMBO BAG STRAWBERRY,518.0,951.74,2.195612244897959,29.0,23.0
2010-05-02,85099F,JUMBO BAG STRAWBERRY,784.0,1378.8,1.906734693877551,31.0,31.0
2010-05-09,85099F,JUMBO BAG STRAWBERRY,379.0,651.3100000000001,2.029047619047619,14.0,12.0
2010-05-16,85099F,JUMBO BAG STRAWBERRY,367.0,671.4699999999999,2.393095238095238,26.0,21.0
2010-05-23,85099F,JUMBO BAG STRAWBERRY,320.0,564.0,1.9357142857142855,16.0,16.0
2010-05-30,85099F,JUMBO BAG STRAWBERRY,503.0,899.89,2.262547619047619,28.0,25.0
2010-06-06,85099F,JUMBO BAG STRAWBERRY,251.0,463.97,2.02,20.0,18.0
2010-06-13,85099F,JUMBO BAG STRAWBERRY,308.0,575.16,2.0936190476190477,30.0,28.0
2010-06-20,85099F,JUMBO BAG STRAWBERRY,139.0,282.35,2.3616428571428574,26.0,20.0
2010-06-27,85099F,JUMBO BAG STRAWBERRY,419.0,767.61,2.306387755102041,27.0,21.0
2010-07-04,85099F,JUMBO BAG STRAWBERRY,894.0,1544.1599999999999,2.1093992673992674,32.0,27.0
2010-07-11,85099F,JUMBO BAG STRAWBERRY,605.0,1086.87,2.4505714285714286,26.0,20.0
2010-07-18,85099F,JUMBO BAG STRAWBERRY,369.0,677.63,2.435877551020408,24.0,19.0
2010-07-25,85099F,JUMBO BAG STRAWBERRY,556.0,1005.5,2.2263333333333333,29.0,26.0
2010-08-01,85099F,JUMBO BAG STRAWBERRY,356.0,680.87,2.2548809523809523,26.0,22.0
2010-08-08,85099F,JUMBO BAG STRAWBERRY,308.0,578.16,2.0655102040816327,19.0,16.0
2010-08-15,85099F,JUMBO BAG STRAWBERRY,1254.0,2439.76,2.6193730158730157,34.0,26.0
2010-08-22,85099F,JUMBO BAG STRAWBERRY,429.0,760.11,2.388142857142857,20.0,16.0
2010-08-29,85099F,JUMBO BAG STRAWBERRY,434.0,825.34,2.2155238095238095,26.0,22.0
2010-09-05,85099F,JUMBO BAG STRAWBERRY,826.0,1451.66,2.3524999999999996,27.0,21.0
2010-09-12,85099F,JUMBO BAG STRAWBERRY,563.0,1048.1699999999998,2.057047619047619,30.0,22.0
2010-09-19,85099F,JUMBO BAG STRAWBERRY,218.0,445.44,2.265170068027211,21.0,17.0
2010-09-26,85099F,JUMBO BAG STRAWBERRY,374.0,753.54,2.353333333333333,25.0,19.0
2010-10-03,85099F,JUMBO BAG STRAWBERRY,132.0,391.02,3.126428571428572,18.0,10.0
2010-10-10,85099F,JUMBO BAG STRAWBERRY,451.0,851.92,2.3842857142857143,20.0,16.0
2010-10-17,85099F,JUMBO BAG STRAWBERRY,602.0,1049.34,2.404285714285714,17.0,15.0
2010-10-24,85099F,JUMBO BAG STRAWBERRY,184.0,420.38,2.943333333333333,14.0,9.0
2010-10-31,85099F,JUMBO BAG STRAWBERRY,165.0,348.26,2.4535714285714287,15.0,13.0
2010-11-07,85099F,JUMBO BAG STRAWBERRY,209.0,386.59,2.3788095238095237,18.0,15.0
2010-11-14,85099F,JUMBO BAG STRAWBERRY,1185.0,2072.37,2.453809523809524,27.0,19.0
2010-11-21,85099F,JUMBO BAG STRAWBERRY,333.0,638.82,2.483857142857143,19.0,15.0
2010-11-28,85099F,JUMBO BAG STRAWBERRY,175.0,356.76,3.9482142857142857,12.0,7.0
2010-12-05,85099F,JUMBO BAG STRAWBERRY,199.0,441.19,3.0004047619047616,19.0,14.0
2010-12-12,85099F,JUMBO BAG STRAWBERRY,315.0,626.9,3.14047619047619,18.0,12.0
2010-12-19,85099F,JUMBO BAG STRAWBERRY,229.0,437.74,3.1366666666666667,15.0,10.0
2010-12-26,85099F,JUMBO BAG STRAWBERRY,11.0,48.86,4.695714285714286,6.0,0.0
2011-01-02,85099F,JUMBO BAG STRAWBERRY,0.0,0.0,4.635,0.0,0.0
2011-01-09,85099F,JUMBO BAG STRAWBERRY,703.0,1254.46,2.532904761904762,19.0,15.0
2011-01-16,85099F,JUMBO BAG STRAWBERRY,349.0,628.13,3.13547619047619,14.0,7.0
2011-01-23,85099F,JUMBO BAG STRAWBERRY,269.0,475.45,2.249047619047619,18.0,13.0
2011-01-30,85099F,JUMBO BAG STRAWBERRY,93.0,177.53,2.043095238095238,10.0,8.0
2011-02-06,85099F,JUMBO BAG STRAWBERRY,381.0,668.21,2.4495238095238094,13.0,10.0
2011-02-13,85099F,JUMBO BAG STRAWBERRY,70.0,143.04,2.2614285714285716,8.0,6.0
2011-02-20,85099F,JUMBO BAG STRAWBERRY,248.0,436.68,3.174285714285714,8.0,5.0
2011-02-27,85099F,JUMBO BAG STRAWBERRY,276.0,486.91999999999996,2.2285714285714286,13.0,10.0
2011-03-06,85099F,JUMBO BAG STRAWBERRY,285.0,573.1899999999999,2.2216349206349206,27.0,23.0
2011-03-13,85099F,JUMBO BAG STRAWBERRY,401.0,702.85,2.3295238095238093,18.0,15.0
2011-03-20,85099F,JUMBO BAG STRAWBERRY,1012.0,1707.4799999999998,2.084285714285714,12.0,10.0
2011-03-27,85099F,JUMBO BAG STRAWBERRY,676.0,1174.74,2.1493571428571427,22.0,19.0
2011-04-03,85099F,JUMBO BAG STRAWBERRY,742.0,1852.46,2.0896666666666666,21.0,17.0
2011-04-10,85099F,JUMBO BAG STRAWBERRY,266.0,513.83,2.0914642857142858,18.0,15.0
2011-04-17,85099F,JUMBO BAG STRAWBERRY,166.0,314.98,2.0500000000000003,11.0,11.0
2011-04-24,85099F,JUMBO BAG STRAWBERRY,6.0,12.48,2.08,3.0,0.0
2011-05-01,85099F,JUMBO BAG STRAWBERRY,100.0,174.0,1.837142857142857,1.0,1.0
2011-05-08,85099F,JUMBO BAG STRAWBERRY,0.0,0.0,1.74,0.0,0.0
2011-05-15,85099F,JUMBO BAG STRAWBERRY,428.0,801.94,2.0102857142857142,15.0,15.0
2011-05-22,85099F,JUMBO BAG STRAWBERRY,142.0,307.66,2.319863945578231,20.0,16.0
2011-05-29,85099F,JUMBO BAG STRAWBERRY,423.0,801.0400000000001,2.145793650793651,21.0,18.0
2011-06-05,85099F,JUMBO BAG STRAWBERRY,407.0,782.11,2.9921904761904763,18.0,12.0
2011-06-12,85099F,JUMBO BAG STRAWBERRY,433.0,822.99,2.4423809523809523,27.0,22.0
2011-06-19,85099F,JUMBO BAG STRAWBERRY,234.0,459.77,2.205714285714286,13.0,12.0
2011-06-26,85099F,JUMBO BAG STRAWBERRY,605.0,1119.55,2.2027380952380953,17.0,14.0
2011-07-03,85099F,JUMBO BAG STRAWBERRY,351.0,669.13,2.130714285714286,17.0,16.0
2011-07-10,85099F,JUMBO BAG STRAWBERRY,513.0,960.7399999999999,2.63852380952381,21.0,13.0
2011-07-17,85099F,JUMBO BAG STRAWBERRY,29.0,62.370000000000005,2.3728571428571428,5.0,4.0
2011-07-24,85099F,JUMBO BAG STRAWBERRY,140.0,303.5,2.197142857142857,22.0,17.0
2011-07-31,85099F,JUMBO BAG STRAWBERRY,434.0,827.12,2.4160714285714286,23.0,18.0
2011-08-07,85099F,JUMBO BAG STRAWBERRY,547.0,1027.01,2.2395748299319727,25.0,21.0
2011-08-14,85099F,JUMBO BAG STRAWBERRY,320.0,617.85,2.813619047619048,17.0,14.0
2011-08-21,85099F,JUMBO BAG STRAWBERRY,328.0,620.24,2.0617857142857146,16.0,16.0
2011-08-28,85099F,JUMBO BAG STRAWBERRY,872.0,1601.76,2.0442857142857145,19.0,18.0
2011-09-04,85099F,JUMBO BAG STRAWBERRY,278.0,555.44,2.6035714285714286,17.0,7.0
2011-09-11,85099F,JUMBO BAG STRAWBERRY,189.0,386.67,2.648639455782313,21.0,15.0
2011-09-18,85099F,JUMBO BAG STRAWBERRY,302.0,580.41,2.442857142857143,14.0,11.0
2011-09-25,85099F,JUMBO BAG STRAWBERRY,579.0,1096.87,2.200081632653061,21.0,17.0
2011-10-02,85099F,JUMBO BAG STRAWBERRY,206.0,406.08,2.3976020408163268,16.0,12.0
2011-10-09,85099F,JUMBO BAG STRAWBERRY,1172.0,2109.11,2.2965714285714287,17.0,13.0
2011-10-16,85099F,JUMBO BAG STRAWBERRY,171.0,331.93,2.429880952380952,15.0,12.0
2011-10-23,85099F,JUMBO BAG STRAWBERRY,433.0,821.84,2.2950476190476192,20.0,17.0
2011-10-30,85099F,JUMBO BAG STRAWBERRY,30.0,72.65,2.8121428571428573,7.0,5.0
2011-11-06,85099F,JUMBO BAG STRAWBERRY,203.0,386.54,2.154095238095238,14.0,13.0
2011-11-13,85099F,JUMBO BAG STRAWBERRY,311.0,601.1800000000001,2.6483333333333334,24.0,19.0
2011-11-20,85099F,JUMBO BAG STRAWBERRY,196.0,376.73,2.325714285714286,16.0,15.0
2011-11-27,85099F,JUMBO BAG STRAWBERRY,52.0,114.31,2.324047619047619,9.0,7.0
2011-12-04,85099F,JUMBO BAG STRAWBERRY,436.0,823.13,2.233809523809524,21.0,18.0
2009-12-13,85123A,CREAM HANGING HEART T-LIGHT HOLDER,3172.0,8406.79,2.9686037177108604,112.0,98.0
2009-12-20,85123A,CREAM HANGING HEART T-LIGHT HOLDER,1294.0,3642.08,3.2524674769674773,86.0,74.0
2009-12-27,85123A,CREAM HANGING HEART T-LIGHT HOLDER,128.0,366.54,4.925,13.0,8.0
2010-01-03,85123A,CREAM HANGING HEART T-LIGHT HOLDER,0.0,0.0,5.2675,0.0,0.0
2010-01-10,85123A,CREAM HANGING HEART T-LIGHT HOLDER,1773.0,4628.75,2.817099567099567,47.0,47.0
2010-01-17,85123A,CREAM HANGING HEART T-LIGHT HOLDER,921.0,2523.54,3.30376968428397,70.0,44.0
2010-01-24,85123A,CREAM HANGING HEART T-LIGHT HOLDER,1410.0,3813.42,3.1510069930069933,67.0,61.0
2010-01-31,85123A,CREAM HANGING HEART T-LIGHT HOLDER,1382.0,3740.9800000000005,3.096271963330787,79.0,71.0
2010-02-07,85123A,CREAM HANGING HEART T-LIGHT HOLDER,727.0,2009.77,2.9761205461205464,58.0,55.0
2010-02-14,85123A,CREAM HANGING HEART T-LIGHT HOLDER,586.0,1617.5,3.132585649644473,45.0,37.0
2010-02-21,85123A,CREAM HANGING HEART T-LIGHT HOLDER,669.0,1901.8700000000001,3.265845804988662,47.0,43.0
2010-02-28,85123A,CREAM HANGING HEART T-LIGHT HOLDER,929.0,2501.43,3.038615130900845,55.0,52.0
2010-03-07,85123A,CREAM HANGING HEART T-LIGHT HOLDER,842.0,2268.1,2.916279529993816,47.0,45.0
2010-03-14,85123A,CREAM HANGING HEART T-LIGHT HOLDER,848.0,2365.84,3.190652236652237,63.0,54.0
2010-03-21,85123A,CREAM HANGING HEART T-LIGHT HOLDER,1496.0,3952.8,3.121209235209235,57.0,52.0
2010-03-28,85123A,CREAM HANGING HEART T-LIGHT HOLDER,1184.0,3156.56,2.9031673881673883,69.0,66.0
2010-04-04,85123A,CREAM HANGING HEART T-LIGHT HOLDER,900.0,3036.1200000000003,3.078367346938776,47.0,40.0
2010-04-11,85123A,CREAM HANGING HEART T-LIGHT HOLDER,909.0,2420.03,2.9920005391433966,43.0,39.0
2010-04-18,85123A,CREAM HANGING HEART T-LIGHT HOLDER,848.0,2259.3999999999996,2.8546131996658315,45.0,44.0
2010-04-25,85123A,CREAM HANGING HEART T-LIGHT HOLDER,696.0,1961.04,3.132337662337662,60.0,50.0
2010-05-02,85123A,CREAM HANGING HEART T-LIGHT HOLDER,1120.0,3074.72,2.9763718820861675,73.0,67.0
2010-05-09,85123A,CREAM HANGING HEART T-LIGHT HOLDER,1053.0,2851.87,2.9969523809523815,53.0,48.0
2010-05-16,85123A,CREAM HANGING HEART T-LIGHT HOLDER,1105.0,2963.4300000000003,3.1145986394557825,55.0,49.0
2010-05-23,85123A,CREAM HANGING HEART T-LIGHT HOLDER,1258.0,3388.7799999999997,2.9882993197278913,62.0,59.0
2010-05-30,85123A,CREAM HANGING HEART T-LIGHT HOLDER,954.0,2584.46,3.15247200418629,68.0,62.0
2010-06-06,85123A,CREAM HANGING HEART T-LIGHT HOLDER,545.0,1540.94,3.337342403628118,49.0,44.0
2010-06-13,85123A,CREAM HANGING HEART T-LIGHT HOLDER,1596.0,4245.8,3.1726054690650964,76.0,68.0
2010-06-20,85123A,CREAM HANGING HEART T-LIGHT HOLDER,586.0,1625.3400000000001,2.982625850340136,44.0,42.0
2010-06-27,85123A,CREAM HANGING HEART T-LIGHT HOLDER,785.0,2173.03,3.2452906617192334,55.0,50.0
2010-07-04,85123A,CREAM HANGING HEART T-LIGHT HOLDER,1209.0,3214.95,3.060809000523286,57.0,50.0
2010-07-11,85123A,CREAM HANGING HEART T-LIGHT HOLDER,719.0,1961.85,2.9717687074829935,48.0,42.0
2010-07-18,85123A,CREAM HANGING HEART T-LIGHT HOLDER,1265.0,3370.47,3.0550616050616055,55.0,50.0
2010-07-25,85123A,CREAM HANGING HEART T-LIGHT HOLDER,1168.0,3022.48,3.1202400960384153,76.0,65.0
2010-08-01,85123A,CREAM HANGING HEART T-LIGHT HOLDER,594.0,1652.94,3.566825396825397,43.0,38.0
2010-08-08,85123A,CREAM HANGING HEART T-LIGHT HOLDER,547.0,1507.33,3.0254897959183675,44.0,42.0
2010-08-15,85123A,CREAM HANGING HEART T-LIGHT HOLDER,1229.0,3403.6,3.111484039769754,63.0,51.0
2010-08-22,85123A,CREAM HANGING HEART T-LIGHT HOLDER,1686.0,4405.7,3.1516043956043953,57.0,51.0
2010-08-29,85123A,CREAM HANGING HEART T-LIGHT HOLDER,1118.0,3042.82,3.137573696145125,69.0,65.0
2010-09-05,85123A,CREAM HANGING HEART T-LIGHT HOLDER,882.0,2442.16,3.2905163883735313,44.0,36.0
2010-09-12,85123A,CREAM HANGING HEART T-LIGHT HOLDER,914.0,2481.58,2.93397904616392,52.0,46.0
2010-09-19,85123A,CREAM HANGING HEART T-LIGHT HOLDER,1048.0,2798.4,3.0630158730158734,60.0,56.0
2010-09-26,85123A,CREAM HANGING HEART T-LIGHT HOLDER,1088.0,2894.02,3.014334680025857,67.0,44.0
2010-10-03,85123A,CREAM HANGING HEART T-LIGHT HOLDER,914.0,2531.22,3.209981859410431,53.0,48.0
2010-10-10,85123A,CREAM HANGING HEART T-LIGHT HOLDER,1005.0,2754.4900000000002,3.132571634714492,58.0,52.0
2010-10-17,85123A,CREAM HANGING HEART T-LIGHT HOLDER,1001.0,2745.9500000000003,3.014050235478807,76.0,67.0
2010-10-24,85123A,CREAM HANGING HEART T-LIGHT HOLDER,799.0,2226.27,3.039260517260517,71.0,68.0
2010-10-31,85123A,CREAM HANGING HEART T-LIGHT HOLDER,1467.0,4173.55,3.1813540903540907,72.0,66.0
2010-11-07,85123A,CREAM HANGING HEART T-LIGHT HOLDER,1367.0,3674.33,2.955879200164915,78.0,73.0
2010-11-14,85123A,CREAM HANGING HEART T-LIGHT HOLDER,1626.0,4264.38,3.191284885749172,83.0,76.0
2010-11-21,85123A,CREAM HANGING HEART T-LIGHT HOLDER,891.0,2659.73,3.2093232323232326,97.0,86.0
2010-11-28,85123A,CREAM HANGING HEART T-LIGHT HOLDER,2155.0,5999.530000000001,3.2193142842047715,112.0,102.0
2010-12-05,85123A,CREAM HANGING HEART T-LIGHT HOLDER,2670.0,7594.44,3.2155184097930674,81.0,58.0
2010-12-12,85123A,CREAM HANGING HEART T-LIGHT HOLDER,2006.0,6258.2,3.3190051020408164,86.0,74.0
2010-12-19,85123A,CREAM HANGING HEART T-LIGHT HOLDER,1529.0,4251.25,3.367861699703805,68.0,60.0
2010-12-26,85123A,CREAM HANGING HEART T-LIGHT HOLDER,198.0,570.24,3.1761904761904765,19.0,15.0
2011-01-02,85123A,CREAM HANGING HEART T-LIGHT HOLDER,0.0,0.0,2.85,0.0,0.0
2011-01-09,85123A,CREAM HANGING HEART T-LIGHT HOLDER,973.0,2581.31,2.9008843537414966,46.0,45.0
2011-01-16,85123A,CREAM HANGING HEART T-LIGHT HOLDER,3329.0,9266.41,3.213213453213453,36.0,32.0
2011-01-23,85123A,CREAM HANGING HEART T-LIGHT HOLDER,662.0,1784.58,3.154542124542125,38.0,34.0
2011-01-30,85123A,CREAM HANGING HEART T-LIGHT HOLDER,546.0,1542.3000000000002,3.3900952380952383,46.0,40.0
2011-02-06,85123A,CREAM HANGING HEART T-LIGHT HOLDER,588.0,1616.72,3.208213151927438,48.0,41.0
2011-02-13,85123A,CREAM HANGING HEART T-LIGHT HOLDER,517.0,1392.59,3.145578231292517,31.0,27.0
2011-02-20,85123A,CREAM HANGING HEART T-LIGHT HOLDER,365.0,1000.8299999999999,3.1837414965986395,25.0,23.0
2011-02-27,85123A,CREAM HANGING HEART T-LIGHT HOLDER,401.0,1119.63,3.089714285714286,37.0,30.0
2011-03-06,85123A,CREAM HANGING HEART T-LIGHT HOLDER,380.0,1084.0,3.0661904761904766,42.0,37.0
2011-03-13,85123A,CREAM HANGING HEART T-LIGHT HOLDER,454.0,1249.82,2.9693650793650797,35.0,32.0
2011-03-20,85123A,CREAM HANGING HEART T-LIGHT HOLDER,464.0,1264.96,3.0024386724386725,42.0,38.0
2011-03-27,85123A,CREAM HANGING HEART T-LIGHT HOLDER,365.0,1076.67,3.2872277880849308,47.0,40.0
2011-04-03,85123A,CREAM HANGING HEART T-LIGHT HOLDER,582.0,1602.74,3.0677581941867658,45.0,41.0
2011-04-10,85123A,CREAM HANGING HEART T-LIGHT HOLDER,374.0,1073.42,3.106281179138322,42.0,39.0
2011-04-17,85123A,CREAM HANGING HEART T-LIGHT HOLDER,474.0,1295.9,2.906050298907442,40.0,40.0
2011-04-24,85123A,CREAM HANGING HEART T-LIGHT HOLDER,2422.0,6087.56,3.325129363390233,50.0,38.0
2011-05-01,85123A,CREAM HANGING HEART T-LIGHT HOLDER,375.0,1028.01,3.0321748093176666,28.0,23.0
2011-05-08,85123A,CREAM HANGING HEART T-LIGHT HOLDER,1144.0,3057.6,3.1519627594627595,58.0,53.0
2011-05-15,85123A,CREAM HANGING HEART T-LIGHT HOLDER,892.0,2503.6000000000004,3.1892925170068027,62.0,49.0
2011-05-22,85123A,CREAM HANGING HEART T-LIGHT HOLDER,794.0,2228.46,3.0593333333333335,62.0,50.0
2011-05-29,85123A,CREAM HANGING HEART T-LIGHT HOLDER,1026.0,3154.66,2.9747976190476195,40.0,36.0
2011-06-05,85123A,CREAM HANGING HEART T-LIGHT HOLDER,629.0,1691.1100000000001,3.183095238095238,34.0,29.0
2011-06-12,85123A,CREAM HANGING HEART T-LIGHT HOLDER,390.0,1085.9,3.2586712018140593,38.0,33.0
2011-06-19,85123A,CREAM HANGING HEART T-LIGHT HOLDER,391.0,1066.9299999999998,3.226857142857143,34.0,29.0
2011-06-26,85123A,CREAM HANGING HEART T-LIGHT HOLDER,236.0,744.44,3.191948051948052,25.0,21.0
2011-07-03,85123A,CREAM HANGING HEART T-LIGHT HOLDER,258.0,722.7,2.923809523809524,28.0,27.0
2011-07-10,85123A,CREAM HANGING HEART T-LIGHT HOLDER,264.0,759.6,3.928938775510204,26.0,18.0
2011-07-17,85123A,CREAM HANGING HEART T-LIGHT HOLDER,1198.0,3266.5,3.1956282051282052,46.0,41.0
2011-07-24,85123A,CREAM HANGING HEART T-LIGHT HOLDER,729.0,2016.9899999999998,3.391179138321996,48.0,38.0
2011-07-31,85123A,CREAM HANGING HEART T-LIGHT HOLDER,780.0,2418.84,3.39031179138322,40.0,34.0
2011-08-07,85123A,CREAM HANGING HEART T-LIGHT HOLDER,441.0,1246.8700000000001,3.1027437641723354,39.0,36.0
2011-08-14,85123A,CREAM HANGING HEART T-LIGHT HOLDER,477.0,1325.31,3.032095238095238,35.0,33.0
2011-08-21,85123A,CREAM HANGING HEART T-LIGHT HOLDER,297.0,815.83,2.9777551020408164,27.0,25.0
2011-08-28,85123A,CREAM HANGING HEART T-LIGHT HOLDER,775.0,2054.09,2.974693877551021,33.0,30.0
2011-09-04,85123A,CREAM HANGING HEART T-LIGHT HOLDER,396.0,1096.24,3.435619047619048,33.0,21.0
2011-09-11,85123A,CREAM HANGING HEART T-LIGHT HOLDER,449.0,1285.1100000000001,3.290349206349206,37.0,31.0
2011-09-18,85123A,CREAM HANGING HEART T-LIGHT HOLDER,663.0,1787.9299999999998,3.296779220779221,41.0,36.0
2011-09-25,85123A,CREAM HANGING HEART T-LIGHT HOLDER,710.0,2175.26,3.480503401360544,47.0,39.0
2011-10-02,85123A,CREAM HANGING HEART T-LIGHT HOLDER,408.0,1131.8,3.1965807050092763,41.0,37.0
2011-10-09,85123A,CREAM HANGING HEART T-LIGHT HOLDER,165.0,503.7900000000001,3.4841904761904767,30.0,26.0
2011-10-16,85123A,CREAM HANGING HEART T-LIGHT HOLDER,683.0,1893.01,3.17421768707483,39.0,35.0
2011-10-23,85123A,CREAM HANGING HEART T-LIGHT HOLDER,234.0,689.94,3.278857142857143,33.0,29.0
2011-10-30,85123A,CREAM HANGING HEART T-LIGHT HOLDER,447.0,1271.33,3.3106802721088435,42.0,37.0
2011-11-06,85123A,CREAM HANGING HEART T-LIGHT HOLDER,1707.0,5266.7300000000005,3.1780230880230884,53.0,47.0
2011-11-13,85123A,CREAM HANGING HEART T-LIGHT HOLDER,594.0,1705.58,3.1732567432567436,60.0,55.0
2011-11-20,85123A,CREAM HANGING HEART T-LIGHT HOLDER,1326.0,3810.94,3.304901669758813,65.0,55.0
2011-11-27,85123A,CREAM HANGING HEART T-LIGHT HOLDER,904.0,2475.48,3.3765968951683236,60.0,51.0
2011-12-04,85123A,CREAM HANGING HEART T-LIGHT HOLDER,731.0,1988.49,3.314915750915751,55.0,45.0
